Price,Close,High,Low,Open,Volume
Ticker,CT=F,CT=F,CT=F,CT=F,CT=F
Datetime,,,,,
2022-11-03 04:00:00+00:00,80.12000274658203,80.18000030517578,78.38999938964844,78.4000015258789,0
2022-11-03 05:00:00+00:00,79.97000122070312,80.18000030517578,78.61000061035156,80.1500015258789,180
2022-11-03 06:00:00+00:00,79.86000061035156,80.0,78.54000091552734,79.86000061035156,236
2022-11-03 07:00:00+00:00,78.3499984741211,79.87999725341797,78.16000366210938,79.80999755859375,0
2022-11-03 08:00:00+00:00,79.06999969482422,79.6500015258789,77.7699966430664,79.55999755859375,2564
2022-11-03 09:00:00+00:00,78.94999694824219,79.30000305175781,77.58999633789062,79.05999755859375,395
2022-11-03 10:00:00+00:00,78.66999816894531,79.04000091552734,76.9000015258789,78.91999816894531,859
2022-11-03 11:00:00+00:00,78.13999938964844,78.69000244140625,76.63999938964844,77.37000274658203,1110
2022-11-03 12:00:00+00:00,78.23999786376953,79.2699966430664,76.87000274658203,78.13999938964844,0
2022-11-03 13:00:00+00:00,80.0,80.75,77.9000015258789,79.19999694824219,8409
2022-11-03 14:00:00+00:00,82.80000305175781,83.0,78.91999816894531,79.9800033569336,8962
2022-11-03 15:00:00+00:00,82.55999755859375,83.0,81.04000091552734,82.80000305175781,6024
2022-11-03 16:00:00+00:00,82.70999908447266,82.87999725341797,81.11000061035156,82.52999877929688,3412
2022-11-03 17:00:00+00:00,83.0,83.0,81.37000274658203,82.72000122070312,2988
2022-11-03 18:00:00+00:00,82.31999969482422,83.0,82.02999877929688,82.13999938964844,0
2022-11-04 01:00:00+00:00,82.4800033569336,83.88999938964844,79.4000015258789,83.44999694824219,0
2022-11-04 02:00:00+00:00,82.58000183105469,82.66999816894531,80.77999877929688,80.83999633789062,98
2022-11-04 03:00:00+00:00,80.98999786376953,82.68000030517578,80.58000183105469,82.58000183105469,0
2022-11-04 04:00:00+00:00,83.23999786376953,83.30000305175781,80.70999908447266,82.5,370
2022-11-04 05:00:00+00:00,81.44999694824219,83.83000183105469,81.44999694824219,83.23999786376953,172
2022-11-04 06:00:00+00:00,83.58999633789062,83.58999633789062,81.37999725341797,81.45999908447266,374
2022-11-04 07:00:00+00:00,81.61000061035156,83.68000030517578,81.43000030517578,83.56999969482422,0
2022-11-04 08:00:00+00:00,82.5999984741211,84.3499984741211,81.5,83.16999816894531,779
2022-11-04 09:00:00+00:00,86.4000015258789,86.4000015258789,82.58999633789062,84.30000305175781,1145
2022-11-04 10:00:00+00:00,86.0,87.69999694824219,84.5999984741211,86.37000274658203,1441
2022-11-04 11:00:00+00:00,84.7300033569336,87.62000274658203,84.7300033569336,85.98999786376953,415
2022-11-04 12:00:00+00:00,85.88999938964844,87.19000244140625,83.08999633789062,84.80000305175781,4006
2022-11-04 13:00:00+00:00,87.08000183105469,87.19000244140625,83.9000015258789,85.8499984741211,3130
2022-11-04 14:00:00+00:00,87.55000305175781,87.87000274658203,85.18000030517578,87.05999755859375,5356
2022-11-04 15:00:00+00:00,85.44000244140625,87.7300033569336,85.18000030517578,85.76000213623047,0
2022-11-04 16:00:00+00:00,85.91999816894531,87.7300033569336,85.30000305175781,85.4800033569336,2500
2022-11-04 17:00:00+00:00,87.04000091552734,87.72000122070312,85.25,87.33000183105469,10883
2022-11-04 18:00:00+00:00,87.05000305175781,87.30000305175781,84.91000366210938,87.06999969482422,5558
2022-11-07 02:00:00+00:00,85.3499984741211,86.36000061035156,83.55000305175781,84.9000015258789,625
2022-11-07 03:00:00+00:00,85.25,85.81999969482422,83.86000061035156,84.0,0
2022-11-07 04:00:00+00:00,85.94999694824219,85.94999694824219,83.86000061035156,83.86000061035156,269
2022-11-07 05:00:00+00:00,84.05000305175781,86.55000305175781,84.05000305175781,86.12999725341797,0
2022-11-07 06:00:00+00:00,85.55000305175781,85.83999633789062,83.9000015258789,84.0,464
2022-11-07 07:00:00+00:00,83.4800033569336,85.58999633789062,83.44999694824219,85.55000305175781,0
2022-11-07 08:00:00+00:00,84.16000366210938,85.9800033569336,83.31999969482422,83.41999816894531,229
2022-11-07 09:00:00+00:00,85.23999786376953,85.8499984741211,83.43000030517578,85.76000213623047,416
2022-11-07 10:00:00+00:00,85.80000305175781,86.0,83.66000366210938,83.66000366210938,7186
2022-11-07 11:00:00+00:00,84.05999755859375,85.87999725341797,83.94000244140625,85.76000213623047,200
2022-11-07 12:00:00+00:00,86.12000274658203,86.43000030517578,84.0999984741211,85.62000274658203,2525
2022-11-07 13:00:00+00:00,86.86000061035156,87.0,84.44000244140625,86.13999938964844,2285
2022-11-07 14:00:00+00:00,83.91000366210938,88.25,83.48999786376953,85.08000183105469,0
2022-11-07 15:00:00+00:00,85.0999984741211,87.16000366210938,83.91999816894531,85.62000274658203,2146
2022-11-07 16:00:00+00:00,85.73999786376953,87.70999908447266,84.91000366210938,86.7699966430664,1724
2022-11-07 17:00:00+00:00,87.4000015258789,87.75,85.58000183105469,87.48999786376953,15136
2022-11-07 18:00:00+00:00,87.36000061035156,87.58000183105469,85.43000030517578,87.44999694824219,3395
2022-11-07 19:00:00+00:00,87.44000244140625,87.5999984741211,85.66000366210938,85.88999938964844,4312
2022-11-08 02:00:00+00:00,86.61000061035156,87.45999908447266,84.56999969482422,85.3499984741211,0
2022-11-08 03:00:00+00:00,86.91999816894531,86.91999816894531,84.83999633789062,86.5999984741211,62
2022-11-08 04:00:00+00:00,86.86000061035156,86.86000061035156,84.91999816894531,86.8499984741211,122
2022-11-08 05:00:00+00:00,86.87000274658203,86.95999908447266,85.05000305175781,86.83000183105469,0
2022-11-08 06:00:00+00:00,86.87000274658203,87.05000305175781,85.05000305175781,85.0999984741211,196
2022-11-08 07:00:00+00:00,86.55999755859375,86.88999938964844,85.0,86.88999938964844,88
2022-11-08 08:00:00+00:00,86.70999908447266,86.94999694824219,84.87000274658203,86.58999633789062,148
2022-11-08 09:00:00+00:00,85.26000213623047,86.9800033569336,85.01000213623047,85.01000213623047,0
2022-11-08 10:00:00+00:00,86.76000213623047,87.19000244140625,84.97000122070312,85.31999969482422,716
2022-11-08 11:00:00+00:00,86.80999755859375,87.0,84.98999786376953,85.0,275
2022-11-08 12:00:00+00:00,87.58000183105469,87.7699966430664,85.11000061035156,86.86000061035156,418
2022-11-08 13:00:00+00:00,85.87999725341797,88.44999694824219,85.68000030517578,87.58999633789062,1648
2022-11-08 14:00:00+00:00,88.19999694824219,88.73999786376953,85.63999938964844,87.80000305175781,2886
2022-11-08 15:00:00+00:00,88.55000305175781,89.0,85.68000030517578,88.1500015258789,2775
2022-11-08 16:00:00+00:00,86.77999877929688,89.30999755859375,86.56999969482422,88.52999877929688,2710
2022-11-08 17:00:00+00:00,88.69000244140625,88.80000305175781,86.45999908447266,88.70999908447266,3607
2022-11-08 18:00:00+00:00,87.94000244140625,88.7300033569336,85.9000015258789,88.70999908447266,2731
2022-11-08 19:00:00+00:00,87.91000366210938,87.91999816894531,85.62000274658203,87.87000274658203,3091
2022-11-09 02:00:00+00:00,85.08999633789062,87.72000122070312,85.0,85.4800033569336,0
2022-11-09 03:00:00+00:00,85.08999633789062,87.23999786376953,84.8499984741211,87.06999969482422,109
2022-11-09 04:00:00+00:00,85.0,87.0199966430664,84.88999938964844,85.05000305175781,77
2022-11-09 05:00:00+00:00,84.62000274658203,87.18000030517578,84.5999984741211,86.83999633789062,152
2022-11-09 06:00:00+00:00,84.80000305175781,86.93000030517578,84.69999694824219,86.70999908447266,79
2022-11-09 07:00:00+00:00,86.70999908447266,86.80000305175781,84.75,84.75,0
2022-11-09 08:00:00+00:00,86.4000015258789,86.94999694824219,84.51000213623047,84.79000091552734,1047
2022-11-09 09:00:00+00:00,86.38999938964844,86.6500015258789,84.4000015258789,86.43000030517578,308
2022-11-09 10:00:00+00:00,84.88999938964844,86.7699966430664,84.51000213623047,86.5,165
2022-11-09 11:00:00+00:00,86.72000122070312,86.81999969482422,84.7699966430664,86.6500015258789,146
2022-11-09 12:00:00+00:00,85.22000122070312,87.16999816894531,84.66999816894531,86.7300033569336,446
2022-11-09 13:00:00+00:00,87.69999694824219,87.9000015258789,85.30000305175781,85.30000305175781,2481
2022-11-09 14:00:00+00:00,86.38999938964844,88.69999694824219,85.76000213623047,85.81999969482422,3153
2022-11-09 15:00:00+00:00,85.73999786376953,88.75,85.44999694824219,86.4000015258789,2979
2022-11-09 16:00:00+00:00,86.37000274658203,88.2300033569336,85.55999755859375,85.75,1894
2022-11-09 17:00:00+00:00,86.2300033569336,88.27999877929688,82.56999969482422,86.16000366210938,6019
2022-11-09 18:00:00+00:00,84.31999969482422,86.66000366210938,84.12000274658203,86.26000213623047,729
2022-11-09 19:00:00+00:00,86.4800033569336,86.5999984741211,84.0999984741211,84.3499984741211,0
2022-11-10 02:00:00+00:00,84.69999694824219,86.69999694824219,84.1500015258789,86.48999786376953,513
2022-11-10 03:00:00+00:00,86.5,86.6500015258789,84.55000305175781,84.77999877929688,0
2022-11-10 04:00:00+00:00,84.66000366210938,86.55999755859375,84.54000091552734,86.5,153
2022-11-10 05:00:00+00:00,86.61000061035156,86.93000030517578,84.62999725341797,86.61000061035156,13
2022-11-10 06:00:00+00:00,86.4800033569336,86.87000274658203,84.16000366210938,86.51000213623047,110
2022-11-10 07:00:00+00:00,86.4000015258789,86.41999816894531,84.41000366210938,84.44000244140625,96
2022-11-10 08:00:00+00:00,84.4000015258789,86.48999786376953,84.30999755859375,86.3499984741211,277
2022-11-10 09:00:00+00:00,86.22000122070312,86.33999633789062,84.13999938964844,84.4000015258789,110
2022-11-10 10:00:00+00:00,83.62999725341797,86.25,83.44999694824219,86.25,449
2022-11-10 11:00:00+00:00,83.88999938964844,85.70999908447266,83.20999908447266,83.62999725341797,230
2022-11-10 12:00:00+00:00,84.97000122070312,85.75,83.12999725341797,83.81999969482422,256
2022-11-10 13:00:00+00:00,86.19999694824219,87.41999816894531,83.19000244140625,83.19000244140625,1974
2022-11-10 14:00:00+00:00,85.75,86.2699966430664,83.5999984741211,84.30000305175781,3923
2022-11-10 15:00:00+00:00,84.45999908447266,87.44000244140625,83.77999877929688,85.80000305175781,803
2022-11-10 16:00:00+00:00,84.5999984741211,86.45999908447266,84.0,84.43000030517578,1559
2022-11-10 17:00:00+00:00,86.25,86.70999908447266,84.30000305175781,84.6500015258789,3670
2022-11-10 18:00:00+00:00,86.76000213623047,86.7699966430664,84.19999694824219,84.30000305175781,1686
2022-11-10 19:00:00+00:00,84.7300033569336,86.7699966430664,84.48999786376953,86.76000213623047,1894
2022-11-11 02:00:00+00:00,86.69999694824219,87.0,84.55000305175781,86.5199966430664,0
2022-11-11 03:00:00+00:00,84.62000274658203,86.6500015258789,84.54000091552734,86.62000274658203,44
2022-11-11 04:00:00+00:00,84.7300033569336,86.51000213623047,84.54000091552734,86.44000244140625,0
2022-11-11 05:00:00+00:00,85.3499984741211,87.18000030517578,84.69000244140625,84.69000244140625,89
2022-11-11 06:00:00+00:00,85.6500015258789,87.5,85.01000213623047,87.18000030517578,252
2022-11-11 07:00:00+00:00,87.62000274658203,87.94999694824219,85.54000091552734,87.5,168
2022-11-11 08:00:00+00:00,86.04000091552734,87.94999694824219,85.51000213623047,85.77999877929688,153
2022-11-11 09:00:00+00:00,85.6500015258789,87.77999877929688,85.3499984741211,87.77999877929688,364
2022-11-11 10:00:00+00:00,85.75,88.0,85.51000213623047,85.80000305175781,270
2022-11-11 11:00:00+00:00,85.8499984741211,87.73999786376953,85.62000274658203,87.58000183105469,447
2022-11-11 12:00:00+00:00,85.87999725341797,87.75,85.69999694824219,85.83000183105469,330
2022-11-11 13:00:00+00:00,85.86000061035156,88.0,85.62999725341797,85.83999633789062,1897
2022-11-11 14:00:00+00:00,87.80000305175781,88.05000305175781,85.51000213623047,85.86000061035156,2228
2022-11-11 15:00:00+00:00,86.68000030517578,88.69999694824219,85.75,87.7699966430664,3802
2022-11-11 16:00:00+00:00,85.81999969482422,88.75,85.80000305175781,86.72000122070312,1962
2022-11-11 17:00:00+00:00,85.93000030517578,88.0,85.75,85.83999633789062,289
2022-11-11 18:00:00+00:00,85.83000183105469,88.16999816894531,85.70999908447266,85.91000366210938,3618
2022-11-11 19:00:00+00:00,87.98999786376953,88.33000183105469,85.7699966430664,87.66999816894531,3663
2022-11-14 02:00:00+00:00,86.1500015258789,88.4000015258789,85.80000305175781,86.5,334
2022-11-14 03:00:00+00:00,85.88999938964844,88.0999984741211,85.79000091552734,88.0999984741211,179
2022-11-14 04:00:00+00:00,85.83000183105469,87.76000213623047,85.7300033569336,85.87000274658203,94
2022-11-14 05:00:00+00:00,85.55999755859375,87.69000244140625,85.52999877929688,85.87999725341797,66
2022-11-14 06:00:00+00:00,84.8499984741211,87.33000183105469,84.76000213623047,85.58000183105469,0
2022-11-14 07:00:00+00:00,85.08000183105469,87.02999877929688,84.68000030517578,84.87999725341797,658
2022-11-14 08:00:00+00:00,85.02999877929688,87.16000366210938,84.91999816894531,86.9800033569336,155
2022-11-14 09:00:00+00:00,84.19999694824219,86.87999725341797,83.8499984741211,85.0,0
2022-11-14 10:00:00+00:00,83.95999908447266,86.05000305175781,83.77999877929688,84.12000274658203,1366
2022-11-14 11:00:00+00:00,84.25,86.27999877929688,83.75,84.01000213623047,283
2022-11-14 12:00:00+00:00,86.45999908447266,86.52999877929688,84.0,86.37000274658203,0
2022-11-14 13:00:00+00:00,83.8499984741211,86.44999694824219,83.38999938964844,84.44000244140625,3905
2022-11-14 14:00:00+00:00,83.98999786376953,86.0999984741211,83.33000183105469,85.91000366210938,1832
2022-11-14 15:00:00+00:00,84.9000015258789,86.83000183105469,83.6500015258789,83.9800033569336,3783
2022-11-14 16:00:00+00:00,85.81999969482422,87.06999969482422,84.02999877929688,84.9000015258789,3959
2022-11-14 17:00:00+00:00,85.33999633789062,85.9800033569336,83.52999877929688,84.19000244140625,0
2022-11-14 18:00:00+00:00,83.80000305175781,85.5,83.5999984741211,85.33999633789062,7496
2022-11-14 19:00:00+00:00,83.55999755859375,85.6500015258789,83.45999908447266,83.81999969482422,3072
2022-11-15 02:00:00+00:00,84.37999725341797,86.22000122070312,83.44000244140625,85.3499984741211,0
2022-11-15 03:00:00+00:00,84.1500015258789,86.06999969482422,83.98999786376953,84.36000061035156,114
2022-11-15 04:00:00+00:00,85.88999938964844,85.9000015258789,84.13999938964844,84.18000030517578,10
2022-11-15 05:00:00+00:00,85.45999908447266,85.77999877929688,83.69999694824219,84.19000244140625,0
2022-11-15 06:00:00+00:00,84.1500015258789,85.8499984741211,83.77999877929688,83.80000305175781,593
2022-11-15 07:00:00+00:00,84.47000122070312,86.33000183105469,84.18000030517578,84.18000030517578,154
2022-11-15 08:00:00+00:00,84.41999816894531,86.27999877929688,84.22000122070312,84.4000015258789,133
2022-11-15 09:00:00+00:00,86.08999633789062,86.25,84.01000213623047,84.44999694824219,0
2022-11-15 10:00:00+00:00,84.5199966430664,86.1500015258789,84.29000091552734,84.36000061035156,1062
2022-11-15 11:00:00+00:00,84.76000213623047,86.5,84.5,84.52999877929688,476
2022-11-15 12:00:00+00:00,85.08000183105469,86.88999938964844,84.68000030517578,84.76000213623047,893
2022-11-15 13:00:00+00:00,85.5999984741211,87.5199966430664,84.7300033569336,85.0199966430664,3278
2022-11-15 14:00:00+00:00,87.45999908447266,88.41999816894531,85.36000061035156,87.52999877929688,0
2022-11-15 15:00:00+00:00,86.72000122070312,88.44999694824219,85.54000091552734,85.62000274658203,8076
2022-11-15 16:00:00+00:00,86.9000015258789,88.91999816894531,86.44999694824219,88.41999816894531,3519
2022-11-15 17:00:00+00:00,87.4800033569336,89.23999786376953,86.83999633789062,86.91999816894531,3576
2022-11-15 18:00:00+00:00,86.94000244140625,89.27999877929688,86.77999877929688,87.52999877929688,3270
2022-11-15 19:00:00+00:00,89.12999725341797,89.13999938964844,86.55999755859375,86.94999694824219,0
2022-11-16 02:00:00+00:00,87.1500015258789,89.33999633789062,86.97000122070312,88.80000305175781,0
2022-11-16 03:00:00+00:00,86.7699966430664,89.0199966430664,86.7699966430664,87.19999694824219,143
2022-11-16 04:00:00+00:00,86.69999694824219,88.6500015258789,86.52999877929688,86.7699966430664,71
2022-11-16 05:00:00+00:00,86.91999816894531,88.91999816894531,86.5199966430664,86.70999908447266,95
2022-11-16 06:00:00+00:00,87.01000213623047,87.05000305175781,86.93000030517578,86.93000030517578,24
2022-11-16 07:00:00+00:00,87.48999786376953,89.38999938964844,86.95999908447266,87.0,0
2022-11-16 08:00:00+00:00,88.76000213623047,90.76000213623047,87.44999694824219,87.52999877929688,1589
2022-11-16 09:00:00+00:00,89.87000274658203,91.8499984741211,88.75,88.79000091552734,1272
2022-11-16 10:00:00+00:00,88.95999908447266,91.69999694824219,88.8499984741211,89.8499984741211,882
2022-11-16 11:00:00+00:00,88.27999877929688,91.06999969482422,88.22000122070312,89.01000213623047,420
2022-11-16 12:00:00+00:00,90.5,90.55000305175781,88.16999816894531,88.27999877929688,0
2022-11-16 13:00:00+00:00,86.94999694824219,90.55999755859375,86.80000305175781,88.41999816894531,5441
2022-11-16 14:00:00+00:00,88.06999969482422,90.2300033569336,86.75,86.93000030517578,3094
2022-11-16 15:00:00+00:00,88.70999908447266,90.20999908447266,86.81999969482422,88.05999755859375,0
2022-11-16 16:00:00+00:00,89.52999877929688,89.69999694824219,86.75,88.69000244140625,637
2022-11-16 17:00:00+00:00,89.37999725341797,89.55000305175781,87.33000183105469,89.4800033569336,1221
2022-11-16 18:00:00+00:00,86.56999969482422,89.45999908447266,86.55000305175781,87.66999816894531,13349
2022-11-16 19:00:00+00:00,86.76000213623047,88.56999969482422,86.0,86.5999984741211,3091
2022-11-17 02:00:00+00:00,86.31999969482422,88.56999969482422,86.0,88.06999969482422,0
2022-11-17 03:00:00+00:00,86.13999938964844,87.95999908447266,86.0,86.29000091552734,96
2022-11-17 04:00:00+00:00,86.13999938964844,87.9000015258789,86.0999984741211,86.13999938964844,97
2022-11-17 05:00:00+00:00,88.2300033569336,88.25,86.08999633789062,87.79000091552734,0
2022-11-17 06:00:00+00:00,87.83999633789062,88.0999984741211,86.16999816894531,86.4000015258789,55
2022-11-17 07:00:00+00:00,86.98999786376953,88.41000366210938,86.23999786376953,86.23999786376953,878
2022-11-17 08:00:00+00:00,86.4000015258789,88.81999969482422,86.4000015258789,86.98999786376953,251
2022-11-17 09:00:00+00:00,87.29000091552734,88.06999969482422,85.58999633789062,86.4000015258789,0
2022-11-17 10:00:00+00:00,85.43000030517578,87.51000213623047,85.36000061035156,85.62999725341797,1725
2022-11-17 11:00:00+00:00,85.63999938964844,87.33000183105469,85.36000061035156,85.45999908447266,87
2022-11-17 12:00:00+00:00,84.8499984741211,87.3499984741211,84.76000213623047,85.52999877929688,545
2022-11-17 13:00:00+00:00,84.2699966430664,87.26000213623047,83.83999633789062,84.81999969482422,2652
2022-11-17 14:00:00+00:00,84.72000122070312,86.61000061035156,84.0,84.2699966430664,1491
2022-11-17 15:00:00+00:00,86.13999938964844,87.45999908447266,84.25,84.69000244140625,0
2022-11-17 16:00:00+00:00,86.95999908447266,87.01000213623047,84.25,86.19000244140625,787
2022-11-17 17:00:00+00:00,85.30999755859375,87.33999633789062,84.87000274658203,86.95999908447266,8695
2022-11-17 18:00:00+00:00,85.4800033569336,87.91999816894531,85.18000030517578,85.30999755859375,1657
2022-11-17 19:00:00+00:00,84.9000015258789,87.44999694824219,84.80000305175781,85.4800033569336,2106
2022-11-18 02:00:00+00:00,84.5999984741211,87.04000091552734,84.55999755859375,87.04000091552734,0
2022-11-18 03:00:00+00:00,84.8499984741211,86.68000030517578,84.56999969482422,84.56999969482422,391
2022-11-18 04:00:00+00:00,84.69999694824219,84.69999694824219,84.62999725341797,84.62999725341797,4
2022-11-18 05:00:00+00:00,84.83000183105469,86.70999908447266,84.70999908447266,86.70999908447266,6
2022-11-18 06:00:00+00:00,84.51000213623047,86.8499984741211,84.43000030517578,84.7699966430664,91
2022-11-18 07:00:00+00:00,84.79000091552734,86.48999786376953,84.27999877929688,84.48999786376953,132
2022-11-18 08:00:00+00:00,84.47000122070312,86.61000061035156,84.31999969482422,84.7699966430664,143
2022-11-18 09:00:00+00:00,84.5999984741211,86.55000305175781,84.41999816894531,84.41999816894531,158
2022-11-18 10:00:00+00:00,84.5999984741211,86.5,84.4000015258789,84.52999877929688,247
2022-11-18 11:00:00+00:00,84.4800033569336,86.45999908447266,84.4000015258789,84.55999755859375,108
2022-11-18 12:00:00+00:00,84.98999786376953,87.04000091552734,84.47000122070312,84.5,632
2022-11-18 13:00:00+00:00,84.58000183105469,87.12999725341797,84.55999755859375,84.94999694824219,1131
2022-11-18 14:00:00+00:00,83.2300033569336,86.4800033569336,82.1500015258789,86.4800033569336,4506
2022-11-18 15:00:00+00:00,82.9800033569336,85.3499984741211,82.5199966430664,85.3499984741211,2763
2022-11-18 16:00:00+00:00,84.5199966430664,86.19999694824219,83.05999755859375,83.08000183105469,3113
2022-11-18 17:00:00+00:00,84.3499984741211,86.19000244140625,83.95999908447266,84.5199966430664,1398
2022-11-18 18:00:00+00:00,83.79000091552734,86.0,83.77999877929688,86.0,2258
2022-11-18 19:00:00+00:00,83.62000274658203,85.44999694824219,83.55000305175781,83.77999877929688,1844
2022-11-21 02:00:00+00:00,82.30000305175781,84.98999786376953,82.2300033569336,84.98999786376953,435
2022-11-21 03:00:00+00:00,81.56999969482422,84.11000061035156,81.4000015258789,82.26000213623047,553
2022-11-21 04:00:00+00:00,81.9800033569336,84.0,81.52999877929688,81.52999877929688,117
2022-11-21 05:00:00+00:00,82.12999725341797,82.12999725341797,81.88999938964844,81.9000015258789,27
2022-11-21 06:00:00+00:00,81.79000091552734,84.0199966430664,81.7699966430664,82.12999725341797,98
2022-11-21 07:00:00+00:00,81.87000274658203,83.58000183105469,81.62000274658203,81.7300033569336,208
2022-11-21 08:00:00+00:00,81.45999908447266,83.77999877929688,81.45999908447266,81.8499984741211,168
2022-11-21 09:00:00+00:00,81.0,83.19999694824219,80.8499984741211,81.45999908447266,381
2022-11-21 10:00:00+00:00,81.23999786376953,82.81999969482422,80.95999908447266,82.7699966430664,134
2022-11-21 11:00:00+00:00,81.0199966430664,82.9000015258789,80.94000244140625,81.2300033569336,176
2022-11-21 12:00:00+00:00,80.63999938964844,82.69999694824219,80.25,81.02999877929688,1062
2022-11-21 13:00:00+00:00,82.75,83.06999969482422,80.41000366210938,82.26000213623047,0
2022-11-21 14:00:00+00:00,82.33000183105469,83.06999969482422,80.27999877929688,81.16999816894531,5039
2022-11-21 15:00:00+00:00,81.2300033569336,82.44000244140625,79.77999877929688,80.94999694824219,0
2022-11-21 16:00:00+00:00,79.77999877929688,81.72000122070312,79.77999877929688,79.77999877929688,7233
2022-11-21 17:00:00+00:00,79.77999877929688,81.75,79.77999877929688,81.16000366210938,3034
2022-11-21 18:00:00+00:00,79.77999877929688,81.16999816894531,79.77999877929688,81.16000366210938,2317
2022-11-21 19:00:00+00:00,79.77999877929688,79.79000091552734,79.77999877929688,79.77999877929688,1033
2022-11-22 02:00:00+00:00,80.33999633789062,81.06999969482422,79.30000305175781,81.0,0
2022-11-22 03:00:00+00:00,81.13999938964844,81.94999694824219,80.41000366210938,80.98999786376953,632
2022-11-22 04:00:00+00:00,81.0999984741211,81.75,80.91000366210938,81.75,73
2022-11-22 05:00:00+00:00,80.5,81.75,80.44000244140625,81.75,121
2022-11-22 06:00:00+00:00,80.33000183105469,81.25,80.08999633789062,80.54000091552734,234
2022-11-22 07:00:00+00:00,80.58000183105469,80.58000183105469,80.16000366210938,80.33999633789062,83
2022-11-22 08:00:00+00:00,80.68000030517578,81.2300033569336,80.43000030517578,80.62999725341797,256
2022-11-22 09:00:00+00:00,80.87000274658203,81.62999725341797,80.62000274658203,80.62999725341797,638
2022-11-22 10:00:00+00:00,80.4800033569336,81.23999786376953,80.37999725341797,80.91000366210938,241
2022-11-22 11:00:00+00:00,80.54000091552734,81.4000015258789,80.37000274658203,80.47000122070312,267
2022-11-22 12:00:00+00:00,81.16999816894531,82.12999725341797,80.56999969482422,80.56999969482422,504
2022-11-22 13:00:00+00:00,80.95999908447266,82.0,80.51000213623047,81.20999908447266,1383
2022-11-22 14:00:00+00:00,81.47000122070312,82.0,80.25,81.44999694824219,1995
2022-11-22 15:00:00+00:00,81.41999816894531,82.22000122070312,80.47000122070312,81.44000244140625,2293
2022-11-22 16:00:00+00:00,82.43000030517578,82.6500015258789,81.26000213623047,81.44999694824219,1941
2022-11-22 17:00:00+00:00,83.54000091552734,83.9000015258789,82.22000122070312,82.44999694824219,2628
2022-11-22 18:00:00+00:00,82.11000061035156,83.93000030517578,82.11000061035156,83.55000305175781,2270
2022-11-22 19:00:00+00:00,82.16999816894531,83.94000244140625,81.8499984741211,82.16000366210938,2212
2022-11-23 02:00:00+00:00,81.72000122070312,83.56999969482422,81.5199966430664,82.19999694824219,0
2022-11-23 03:00:00+00:00,81.93000030517578,82.16999816894531,81.83000183105469,81.83000183105469,70
2022-11-23 04:00:00+00:00,81.86000061035156,82.02999877929688,81.5,81.9000015258789,39
2022-11-23 05:00:00+00:00,81.68000030517578,81.83999633789062,81.56999969482422,81.73999786376953,21
2022-11-23 06:00:00+00:00,81.86000061035156,81.86000061035156,81.37000274658203,81.5999984741211,141
2022-11-23 07:00:00+00:00,82.41999816894531,82.41999816894531,81.69999694824219,81.73999786376953,163
2022-11-23 08:00:00+00:00,82.1500015258789,82.4800033569336,82.1500015258789,82.41999816894531,117
2022-11-23 09:00:00+00:00,82.2300033569336,82.2300033569336,82.05999755859375,82.1500015258789,33
2022-11-23 10:00:00+00:00,81.88999938964844,82.19000244140625,81.83000183105469,82.19000244140625,86
2022-11-23 11:00:00+00:00,81.58999633789062,82.05000305175781,81.54000091552734,81.91999816894531,203
2022-11-23 12:00:00+00:00,80.80000305175781,82.5,80.75,81.5999984741211,485
2022-11-23 13:00:00+00:00,80.91000366210938,82.06999969482422,80.33000183105469,80.86000061035156,1018
2022-11-23 14:00:00+00:00,81.6500015258789,82.5999984741211,80.83999633789062,80.8499984741211,1048
2022-11-23 15:00:00+00:00,82.26000213623047,83.0,81.55999755859375,81.69999694824219,995
2022-11-23 16:00:00+00:00,82.69000244140625,84.0199966430664,82.33000183105469,82.33000183105469,489
2022-11-23 17:00:00+00:00,83.0,83.12000274658203,82.63999938964844,82.69000244140625,706
2022-11-23 18:00:00+00:00,82.81999969482422,83.18000030517578,82.80000305175781,82.98999786376953,550
2022-11-23 19:00:00+00:00,82.93000030517578,83.05000305175781,82.80000305175781,82.86000061035156,880
2022-11-25 14:30:00+00:00,82.95999908447266,83.44000244140625,82.5999984741211,82.68000030517578,940
2022-11-25 15:30:00+00:00,81.9000015258789,83.1500015258789,81.43000030517578,82.93000030517578,1754
2022-11-25 16:30:00+00:00,81.19999694824219,81.94000244140625,81.06999969482422,81.83999633789062,996
2022-11-25 17:30:00+00:00,80.83000183105469,81.29000091552734,80.41000366210938,81.19999694824219,1674
2022-11-28 02:00:00+00:00,80.20999908447266,81.86000061035156,79.0,80.16999816894531,518
2022-11-28 03:00:00+00:00,79.66000366210938,80.27999877929688,79.66000366210938,80.19999694824219,93
2022-11-28 04:00:00+00:00,79.55999755859375,79.70999908447266,79.5,79.5999984741211,52
2022-11-28 05:00:00+00:00,79.27999877929688,80.86000061035156,79.0999984741211,79.55000305175781,100
2022-11-28 06:00:00+00:00,79.19000244140625,79.30000305175781,78.7300033569336,79.29000091552734,381
2022-11-28 07:00:00+00:00,78.9000015258789,79.12000274658203,78.30000305175781,79.12000274658203,368
2022-11-28 08:00:00+00:00,78.76000213623047,79.04000091552734,78.5,78.79000091552734,163
2022-11-28 09:00:00+00:00,78.19999694824219,78.62000274658203,78.0999984741211,78.62000274658203,658
2022-11-28 10:00:00+00:00,77.95999908447266,78.45999908447266,77.83000183105469,78.23999786376953,832
2022-11-28 11:00:00+00:00,78.70999908447266,78.98999786376953,77.81999969482422,77.9000015258789,379
2022-11-28 12:00:00+00:00,78.58999633789062,78.98999786376953,78.43000030517578,78.7699966430664,310
2022-11-28 13:00:00+00:00,78.1500015258789,79.98999786376953,78.05000305175781,78.55000305175781,1309
2022-11-28 14:00:00+00:00,78.55999755859375,78.88999938964844,77.5,78.0999984741211,1990
2022-11-28 15:00:00+00:00,78.08999633789062,80.05000305175781,77.76000213623047,78.62999725341797,2148
2022-11-28 16:00:00+00:00,79.05999755859375,79.5,78.0199966430664,78.0199966430664,1606
2022-11-28 17:00:00+00:00,79.66000366210938,80.3499984741211,78.76000213623047,79.08000183105469,2328
2022-11-28 18:00:00+00:00,78.77999877929688,79.75,78.47000122070312,79.62999725341797,1121
2022-11-28 19:00:00+00:00,78.77999877929688,79.72000122070312,78.69999694824219,78.79000091552734,1718
2022-11-29 02:00:00+00:00,79.3499984741211,79.5999984741211,79.0,79.0,0
2022-11-29 03:00:00+00:00,79.8499984741211,79.9800033569336,79.41000366210938,79.43000030517578,104
2022-11-29 04:00:00+00:00,79.87999725341797,79.93000030517578,79.6500015258789,79.93000030517578,50
2022-11-29 05:00:00+00:00,79.94000244140625,80.19999694824219,79.62000274658203,79.86000061035156,242
2022-11-29 06:00:00+00:00,79.69000244140625,79.87999725341797,79.5,79.87000274658203,251
2022-11-29 07:00:00+00:00,79.87000274658203,80.04000091552734,79.55000305175781,79.79000091552734,190
2022-11-29 08:00:00+00:00,80.20999908447266,80.2300033569336,79.7300033569336,79.79000091552734,137
2022-11-29 09:00:00+00:00,80.52999877929688,81.04000091552734,80.02999877929688,80.25,426
2022-11-29 10:00:00+00:00,81.22000122070312,81.26000213623047,80.5199966430664,80.5199966430664,157
2022-11-29 11:00:00+00:00,80.77999877929688,81.18000030517578,80.7300033569336,81.18000030517578,168
2022-11-29 12:00:00+00:00,81.0999984741211,81.18000030517578,80.79000091552734,80.80000305175781,378
2022-11-29 13:00:00+00:00,80.5999984741211,81.12000274658203,80.0999984741211,81.11000061035156,752
2022-11-29 14:00:00+00:00,79.88999938964844,80.79000091552734,79.70999908447266,80.55000305175781,1783
2022-11-29 15:00:00+00:00,80.02999877929688,80.45999908447266,79.7699966430664,79.94000244140625,1453
2022-11-29 16:00:00+00:00,79.37000274658203,80.80000305175781,78.94999694824219,80.05000305175781,1701
2022-11-29 17:00:00+00:00,79.83000183105469,79.9000015258789,79.25,79.37000274658203,502
2022-11-29 18:00:00+00:00,80.30999755859375,80.30999755859375,79.73999786376953,79.79000091552734,573
2022-11-29 19:00:00+00:00,80.66999816894531,80.69000244140625,80.04000091552734,80.27999877929688,1868
2022-11-30 02:00:00+00:00,80.3499984741211,80.87000274658203,80.05000305175781,80.61000061035156,0
2022-11-30 03:00:00+00:00,80.41999816894531,80.44000244140625,80.30999755859375,80.4000015258789,35
2022-11-30 04:00:00+00:00,80.16000366210938,80.44000244140625,80.16000366210938,80.4000015258789,26
2022-11-30 05:00:00+00:00,80.02999877929688,80.2300033569336,79.97000122070312,80.2300033569336,44
2022-11-30 06:00:00+00:00,80.18000030517578,80.18000030517578,79.87999725341797,80.04000091552734,48
2022-11-30 07:00:00+00:00,80.69000244140625,80.75,80.12000274658203,80.12000274658203,135
2022-11-30 08:00:00+00:00,80.94999694824219,80.94999694824219,80.51000213623047,80.69000244140625,171
2022-11-30 09:00:00+00:00,81.36000061035156,82.0,80.83999633789062,80.9000015258789,0
2022-11-30 10:00:00+00:00,81.56999969482422,81.72000122070312,81.31999969482422,81.47000122070312,2030
2022-11-30 11:00:00+00:00,81.87000274658203,81.9000015258789,81.18000030517578,81.52999877929688,166
2022-11-30 12:00:00+00:00,82.44000244140625,83.69999694824219,81.69999694824219,81.80000305175781,741
2022-11-30 13:00:00+00:00,82.75,84.25,82.29000091552734,82.37000274658203,1502
2022-11-30 14:00:00+00:00,82.93000030517578,83.80000305175781,82.5,82.75,2397
2022-11-30 15:00:00+00:00,83.2300033569336,83.7699966430664,82.5999984741211,82.9800033569336,2587
2022-11-30 16:00:00+00:00,83.44000244140625,85.5,82.66000366210938,83.19999694824219,1579
2022-11-30 17:00:00+00:00,83.58000183105469,83.79000091552734,83.0,83.4800033569336,1539
2022-11-30 18:00:00+00:00,84.61000061035156,84.61000061035156,83.29000091552734,83.55000305175781,2235
2022-11-30 19:00:00+00:00,84.61000061035156,84.61000061035156,84.61000061035156,84.61000061035156,663
2022-12-01 02:00:00+00:00,83.93000030517578,85.30000305175781,83.51000213623047,84.76000213623047,0
2022-12-01 03:00:00+00:00,83.5199966430664,84.06999969482422,83.2300033569336,83.94999694824219,271
2022-12-01 04:00:00+00:00,83.77999877929688,83.98999786376953,83.5,83.5,63
2022-12-01 05:00:00+00:00,83.87000274658203,83.87999725341797,83.38999938964844,83.7300033569336,139
2022-12-01 06:00:00+00:00,84.45999908447266,84.61000061035156,83.5199966430664,83.86000061035156,222
2022-12-01 07:00:00+00:00,84.37000274658203,84.51000213623047,84.19000244140625,84.4800033569336,66
2022-12-01 08:00:00+00:00,85.1500015258789,85.33999633789062,84.25,84.25,230
2022-12-01 09:00:00+00:00,85.13999938964844,85.44999694824219,85.01000213623047,85.20999908447266,164
2022-12-01 10:00:00+00:00,85.36000061035156,85.41000366210938,84.91999816894531,85.1500015258789,193
2022-12-01 11:00:00+00:00,85.27999877929688,85.83999633789062,85.19999694824219,85.29000091552734,346
2022-12-01 12:00:00+00:00,85.30000305175781,85.56999969482422,85.18000030517578,85.33999633789062,310
2022-12-01 13:00:00+00:00,86.5199966430664,87.2300033569336,85.19000244140625,85.30000305175781,3269
2022-12-01 14:00:00+00:00,86.12000274658203,87.76000213623047,85.91999816894531,86.5999984741211,1923
2022-12-01 15:00:00+00:00,84.77999877929688,86.19999694824219,84.36000061035156,86.16000366210938,2907
2022-12-01 16:00:00+00:00,84.08000183105469,85.9800033569336,84.0,84.80999755859375,1700
2022-12-01 17:00:00+00:00,84.4800033569336,84.52999877929688,83.69999694824219,84.06999969482422,1352
2022-12-01 18:00:00+00:00,83.79000091552734,84.79000091552734,83.69999694824219,84.51000213623047,1332
2022-12-01 19:00:00+00:00,85.13999938964844,85.27999877929688,83.5999984741211,83.79000091552734,2972
2022-12-02 02:00:00+00:00,85.4000015258789,85.61000061035156,84.86000061035156,84.86000061035156,0
2022-12-02 03:00:00+00:00,85.41999816894531,85.5,85.31999969482422,85.47000122070312,39
2022-12-02 04:00:00+00:00,85.44000244140625,85.48999786376953,85.36000061035156,85.48999786376953,13
2022-12-02 05:00:00+00:00,85.44000244140625,85.6500015258789,85.3499984741211,85.44000244140625,39
2022-12-02 06:00:00+00:00,85.31999969482422,85.80000305175781,85.2699966430664,85.5199966430664,88
2022-12-02 07:00:00+00:00,85.62000274658203,85.62000274658203,85.31999969482422,85.31999969482422,33
2022-12-02 08:00:00+00:00,85.45999908447266,85.66999816894531,85.25,85.6500015258789,93
2022-12-02 09:00:00+00:00,85.19999694824219,85.43000030517578,85.16000366210938,85.37999725341797,73
2022-12-02 10:00:00+00:00,85.22000122070312,85.33999633789062,84.87000274658203,85.26000213623047,152
2022-12-02 11:00:00+00:00,84.18000030517578,85.19999694824219,84.11000061035156,85.19000244140625,362
2022-12-02 12:00:00+00:00,84.69999694824219,84.7300033569336,83.91999816894531,84.18000030517578,285
2022-12-02 13:00:00+00:00,83.06999969482422,84.80999755859375,82.93000030517578,84.68000030517578,1721
2022-12-02 14:00:00+00:00,83.77999877929688,84.30000305175781,82.94000244140625,83.05999755859375,1222
2022-12-02 15:00:00+00:00,83.80999755859375,84.2699966430664,83.44999694824219,83.79000091552734,1208
2022-12-02 16:00:00+00:00,83.22000122070312,83.83999633789062,83.16999816894531,83.77999877929688,1495
2022-12-02 17:00:00+00:00,82.83999633789062,83.18000030517578,82.5999984741211,83.18000030517578,1172
2022-12-02 18:00:00+00:00,82.83000183105469,83.12000274658203,82.4000015258789,82.79000091552734,1279
2022-12-02 19:00:00+00:00,83.12999725341797,83.37999725341797,82.80000305175781,82.80999755859375,1716
2022-12-05 02:00:00+00:00,83.80000305175781,85.3499984741211,83.29000091552734,83.29000091552734,670
2022-12-05 03:00:00+00:00,83.83000183105469,83.88999938964844,83.5999984741211,83.75,93
2022-12-05 04:00:00+00:00,83.79000091552734,83.98999786376953,83.79000091552734,83.91000366210938,26
2022-12-05 05:00:00+00:00,83.80000305175781,83.95999908447266,83.75,83.75,23
2022-12-05 06:00:00+00:00,83.72000122070312,83.9000015258789,83.6500015258789,83.7300033569336,94
2022-12-05 07:00:00+00:00,83.4000015258789,83.62999725341797,83.26000213623047,83.62999725341797,181
2022-12-05 08:00:00+00:00,83.73999786376953,83.83000183105469,83.16999816894531,83.36000061035156,87
2022-12-05 09:00:00+00:00,83.72000122070312,83.9000015258789,83.62000274658203,83.75,121
2022-12-05 10:00:00+00:00,83.43000030517578,83.80000305175781,83.43000030517578,83.80000305175781,49
2022-12-05 11:00:00+00:00,83.76000213623047,83.80000305175781,83.41000366210938,83.45999908447266,141
2022-12-05 12:00:00+00:00,83.83000183105469,83.86000061035156,83.43000030517578,83.86000061035156,115
2022-12-05 13:00:00+00:00,84.87000274658203,85.19000244140625,83.80000305175781,83.83999633789062,1421
2022-12-05 14:00:00+00:00,85.11000061035156,85.36000061035156,84.33999633789062,84.91000366210938,1508
2022-12-05 15:00:00+00:00,83.95999908447266,85.12000274658203,83.81999969482422,85.08999633789062,1744
2022-12-05 16:00:00+00:00,83.12999725341797,84.13999938964844,82.75,83.95999908447266,1376
2022-12-05 17:00:00+00:00,83.31999969482422,83.48999786376953,82.91999816894531,83.08999633789062,527
2022-12-05 18:00:00+00:00,83.97000122070312,84.2699966430664,83.30000305175781,83.37999725341797,1128
2022-12-05 19:00:00+00:00,83.70999908447266,84.08999633789062,83.70999908447266,83.91000366210938,1469
2022-12-06 02:00:00+00:00,84.45999908447266,84.69000244140625,83.23999786376953,83.5999984741211,0
2022-12-06 03:00:00+00:00,84.48999786376953,84.5,84.44000244140625,84.45999908447266,10
2022-12-06 04:00:00+00:00,84.33000183105469,84.43000030517578,84.31999969482422,84.43000030517578,6
2022-12-06 05:00:00+00:00,84.58000183105469,84.62000274658203,84.18000030517578,84.3499984741211,49
2022-12-06 06:00:00+00:00,84.70999908447266,84.94000244140625,84.41000366210938,84.66000366210938,178
2022-12-06 07:00:00+00:00,84.98999786376953,85.19000244140625,84.77999877929688,84.77999877929688,230
2022-12-06 08:00:00+00:00,84.80999755859375,85.19000244140625,84.43000030517578,84.9800033569336,239
2022-12-06 09:00:00+00:00,84.41999816894531,84.80999755859375,84.4000015258789,84.80999755859375,73
2022-12-06 10:00:00+00:00,84.62999725341797,84.63999938964844,84.25,84.47000122070312,101
2022-12-06 11:00:00+00:00,84.73999786376953,84.93000030517578,84.66999816894531,84.72000122070312,102
2022-12-06 12:00:00+00:00,84.94999694824219,85.08000183105469,84.6500015258789,84.69999694824219,372
2022-12-06 13:00:00+00:00,84.8499984741211,85.02999877929688,84.73999786376953,84.95999908447266,616
2022-12-06 14:00:00+00:00,84.79000091552734,86.05999755859375,84.6500015258789,84.8499984741211,1483
2022-12-06 15:00:00+00:00,85.62999725341797,86.38999938964844,84.73999786376953,84.80000305175781,2402
2022-12-06 16:00:00+00:00,84.54000091552734,85.80000305175781,84.47000122070312,85.69999694824219,1243
2022-12-06 17:00:00+00:00,83.93000030517578,84.80000305175781,83.66999816894531,84.61000061035156,1222
2022-12-06 18:00:00+00:00,84.33999633789062,84.44999694824219,83.4000015258789,83.88999938964844,1403
2022-12-06 19:00:00+00:00,84.66000366210938,84.80000305175781,84.16000366210938,84.31999969482422,0
2022-12-07 02:00:00+00:00,84.55000305175781,85.0,84.3499984741211,84.58999633789062,556
2022-12-07 03:00:00+00:00,84.5199966430664,84.5999984741211,84.4000015258789,84.55000305175781,78
2022-12-07 04:00:00+00:00,84.4800033569336,84.55000305175781,84.4000015258789,84.47000122070312,34
2022-12-07 05:00:00+00:00,84.41000366210938,84.58000183105469,84.4000015258789,84.55000305175781,121
2022-12-07 06:00:00+00:00,84.1500015258789,84.45999908447266,83.9000015258789,84.45999908447266,182
2022-12-07 07:00:00+00:00,84.08000183105469,84.26000213623047,83.91000366210938,84.19000244140625,111
2022-12-07 08:00:00+00:00,84.3499984741211,84.37000274658203,83.9000015258789,84.02999877929688,200
2022-12-07 09:00:00+00:00,83.95999908447266,84.41000366210938,83.94999694824219,84.41000366210938,155
2022-12-07 10:00:00+00:00,84.33999633789062,84.4800033569336,84.05000305175781,84.06999969482422,152
2022-12-07 11:00:00+00:00,84.31999969482422,84.62000274658203,84.26000213623047,84.33999633789062,177
2022-12-07 12:00:00+00:00,84.30000305175781,84.44999694824219,84.0,84.26000213623047,289
2022-12-07 13:00:00+00:00,84.23999786376953,84.83999633789062,84.0,84.30000305175781,1288
2022-12-07 14:00:00+00:00,84.54000091552734,84.8499984741211,83.80000305175781,84.25,1178
2022-12-07 15:00:00+00:00,84.04000091552734,85.08000183105469,84.0,84.5199966430664,2045
2022-12-07 16:00:00+00:00,81.36000061035156,84.08000183105469,81.33000183105469,84.0199966430664,3511
2022-12-07 17:00:00+00:00,81.62000274658203,81.9800033569336,81.25,81.36000061035156,2460
2022-12-07 18:00:00+00:00,81.41000366210938,82.1500015258789,81.25,81.62999725341797,1489
2022-12-07 19:00:00+00:00,82.08000183105469,82.0999984741211,81.16999816894531,81.41000366210938,3200
2022-12-08 02:00:00+00:00,83.37999725341797,83.48999786376953,81.9000015258789,82.1500015258789,0
2022-12-08 03:00:00+00:00,83.3499984741211,83.45999908447266,83.33999633789062,83.33999633789062,102
2022-12-08 04:00:00+00:00,82.9800033569336,83.3499984741211,82.83000183105469,83.3499984741211,42
2022-12-08 05:00:00+00:00,82.75,82.9000015258789,82.54000091552734,82.72000122070312,196
2022-12-08 06:00:00+00:00,83.7300033569336,84.0999984741211,82.72000122070312,82.7300033569336,809
2022-12-08 07:00:00+00:00,83.16000366210938,83.77999877929688,83.1500015258789,83.66999816894531,111
2022-12-08 08:00:00+00:00,83.18000030517578,83.20999908447266,82.8499984741211,83.18000030517578,418
2022-12-08 09:00:00+00:00,83.22000122070312,83.3499984741211,82.94999694824219,83.19000244140625,108
2022-12-08 10:00:00+00:00,83.38999938964844,83.44999694824219,83.13999938964844,83.26000213623047,84
2022-12-08 11:00:00+00:00,82.63999938964844,83.3499984741211,82.0999984741211,83.3499984741211,630
2022-12-08 12:00:00+00:00,83.22000122070312,83.31999969482422,82.4800033569336,82.72000122070312,546
2022-12-08 13:00:00+00:00,83.16000366210938,83.6500015258789,82.41000366210938,83.2300033569336,1669
2022-12-08 14:00:00+00:00,82.12000274658203,83.33000183105469,81.5,83.16000366210938,1489
2022-12-08 15:00:00+00:00,81.37000274658203,82.19999694824219,81.30000305175781,82.0999984741211,1920
2022-12-08 16:00:00+00:00,81.77999877929688,82.1500015258789,81.22000122070312,81.41000366210938,1465
2022-12-08 17:00:00+00:00,81.7300033569336,81.80000305175781,81.44999694824219,81.80000305175781,851
2022-12-08 18:00:00+00:00,80.98999786376953,81.81999969482422,80.91999816894531,81.76000213623047,764
2022-12-08 19:00:00+00:00,80.83999633789062,81.08999633789062,80.76000213623047,80.97000122070312,0
2022-12-09 02:00:00+00:00,81.69999694824219,81.69999694824219,80.9000015258789,80.9000015258789,471
2022-12-09 03:00:00+00:00,82.0,82.12999725341797,81.52999877929688,81.62000274658203,322
2022-12-09 04:00:00+00:00,81.30999755859375,81.8499984741211,81.30999755859375,81.75,36
2022-12-09 05:00:00+00:00,81.33000183105469,81.51000213623047,81.22000122070312,81.44000244140625,84
2022-12-09 06:00:00+00:00,81.7699966430664,81.81999969482422,81.37000274658203,81.37000274658203,143
2022-12-09 07:00:00+00:00,81.38999938964844,82.01000213623047,81.33999633789062,81.79000091552734,121
2022-12-09 08:00:00+00:00,81.48999786376953,81.61000061035156,81.08000183105469,81.3499984741211,98
2022-12-09 09:00:00+00:00,81.58999633789062,81.72000122070312,81.5,81.51000213623047,103
2022-12-09 10:00:00+00:00,81.83999633789062,81.95999908447266,81.5,81.62999725341797,166
2022-12-09 11:00:00+00:00,81.87000274658203,81.97000122070312,81.69999694824219,81.83999633789062,159
2022-12-09 12:00:00+00:00,81.98999786376953,82.05999755859375,81.69999694824219,81.79000091552734,154
2022-12-09 13:00:00+00:00,82.61000061035156,82.98999786376953,81.75,82.0,2000
2022-12-09 14:00:00+00:00,83.29000091552734,83.75,82.30000305175781,82.61000061035156,2272
2022-12-09 15:00:00+00:00,82.62999725341797,83.48999786376953,82.4000015258789,83.25,1899
2022-12-09 16:00:00+00:00,82.86000061035156,83.1500015258789,82.29000091552734,82.61000061035156,1185
2022-12-09 17:00:00+00:00,81.80000305175781,82.80000305175781,80.0999984741211,82.80000305175781,5625
2022-12-09 18:00:00+00:00,81.22000122070312,81.9000015258789,80.79000091552734,81.9000015258789,1540
2022-12-09 19:00:00+00:00,81.0199966430664,81.31999969482422,80.58000183105469,81.19999694824219,2524
2022-12-12 02:00:00+00:00,80.27999877929688,81.87999725341797,80.0999984741211,80.94999694824219,764
2022-12-12 03:00:00+00:00,80.25,80.48999786376953,80.0999984741211,80.37999725341797,247
2022-12-12 04:00:00+00:00,80.41999816894531,80.6500015258789,80.30000305175781,80.30000305175781,65
2022-12-12 05:00:00+00:00,80.55999755859375,80.55999755859375,80.16999816894531,80.38999938964844,189
2022-12-12 06:00:00+00:00,80.43000030517578,80.72000122070312,80.33000183105469,80.5199966430664,239
2022-12-12 07:00:00+00:00,80.13999938964844,80.45999908447266,80.13999938964844,80.37000274658203,224
2022-12-12 08:00:00+00:00,79.98999786376953,80.2300033569336,79.8499984741211,80.13999938964844,345
2022-12-12 09:00:00+00:00,80.38999938964844,80.38999938964844,80.0,80.01000213623047,172
2022-12-12 10:00:00+00:00,80.05999755859375,80.36000061035156,80.04000091552734,80.36000061035156,150
2022-12-12 11:00:00+00:00,80.04000091552734,80.18000030517578,79.94999694824219,80.01000213623047,117
2022-12-12 12:00:00+00:00,80.51000213623047,80.7300033569336,80.04000091552734,80.08999633789062,226
2022-12-12 13:00:00+00:00,80.11000061035156,80.97000122070312,80.02999877929688,80.54000091552734,957
2022-12-12 14:00:00+00:00,79.66999816894531,80.19000244140625,79.62999725341797,80.08999633789062,1666
2022-12-12 15:00:00+00:00,79.54000091552734,80.0999984741211,79.30999755859375,79.66000366210938,2957
2022-12-12 16:00:00+00:00,79.66999816894531,80.0999984741211,79.36000061035156,79.51000213623047,1810
2022-12-12 17:00:00+00:00,79.33999633789062,79.76000213623047,79.11000061035156,79.62000274658203,1641
2022-12-12 18:00:00+00:00,79.16000366210938,79.37999725341797,79.02999877929688,79.37999725341797,1070
2022-12-12 19:00:00+00:00,79.25,79.5,79.16000366210938,79.16000366210938,1215
2022-12-13 02:00:00+00:00,79.19999694824219,79.72000122070312,79.1500015258789,79.29000091552734,0
2022-12-13 03:00:00+00:00,78.86000061035156,79.30999755859375,78.80000305175781,79.18000030517578,467
2022-12-13 04:00:00+00:00,79.29000091552734,79.29000091552734,78.87000274658203,78.87000274658203,127
2022-12-13 05:00:00+00:00,79.52999877929688,79.55999755859375,79.25,79.33999633789062,117
2022-12-13 06:00:00+00:00,80.18000030517578,80.20999908447266,79.4800033569336,79.4800033569336,103
2022-12-13 07:00:00+00:00,80.5,80.8499984741211,80.22000122070312,80.22000122070312,257
2022-12-13 08:00:00+00:00,80.52999877929688,80.69999694824219,80.30999755859375,80.41000366210938,114
2022-12-13 09:00:00+00:00,80.5999984741211,80.75,80.2699966430664,80.47000122070312,173
2022-12-13 10:00:00+00:00,80.80000305175781,81.29000091552734,80.48999786376953,80.62000274658203,336
2022-12-13 11:00:00+00:00,81.08999633789062,81.16000366210938,80.75,80.9000015258789,156
2022-12-13 12:00:00+00:00,80.9000015258789,81.13999938964844,80.79000091552734,81.13999938964844,221
2022-12-13 13:00:00+00:00,82.3499984741211,82.38999938964844,80.5,80.9000015258789,3860
2022-12-13 14:00:00+00:00,82.38999938964844,82.38999938964844,82.02999877929688,82.33999633789062,2972
2022-12-13 15:00:00+00:00,82.1500015258789,82.38999938964844,81.5,82.38999938964844,2667
2022-12-13 16:00:00+00:00,82.02999877929688,82.37000274658203,81.69000244140625,82.19000244140625,1571
2022-12-13 17:00:00+00:00,81.12999725341797,82.13999938964844,81.01000213623047,82.02999877929688,1947
2022-12-13 18:00:00+00:00,81.69000244140625,81.81999969482422,81.12999725341797,81.12999725341797,913
2022-12-13 19:00:00+00:00,81.51000213623047,81.83000183105469,81.4000015258789,81.66999816894531,1919
2022-12-14 02:00:00+00:00,81.93000030517578,81.93000030517578,81.11000061035156,81.47000122070312,0
2022-12-14 03:00:00+00:00,82.08000183105469,82.11000061035156,81.72000122070312,81.9800033569336,91
2022-12-14 04:00:00+00:00,82.0199966430664,82.05000305175781,81.94000244140625,82.05000305175781,23
2022-12-14 05:00:00+00:00,81.81999969482422,82.11000061035156,81.81999969482422,81.9800033569336,77
2022-12-14 06:00:00+00:00,81.94000244140625,82.11000061035156,81.5,81.7300033569336,115
2022-12-14 07:00:00+00:00,81.56999969482422,82.05999755859375,81.56999969482422,81.95999908447266,177
2022-12-14 08:00:00+00:00,81.9000015258789,81.9000015258789,81.51000213623047,81.55000305175781,151
2022-12-14 09:00:00+00:00,81.69999694824219,81.9000015258789,81.66000366210938,81.86000061035156,110
2022-12-14 10:00:00+00:00,81.5199966430664,81.75,81.3499984741211,81.70999908447266,187
2022-12-14 11:00:00+00:00,81.33000183105469,81.45999908447266,81.2300033569336,81.45999908447266,129
2022-12-14 12:00:00+00:00,80.86000061035156,81.4800033569336,80.69999694824219,81.37000274658203,467
2022-12-14 13:00:00+00:00,81.0,81.11000061035156,80.62999725341797,80.88999938964844,1121
2022-12-14 14:00:00+00:00,81.77999877929688,81.91999816894531,81.0,81.05000305175781,895
2022-12-14 15:00:00+00:00,81.11000061035156,81.95999908447266,80.7699966430664,81.76000213623047,1741
2022-12-14 16:00:00+00:00,81.68000030517578,81.80999755859375,81.05000305175781,81.16000366210938,982
2022-12-14 17:00:00+00:00,82.08999633789062,82.55000305175781,81.66999816894531,81.69000244140625,1173
2022-12-14 18:00:00+00:00,82.05000305175781,82.19999694824219,81.93000030517578,82.12999725341797,1225
2022-12-14 19:00:00+00:00,81.4000015258789,82.08999633789062,80.91000366210938,82.04000091552734,1927
2022-12-15 02:00:00+00:00,81.6500015258789,81.83000183105469,81.0,81.37000274658203,0
2022-12-15 03:00:00+00:00,81.54000091552734,81.5999984741211,81.37000274658203,81.5999984741211,15
2022-12-15 04:00:00+00:00,81.54000091552734,81.54000091552734,81.41000366210938,81.45999908447266,11
2022-12-15 05:00:00+00:00,81.94999694824219,81.94999694824219,81.43000030517578,81.44000244140625,52
2022-12-15 06:00:00+00:00,81.6500015258789,81.97000122070312,81.5199966430664,81.87000274658203,136
2022-12-15 07:00:00+00:00,81.41000366210938,81.70999908447266,81.25,81.62999725341797,139
2022-12-15 08:00:00+00:00,81.05999755859375,81.41999816894531,80.91999816894531,81.41999816894531,144
2022-12-15 09:00:00+00:00,80.87999725341797,81.0999984741211,80.80000305175781,81.01000213623047,173
2022-12-15 10:00:00+00:00,80.91999816894531,81.0,80.80000305175781,81.0,98
2022-12-15 11:00:00+00:00,81.12000274658203,81.12000274658203,80.86000061035156,80.93000030517578,63
2022-12-15 12:00:00+00:00,81.0199966430664,81.05999755859375,80.68000030517578,81.05999755859375,354
2022-12-15 13:00:00+00:00,81.19000244140625,81.83000183105469,80.80999755859375,81.05999755859375,1493
2022-12-15 14:00:00+00:00,80.68000030517578,81.5,80.41000366210938,81.19999694824219,2346
2022-12-15 15:00:00+00:00,81.5999984741211,81.70999908447266,80.61000061035156,80.72000122070312,1651
2022-12-15 16:00:00+00:00,81.1500015258789,81.55000305175781,80.7300033569336,81.55000305175781,1061
2022-12-15 17:00:00+00:00,81.27999877929688,81.37999725341797,81.02999877929688,81.12000274658203,765
2022-12-15 18:00:00+00:00,81.04000091552734,81.33000183105469,81.04000091552734,81.22000122070312,525
2022-12-15 19:00:00+00:00,81.16000366210938,81.19999694824219,80.9000015258789,81.08000183105469,0
2022-12-16 02:00:00+00:00,81.38999938964844,81.41999816894531,80.80999755859375,81.02999877929688,293
2022-12-16 03:00:00+00:00,81.5,81.62999725341797,81.27999877929688,81.37999725341797,181
2022-12-16 04:00:00+00:00,81.11000061035156,81.52999877929688,81.11000061035156,81.5199966430664,35
2022-12-16 05:00:00+00:00,81.02999877929688,81.12999725341797,80.70999908447266,81.11000061035156,130
2022-12-16 06:00:00+00:00,80.86000061035156,81.27999877929688,80.86000061035156,81.04000091552734,182
2022-12-16 07:00:00+00:00,80.76000213623047,81.02999877929688,80.72000122070312,80.83000183105469,102
2022-12-16 08:00:00+00:00,80.44000244140625,80.80000305175781,80.25,80.77999877929688,501
2022-12-16 09:00:00+00:00,80.33000183105469,80.5,80.29000091552734,80.44000244140625,235
2022-12-16 10:00:00+00:00,80.58999633789062,80.5999984741211,80.2699966430664,80.30999755859375,249
2022-12-16 11:00:00+00:00,80.80000305175781,80.83000183105469,80.41000366210938,80.5,276
2022-12-16 12:00:00+00:00,80.66999816894531,81.02999877929688,80.48999786376953,80.86000061035156,500
2022-12-16 13:00:00+00:00,80.05999755859375,80.66999816894531,79.80000305175781,80.66999816894531,2234
2022-12-16 14:00:00+00:00,80.5,80.72000122070312,79.95999908447266,80.0199966430664,1106
2022-12-16 15:00:00+00:00,80.18000030517578,80.66000366210938,79.94999694824219,80.4800033569336,1034
2022-12-16 16:00:00+00:00,81.62000274658203,81.69999694824219,80.2300033569336,80.2300033569336,1381
2022-12-16 17:00:00+00:00,81.91999816894531,82.0999984741211,81.62000274658203,81.62999725341797,1557
2022-12-16 18:00:00+00:00,82.08000183105469,82.30000305175781,81.8499984741211,81.9800033569336,1265
2022-12-16 19:00:00+00:00,81.95999908447266,82.08999633789062,81.81999969482422,82.08999633789062,2224
2022-12-19 02:00:00+00:00,82.80000305175781,83.3499984741211,81.52999877929688,81.91999816894531,736
2022-12-19 03:00:00+00:00,82.43000030517578,82.88999938964844,82.38999938964844,82.73999786376953,151
2022-12-19 04:00:00+00:00,82.30000305175781,82.47000122070312,82.23999786376953,82.47000122070312,27
2022-12-19 05:00:00+00:00,82.41000366210938,82.5,82.27999877929688,82.27999877929688,27
2022-12-19 06:00:00+00:00,82.11000061035156,82.41000366210938,81.93000030517578,82.2699966430664,125
2022-12-19 07:00:00+00:00,81.79000091552734,82.1500015258789,81.75,82.1500015258789,70
2022-12-19 08:00:00+00:00,82.01000213623047,82.01000213623047,81.62999725341797,81.76000213623047,99
2022-12-19 09:00:00+00:00,82.19999694824219,82.4000015258789,81.98999786376953,82.02999877929688,162
2022-12-19 10:00:00+00:00,82.08999633789062,82.30999755859375,82.05000305175781,82.16000366210938,68
2022-12-19 11:00:00+00:00,82.0199966430664,82.22000122070312,81.9800033569336,82.0999984741211,129
2022-12-19 12:00:00+00:00,81.79000091552734,82.20999908447266,81.69999694824219,82.0,243
2022-12-19 13:00:00+00:00,82.20999908447266,82.30999755859375,81.33000183105469,81.72000122070312,730
2022-12-19 14:00:00+00:00,82.30000305175781,82.31999969482422,81.66000366210938,82.29000091552734,1446
2022-12-19 15:00:00+00:00,82.80000305175781,82.81999969482422,82.20999908447266,82.30000305175781,1486
2022-12-19 16:00:00+00:00,85.66000366210938,85.75,82.41999816894531,82.77999877929688,5240
2022-12-19 17:00:00+00:00,85.4800033569336,85.73999786376953,85.1500015258789,85.61000061035156,2736
2022-12-19 18:00:00+00:00,84.41999816894531,85.48999786376953,83.7300033569336,85.4800033569336,2069
2022-12-19 19:00:00+00:00,84.20999908447266,84.5,84.0199966430664,84.37000274658203,1337
2022-12-20 02:00:00+00:00,84.12000274658203,84.2699966430664,83.62999725341797,84.08000183105469,0
2022-12-20 03:00:00+00:00,84.58000183105469,84.9000015258789,84.18000030517578,84.18000030517578,549
2022-12-20 04:00:00+00:00,84.37999725341797,84.52999877929688,84.37999725341797,84.52999877929688,9
2022-12-20 05:00:00+00:00,84.16999816894531,84.41999816894531,84.16999816894531,84.41999816894531,32
2022-12-20 06:00:00+00:00,84.19000244140625,84.58999633789062,84.19000244140625,84.30000305175781,50
2022-12-20 07:00:00+00:00,84.56999969482422,84.56999969482422,84.19000244140625,84.19000244140625,99
2022-12-20 08:00:00+00:00,85.0999984741211,85.18000030517578,84.4800033569336,84.62000274658203,276
2022-12-20 09:00:00+00:00,85.22000122070312,85.5,84.69999694824219,85.02999877929688,358
2022-12-20 10:00:00+00:00,84.83000183105469,85.19000244140625,84.56999969482422,85.19000244140625,146
2022-12-20 11:00:00+00:00,84.80000305175781,84.9800033569336,84.7699966430664,84.87999725341797,67
2022-12-20 12:00:00+00:00,84.5,84.9800033569336,84.33000183105469,84.83000183105469,188
2022-12-20 13:00:00+00:00,85.91999816894531,86.0999984741211,84.58999633789062,84.62000274658203,1262
2022-12-20 14:00:00+00:00,85.43000030517578,85.9800033569336,84.75,85.86000061035156,1208
2022-12-20 15:00:00+00:00,86.01000213623047,86.63999938964844,85.38999938964844,85.4000015258789,2467
2022-12-20 16:00:00+00:00,86.36000061035156,86.91999816894531,85.66999816894531,86.0199966430664,2340
2022-12-20 17:00:00+00:00,86.93000030517578,86.93000030517578,86.36000061035156,86.44000244140625,1692
2022-12-20 18:00:00+00:00,87.5999984741211,87.63999938964844,86.87000274658203,86.9000015258789,2589
2022-12-20 19:00:00+00:00,88.01000213623047,88.08000183105469,87.5,87.62999725341797,3024
2022-12-21 02:00:00+00:00,87.70999908447266,88.08000183105469,87.52999877929688,87.80000305175781,0
2022-12-21 03:00:00+00:00,88.05000305175781,88.25,87.79000091552734,87.79000091552734,199
2022-12-21 04:00:00+00:00,87.91000366210938,88.2699966430664,87.8499984741211,88.1500015258789,107
2022-12-21 05:00:00+00:00,88.18000030517578,88.2699966430664,87.80000305175781,87.91000366210938,104
2022-12-21 06:00:00+00:00,88.20999908447266,88.4800033569336,88.08999633789062,88.16999816894531,203
2022-12-21 07:00:00+00:00,87.91000366210938,88.27999877929688,87.8499984741211,88.19999694824219,118
2022-12-21 08:00:00+00:00,87.98999786376953,88.19999694824219,87.69999694824219,87.9000015258789,358
2022-12-21 09:00:00+00:00,87.83000183105469,88.16999816894531,87.83000183105469,87.97000122070312,201
2022-12-21 10:00:00+00:00,87.7300033569336,87.93000030517578,87.55000305175781,87.93000030517578,172
2022-12-21 11:00:00+00:00,87.62999725341797,87.93000030517578,87.36000061035156,87.80999755859375,341
2022-12-21 12:00:00+00:00,87.86000061035156,88.08999633789062,87.58999633789062,87.58999633789062,293
2022-12-21 13:00:00+00:00,88.86000061035156,88.87999725341797,87.87000274658203,87.94000244140625,1995
2022-12-21 14:00:00+00:00,87.62999725341797,89.6500015258789,87.62999725341797,88.87000274658203,2894
2022-12-21 15:00:00+00:00,88.47000122070312,88.55999755859375,87.38999938964844,87.63999938964844,2520
2022-12-21 16:00:00+00:00,87.69000244140625,88.55000305175781,87.62000274658203,88.48999786376953,1603
2022-12-21 17:00:00+00:00,88.0,88.4000015258789,87.52999877929688,87.7699966430664,1267
2022-12-21 18:00:00+00:00,88.06999969482422,88.31999969482422,87.86000061035156,88.0199966430664,1002
2022-12-21 19:00:00+00:00,88.41999816894531,88.44000244140625,87.91000366210938,88.08000183105469,1544
2022-12-22 02:00:00+00:00,87.66999816894531,88.5999984741211,87.54000091552734,88.30000305175781,0
2022-12-22 03:00:00+00:00,87.73999786376953,87.9000015258789,87.54000091552734,87.62999725341797,91
2022-12-22 04:00:00+00:00,87.72000122070312,87.72000122070312,87.5999984741211,87.69000244140625,54
2022-12-22 05:00:00+00:00,87.63999938964844,87.80000305175781,87.62999725341797,87.72000122070312,65
2022-12-22 06:00:00+00:00,87.05999755859375,87.70999908447266,87.05000305175781,87.63999938964844,265
2022-12-22 07:00:00+00:00,87.38999938964844,87.38999938964844,87.05000305175781,87.08999633789062,139
2022-12-22 08:00:00+00:00,87.44000244140625,87.48999786376953,87.2699966430664,87.41999816894531,123
2022-12-22 09:00:00+00:00,87.66000366210938,87.80000305175781,87.44000244140625,87.44000244140625,163
2022-12-22 10:00:00+00:00,87.48999786376953,87.69000244140625,87.3499984741211,87.5999984741211,125
2022-12-22 11:00:00+00:00,87.5999984741211,87.69999694824219,87.37000274658203,87.44999694824219,135
2022-12-22 12:00:00+00:00,87.56999969482422,87.69999694824219,87.38999938964844,87.63999938964844,210
2022-12-22 13:00:00+00:00,84.75,88.16999816894531,84.5199966430664,87.58000183105469,3055
2022-12-22 14:00:00+00:00,84.8499984741211,85.12999725341797,84.3499984741211,84.75,1978
2022-12-22 15:00:00+00:00,84.30000305175781,84.9000015258789,84.30000305175781,84.8499984741211,2004
2022-12-22 16:00:00+00:00,84.68000030517578,84.80000305175781,84.30000305175781,84.30000305175781,1807
2022-12-22 17:00:00+00:00,84.30000305175781,84.7699966430664,84.30000305175781,84.69999694824219,1714
2022-12-22 18:00:00+00:00,84.30000305175781,84.30000305175781,84.30000305175781,84.30000305175781,379
2022-12-22 19:00:00+00:00,84.30000305175781,84.30000305175781,84.30000305175781,84.30000305175781,0
2022-12-23 02:00:00+00:00,85.04000091552734,85.37000274658203,84.01000213623047,84.30000305175781,602
2022-12-23 03:00:00+00:00,85.12999725341797,85.30000305175781,85.06999969482422,85.08000183105469,70
2022-12-23 04:00:00+00:00,84.9800033569336,85.1500015258789,84.9800033569336,85.1500015258789,24
2022-12-23 05:00:00+00:00,84.9800033569336,85.1500015258789,84.9800033569336,85.04000091552734,20
2022-12-23 06:00:00+00:00,84.9000015258789,84.98999786376953,84.80000305175781,84.91000366210938,48
2022-12-23 07:00:00+00:00,85.02999877929688,85.2699966430664,84.9000015258789,85.0,79
2022-12-23 08:00:00+00:00,85.3499984741211,85.37000274658203,85.02999877929688,85.18000030517578,285
2022-12-23 09:00:00+00:00,85.33999633789062,85.5,85.1500015258789,85.33999633789062,179
2022-12-23 10:00:00+00:00,85.5,85.6500015258789,85.25,85.4000015258789,232
2022-12-23 11:00:00+00:00,85.36000061035156,85.48999786376953,85.19999694824219,85.36000061035156,55
2022-12-23 12:00:00+00:00,85.69999694824219,85.79000091552734,85.29000091552734,85.29000091552734,177
2022-12-23 13:00:00+00:00,84.87999725341797,85.76000213623047,84.55000305175781,85.66999816894531,1028
2022-12-23 14:00:00+00:00,84.56999969482422,84.9800033569336,84.30000305175781,84.94999694824219,834
2022-12-23 15:00:00+00:00,84.9000015258789,85.58999633789062,84.4000015258789,84.58000183105469,1152
2022-12-23 16:00:00+00:00,85.30000305175781,85.41999816894531,84.83999633789062,84.9000015258789,877
2022-12-23 17:00:00+00:00,84.9000015258789,85.4800033569336,84.9000015258789,85.30000305175781,1172
2022-12-23 18:00:00+00:00,85.37999725341797,85.66000366210938,84.5199966430664,84.91999816894531,1415
2022-12-23 19:00:00+00:00,85.13999938964844,85.52999877929688,85.08999633789062,85.33999633789062,1046
2022-12-27 12:00:00+00:00,84.62000274658203,85.5,84.25,85.2300033569336,616
2022-12-27 13:00:00+00:00,85.61000061035156,85.63999938964844,84.58000183105469,84.58999633789062,939
2022-12-27 14:00:00+00:00,84.75,85.63999938964844,84.75,85.5999984741211,689
2022-12-27 15:00:00+00:00,85.12000274658203,85.16000366210938,84.05999755859375,84.76000213623047,1418
2022-12-27 16:00:00+00:00,84.97000122070312,85.33000183105469,84.6500015258789,85.08999633789062,774
2022-12-27 17:00:00+00:00,84.37000274658203,85.05999755859375,84.25,85.0,773
2022-12-27 18:00:00+00:00,84.06999969482422,84.41000366210938,84.0199966430664,84.38999938964844,695
2022-12-27 19:00:00+00:00,84.06999969482422,84.36000061035156,84.0199966430664,84.08999633789062,1274
2022-12-28 02:00:00+00:00,84.33999633789062,84.5999984741211,84.06999969482422,84.08999633789062,0
2022-12-28 03:00:00+00:00,83.80000305175781,84.33999633789062,83.55999755859375,84.33999633789062,351
2022-12-28 04:00:00+00:00,83.80999755859375,83.80999755859375,83.70999908447266,83.77999877929688,26
2022-12-28 05:00:00+00:00,83.88999938964844,84.05999755859375,83.7300033569336,83.7300033569336,54
2022-12-28 06:00:00+00:00,84.41000366210938,84.44000244140625,83.80000305175781,83.87999725341797,129
2022-12-28 07:00:00+00:00,84.41000366210938,84.58999633789062,84.26000213623047,84.44999694824219,39
2022-12-28 08:00:00+00:00,84.08000183105469,84.44999694824219,84.0199966430664,84.3499984741211,77
2022-12-28 09:00:00+00:00,84.0,84.1500015258789,83.94999694824219,84.05000305175781,39
2022-12-28 10:00:00+00:00,84.23999786376953,84.30999755859375,84.06999969482422,84.0999984741211,52
2022-12-28 11:00:00+00:00,84.37000274658203,84.44999694824219,84.23999786376953,84.2699966430664,92
2022-12-28 12:00:00+00:00,84.2300033569336,84.3499984741211,84.02999877929688,84.29000091552734,215
2022-12-28 13:00:00+00:00,84.5999984741211,85.08000183105469,84.2300033569336,84.2300033569336,844
2022-12-28 14:00:00+00:00,84.23999786376953,84.7300033569336,83.94999694824219,84.66999816894531,728
2022-12-28 15:00:00+00:00,83.69999694824219,84.30999755859375,83.69999694824219,84.19000244140625,1610
2022-12-28 16:00:00+00:00,82.87000274658203,83.73999786376953,82.70999908447266,83.70999908447266,2660
2022-12-28 17:00:00+00:00,82.97000122070312,83.29000091552734,82.36000061035156,82.87000274658203,1637
2022-12-28 18:00:00+00:00,83.16999816894531,83.75,82.91999816894531,82.94000244140625,779
2022-12-28 19:00:00+00:00,83.33000183105469,83.41000366210938,82.94000244140625,83.16999816894531,821
2022-12-29 02:00:00+00:00,83.0199966430664,83.88999938964844,82.7300033569336,83.25,0
2022-12-29 03:00:00+00:00,83.22000122070312,83.22000122070312,82.8499984741211,83.05000305175781,36
2022-12-29 04:00:00+00:00,83.22000122070312,83.43000030517578,83.22000122070312,83.30000305175781,18
2022-12-29 05:00:00+00:00,83.1500015258789,83.5,83.1500015258789,83.31999969482422,45
2022-12-29 06:00:00+00:00,82.91000366210938,83.27999877929688,82.87999725341797,83.23999786376953,81
2022-12-29 07:00:00+00:00,82.9000015258789,83.04000091552734,82.9000015258789,82.97000122070312,16
2022-12-29 08:00:00+00:00,82.80999755859375,83.04000091552734,82.7300033569336,82.91000366210938,93
2022-12-29 09:00:00+00:00,83.11000061035156,83.11000061035156,82.8499984741211,82.8499984741211,31
2022-12-29 10:00:00+00:00,83.36000061035156,83.41000366210938,82.80999755859375,83.0199966430664,105
2022-12-29 11:00:00+00:00,83.2300033569336,83.37999725341797,83.05999755859375,83.37000274658203,52
2022-12-29 12:00:00+00:00,83.4000015258789,83.44999694824219,83.01000213623047,83.19000244140625,68
2022-12-29 13:00:00+00:00,82.83999633789062,83.3499984741211,82.58999633789062,83.33000183105469,604
2022-12-29 14:00:00+00:00,83.05999755859375,83.23999786376953,82.75,82.91000366210938,1190
2022-12-29 15:00:00+00:00,83.13999938964844,83.44999694824219,82.81999969482422,83.05999755859375,1176
2022-12-29 16:00:00+00:00,82.87999725341797,83.2300033569336,82.58999633789062,83.13999938964844,846
2022-12-29 17:00:00+00:00,82.56999969482422,82.98999786376953,82.5199966430664,82.93000030517578,802
2022-12-29 18:00:00+00:00,82.80000305175781,82.87000274658203,82.5199966430664,82.56999969482422,868
2022-12-29 19:00:00+00:00,82.5999984741211,82.8499984741211,82.55999755859375,82.81999969482422,888
2022-12-30 02:00:00+00:00,82.69999694824219,82.97000122070312,82.62999725341797,82.63999938964844,0
2022-12-30 03:00:00+00:00,82.81999969482422,82.9000015258789,82.55000305175781,82.68000030517578,106
2022-12-30 04:00:00+00:00,82.63999938964844,82.7300033569336,82.5999984741211,82.7300033569336,0
2022-12-30 05:00:00+00:00,82.94999694824219,83.0,82.7699966430664,82.7699966430664,367
2022-12-30 06:00:00+00:00,82.98999786376953,82.98999786376953,82.83000183105469,82.91000366210938,86
2022-12-30 07:00:00+00:00,83.05000305175781,83.0999984741211,82.9000015258789,83.0,26
2022-12-30 08:00:00+00:00,83.12000274658203,83.41000366210938,83.01000213623047,83.04000091552734,98
2022-12-30 09:00:00+00:00,83.26000213623047,83.3499984741211,83.0199966430664,83.16999816894531,86
2022-12-30 10:00:00+00:00,83.58000183105469,83.5999984741211,83.1500015258789,83.23999786376953,158
2022-12-30 11:00:00+00:00,84.05000305175781,84.63999938964844,83.56999969482422,83.56999969482422,463
2022-12-30 12:00:00+00:00,83.91999816894531,84.12999725341797,83.69000244140625,84.08999633789062,267
2022-12-30 13:00:00+00:00,83.91000366210938,84.13999938964844,83.52999877929688,83.91999816894531,654
2022-12-30 14:00:00+00:00,83.05000305175781,83.91000366210938,82.9000015258789,83.91000366210938,785
2022-12-30 15:00:00+00:00,83.19999694824219,83.4800033569336,82.8499984741211,83.02999877929688,821
2022-12-30 16:00:00+00:00,83.5199966430664,83.5199966430664,82.77999877929688,83.05000305175781,916
2022-12-30 17:00:00+00:00,84.11000061035156,84.11000061035156,83.36000061035156,83.48999786376953,736
2022-12-30 18:00:00+00:00,83.37999725341797,84.44000244140625,83.36000061035156,84.12000274658203,1275
2022-12-30 19:00:00+00:00,83.4000015258789,83.58000183105469,83.1500015258789,83.33999633789062,789
2023-01-03 05:00:00+00:00,84.48999786376953,84.55999755859375,84.41000366210938,84.5,43
2023-01-03 06:00:00+00:00,85.20999908447266,85.30000305175781,84.54000091552734,84.54000091552734,255
2023-01-03 07:00:00+00:00,85.55000305175781,85.61000061035156,85.0199966430664,85.22000122070312,316
2023-01-03 08:00:00+00:00,85.30000305175781,85.8499984741211,85.0999984741211,85.62000274658203,475
2023-01-03 09:00:00+00:00,85.41999816894531,85.62000274658203,85.30000305175781,85.30000305175781,155
2023-01-03 10:00:00+00:00,84.93000030517578,85.51000213623047,84.91000366210938,85.47000122070312,320
2023-01-03 11:00:00+00:00,84.76000213623047,84.93000030517578,84.68000030517578,84.91999816894531,168
2023-01-03 12:00:00+00:00,84.91999816894531,85.16000366210938,84.68000030517578,84.83999633789062,205
2023-01-03 13:00:00+00:00,84.33000183105469,85.27999877929688,84.30000305175781,84.91999816894531,1976
2023-01-03 14:00:00+00:00,84.0,84.37999725341797,83.5,84.3499984741211,1493
2023-01-03 15:00:00+00:00,83.43000030517578,84.47000122070312,83.41000366210938,84.0,1889
2023-01-03 16:00:00+00:00,83.2300033569336,83.93000030517578,83.0,83.4000015258789,1901
2023-01-03 17:00:00+00:00,83.19999694824219,83.41000366210938,82.80000305175781,83.20999908447266,1069
2023-01-03 18:00:00+00:00,83.12999725341797,83.29000091552734,82.9000015258789,83.25,904
2023-01-03 19:00:00+00:00,83.4000015258789,83.4000015258789,82.91000366210938,83.13999938964844,1569
2023-01-04 02:00:00+00:00,83.56999969482422,83.9000015258789,83.16999816894531,83.16999816894531,0
2023-01-04 03:00:00+00:00,83.4000015258789,83.75,83.37999725341797,83.58000183105469,54
2023-01-04 04:00:00+00:00,83.66000366210938,83.66000366210938,83.43000030517578,83.5,16
2023-01-04 05:00:00+00:00,83.58000183105469,83.81999969482422,83.58000183105469,83.79000091552734,15
2023-01-04 06:00:00+00:00,83.52999877929688,83.83000183105469,83.44000244140625,83.63999938964844,70
2023-01-04 07:00:00+00:00,83.6500015258789,83.66000366210938,83.38999938964844,83.48999786376953,83
2023-01-04 08:00:00+00:00,84.0,84.05000305175781,83.41000366210938,83.61000061035156,153
2023-01-04 09:00:00+00:00,83.98999786376953,84.25,83.91000366210938,83.97000122070312,143
2023-01-04 10:00:00+00:00,83.70999908447266,83.97000122070312,83.69999694824219,83.97000122070312,143
2023-01-04 11:00:00+00:00,83.5999984741211,83.94000244140625,83.44000244140625,83.66999816894531,93
2023-01-04 12:00:00+00:00,83.41000366210938,83.73999786376953,83.3499984741211,83.62000274658203,485
2023-01-04 13:00:00+00:00,83.0199966430664,83.6500015258789,83.0199966430664,83.3499984741211,1118
2023-01-04 14:00:00+00:00,82.41000366210938,83.16000366210938,82.0999984741211,83.05999755859375,2324
2023-01-04 15:00:00+00:00,81.13999938964844,82.55000305175781,81.02999877929688,82.44999694824219,4687
2023-01-04 16:00:00+00:00,81.22000122070312,81.58000183105469,81.05999755859375,81.1500015258789,2254
2023-01-04 17:00:00+00:00,81.08000183105469,81.37000274658203,80.75,81.23999786376953,2526
2023-01-04 18:00:00+00:00,80.58999633789062,81.41000366210938,80.5,81.08999633789062,1691
2023-01-04 19:00:00+00:00,80.47000122070312,80.72000122070312,80.37000274658203,80.58000183105469,2730
2023-01-05 02:00:00+00:00,80.9000015258789,81.2699966430664,80.5,80.51000213623047,0
2023-01-05 03:00:00+00:00,81.13999938964844,81.13999938964844,80.80000305175781,80.87999725341797,259
2023-01-05 04:00:00+00:00,81.58999633789062,81.69000244140625,81.01000213623047,81.04000091552734,177
2023-01-05 05:00:00+00:00,81.68000030517578,81.94999694824219,81.5199966430664,81.66000366210938,324
2023-01-05 06:00:00+00:00,82.0999984741211,82.19999694824219,81.80999755859375,81.80999755859375,202
2023-01-05 07:00:00+00:00,81.69999694824219,82.29000091552734,81.69999694824219,82.05999755859375,276
2023-01-05 08:00:00+00:00,81.69999694824219,81.83000183105469,81.5,81.81999969482422,176
2023-01-05 09:00:00+00:00,81.91000366210938,82.08999633789062,81.73999786376953,81.75,185
2023-01-05 10:00:00+00:00,82.11000061035156,82.20999908447266,81.83999633789062,81.91000366210938,187
2023-01-05 11:00:00+00:00,81.97000122070312,82.18000030517578,81.8499984741211,82.0199966430664,123
2023-01-05 12:00:00+00:00,82.2300033569336,82.44999694824219,81.94999694824219,81.95999908447266,479
2023-01-05 13:00:00+00:00,81.91000366210938,82.4800033569336,81.63999938964844,82.20999908447266,1276
2023-01-05 14:00:00+00:00,81.76000213623047,81.9800033569336,81.51000213623047,81.9800033569336,1361
2023-01-05 15:00:00+00:00,81.62000274658203,82.75,81.55000305175781,81.80999755859375,1875
2023-01-05 16:00:00+00:00,83.23999786376953,83.7300033569336,81.5199966430664,81.55999755859375,2960
2023-01-05 17:00:00+00:00,82.66999816894531,83.37999725341797,82.4000015258789,83.20999908447266,1746
2023-01-05 18:00:00+00:00,83.22000122070312,83.55000305175781,82.62000274658203,82.73999786376953,1665
2023-01-05 19:00:00+00:00,82.87000274658203,83.26000213623047,82.47000122070312,83.25,0
2023-01-06 02:00:00+00:00,82.75,83.29000091552734,82.58000183105469,82.58000183105469,327
2023-01-06 03:00:00+00:00,82.91999816894531,82.97000122070312,82.73999786376953,82.95999908447266,45
2023-01-06 04:00:00+00:00,82.88999938964844,82.88999938964844,82.75,82.8499984741211,27
2023-01-06 05:00:00+00:00,82.69999694824219,82.83999633789062,82.6500015258789,82.7300033569336,62
2023-01-06 06:00:00+00:00,83.08999633789062,83.25,82.68000030517578,82.68000030517578,112
2023-01-06 07:00:00+00:00,83.1500015258789,83.48999786376953,82.9000015258789,83.18000030517578,278
2023-01-06 08:00:00+00:00,83.19000244140625,83.19000244140625,83.0,83.12000274658203,32
2023-01-06 09:00:00+00:00,82.88999938964844,83.23999786376953,82.73999786376953,83.22000122070312,76
2023-01-06 10:00:00+00:00,82.9000015258789,82.93000030517578,82.79000091552734,82.91999816894531,38
2023-01-06 11:00:00+00:00,82.94999694824219,83.05000305175781,82.7699966430664,82.93000030517578,71
2023-01-06 12:00:00+00:00,82.5999984741211,82.93000030517578,82.55000305175781,82.93000030517578,232
2023-01-06 13:00:00+00:00,83.08999633789062,83.33999633789062,82.25,82.54000091552734,1023
2023-01-06 14:00:00+00:00,82.25,83.41000366210938,82.11000061035156,83.12999725341797,1311
2023-01-06 15:00:00+00:00,84.95999908447266,85.05000305175781,82.27999877929688,82.27999877929688,3079
2023-01-06 16:00:00+00:00,84.72000122070312,85.55000305175781,84.12999725341797,84.93000030517578,2330
2023-01-06 17:00:00+00:00,85.30999755859375,85.33999633789062,84.7300033569336,84.73999786376953,1709
2023-01-06 18:00:00+00:00,85.7699966430664,86.0999984741211,85.33999633789062,85.33999633789062,2694
2023-01-06 19:00:00+00:00,85.66999816894531,85.76000213623047,85.12000274658203,85.76000213623047,3022
2023-01-09 02:00:00+00:00,85.37999725341797,85.66999816894531,84.58000183105469,85.66999816894531,746
2023-01-09 03:00:00+00:00,84.94999694824219,85.3499984741211,84.83999633789062,85.3499984741211,70
2023-01-09 04:00:00+00:00,85.05999755859375,85.12999725341797,84.87000274658203,84.95999908447266,39
2023-01-09 05:00:00+00:00,85.27999877929688,85.27999877929688,85.04000091552734,85.05000305175781,52
2023-01-09 06:00:00+00:00,85.56999969482422,85.56999969482422,85.27999877929688,85.27999877929688,135
2023-01-09 07:00:00+00:00,85.41999816894531,85.68000030517578,85.41999816894531,85.56999969482422,147
2023-01-09 08:00:00+00:00,85.69999694824219,85.80000305175781,85.30999755859375,85.38999938964844,148
2023-01-09 09:00:00+00:00,86.22000122070312,86.38999938964844,85.7699966430664,85.7699966430664,292
2023-01-09 10:00:00+00:00,86.44999694824219,86.44999694824219,86.0,86.1500015258789,188
2023-01-09 11:00:00+00:00,86.27999877929688,86.75,86.27999877929688,86.4800033569336,301
2023-01-09 12:00:00+00:00,86.3499984741211,86.5999984741211,86.01000213623047,86.33000183105469,413
2023-01-09 13:00:00+00:00,86.5,86.94999694824219,86.1500015258789,86.30000305175781,1365
2023-01-09 14:00:00+00:00,86.8499984741211,87.18000030517578,86.27999877929688,86.41999816894531,2344
2023-01-09 15:00:00+00:00,87.31999969482422,87.97000122070312,86.55000305175781,86.86000061035156,4283
2023-01-09 16:00:00+00:00,87.69999694824219,87.94000244140625,87.06999969482422,87.33000183105469,3530
2023-01-09 17:00:00+00:00,86.70999908447266,87.69999694824219,86.6500015258789,87.69999694824219,2153
2023-01-09 18:00:00+00:00,86.19999694824219,86.76000213623047,86.0199966430664,86.66999816894531,2198
2023-01-09 19:00:00+00:00,86.20999908447266,86.33999633789062,85.54000091552734,86.23999786376953,3441
2023-01-10 02:00:00+00:00,85.52999877929688,86.0,85.33000183105469,86.0,0
2023-01-10 03:00:00+00:00,85.86000061035156,86.12000274658203,85.41999816894531,85.54000091552734,135
2023-01-10 04:00:00+00:00,85.5999984741211,85.86000061035156,85.5999984741211,85.86000061035156,40
2023-01-10 05:00:00+00:00,85.30000305175781,85.77999877929688,85.25,85.56999969482422,226
2023-01-10 06:00:00+00:00,85.44000244140625,85.68000030517578,85.29000091552734,85.29000091552734,132
2023-01-10 07:00:00+00:00,85.48999786376953,85.63999938964844,85.43000030517578,85.44999694824219,93
2023-01-10 08:00:00+00:00,85.73999786376953,85.94000244140625,85.5,85.5,74
2023-01-10 09:00:00+00:00,86.05000305175781,86.12000274658203,85.69000244140625,85.7699966430664,136
2023-01-10 10:00:00+00:00,85.97000122070312,86.02999877929688,85.79000091552734,86.02999877929688,121
2023-01-10 11:00:00+00:00,86.08999633789062,86.1500015258789,85.9000015258789,85.98999786376953,102
2023-01-10 12:00:00+00:00,85.93000030517578,86.12999725341797,85.83000183105469,86.0,209
2023-01-10 13:00:00+00:00,85.33999633789062,86.1500015258789,85.19999694824219,85.95999908447266,1420
2023-01-10 14:00:00+00:00,85.30999755859375,85.70999908447266,84.75,85.30999755859375,1895
2023-01-10 15:00:00+00:00,85.13999938964844,85.47000122070312,84.6500015258789,85.31999969482422,1572
2023-01-10 16:00:00+00:00,85.26000213623047,85.5,84.97000122070312,85.13999938964844,1224
2023-01-10 17:00:00+00:00,85.05000305175781,85.45999908447266,85.0,85.29000091552734,1024
2023-01-10 18:00:00+00:00,84.79000091552734,85.06999969482422,84.30000305175781,85.06999969482422,2659
2023-01-10 19:00:00+00:00,84.70999908447266,85.05000305175781,84.63999938964844,84.79000091552734,0
2023-01-11 02:00:00+00:00,84.61000061035156,84.98999786376953,84.25,84.61000061035156,520
2023-01-11 03:00:00+00:00,84.73999786376953,84.73999786376953,84.33999633789062,84.41000366210938,99
2023-01-11 04:00:00+00:00,84.80999755859375,84.93000030517578,84.5,84.62000274658203,53
2023-01-11 05:00:00+00:00,84.55000305175781,84.94999694824219,84.54000091552734,84.88999938964844,49
2023-01-11 06:00:00+00:00,84.7699966430664,84.83999633789062,84.52999877929688,84.63999938964844,89
2023-01-11 07:00:00+00:00,84.41000366210938,84.75,84.37000274658203,84.75,113
2023-01-11 08:00:00+00:00,84.95999908447266,85.0,84.41000366210938,84.51000213623047,153
2023-01-11 09:00:00+00:00,85.55000305175781,85.83999633789062,85.0,85.0,419
2023-01-11 10:00:00+00:00,85.51000213623047,85.56999969482422,85.27999877929688,85.52999877929688,200
2023-01-11 11:00:00+00:00,85.6500015258789,85.80000305175781,85.48999786376953,85.51000213623047,243
2023-01-11 12:00:00+00:00,85.70999908447266,85.77999877929688,85.48999786376953,85.69999694824219,230
2023-01-11 13:00:00+00:00,84.48999786376953,85.80000305175781,84.19000244140625,85.73999786376953,1359
2023-01-11 14:00:00+00:00,84.0999984741211,85.37000274658203,84.0999984741211,84.55000305175781,1376
2023-01-11 15:00:00+00:00,84.08000183105469,84.6500015258789,83.55000305175781,84.0999984741211,2164
2023-01-11 16:00:00+00:00,83.75,84.22000122070312,83.73999786376953,84.08000183105469,1160
2023-01-11 17:00:00+00:00,83.69999694824219,84.13999938964844,83.5,83.77999877929688,1977
2023-01-11 18:00:00+00:00,83.98999786376953,84.16000366210938,83.4000015258789,83.6500015258789,1834
2023-01-11 19:00:00+00:00,84.4000015258789,84.4000015258789,83.70999908447266,83.98999786376953,0
2023-01-12 02:00:00+00:00,84.25,84.69999694824219,84.18000030517578,84.4000015258789,332
2023-01-12 03:00:00+00:00,84.19000244140625,84.4000015258789,83.80000305175781,84.27999877929688,147
2023-01-12 04:00:00+00:00,84.26000213623047,84.26000213623047,84.13999938964844,84.13999938964844,5
2023-01-12 05:00:00+00:00,84.4000015258789,84.4000015258789,84.19999694824219,84.31999969482422,15
2023-01-12 06:00:00+00:00,84.47000122070312,84.48999786376953,84.3499984741211,84.4000015258789,78
2023-01-12 07:00:00+00:00,84.22000122070312,84.38999938964844,83.91000366210938,84.38999938964844,151
2023-01-12 08:00:00+00:00,84.23999786376953,84.33999633789062,84.0199966430664,84.33999633789062,99
2023-01-12 09:00:00+00:00,84.66000366210938,84.66000366210938,84.23999786376953,84.4000015258789,90
2023-01-12 10:00:00+00:00,84.51000213623047,84.70999908447266,84.45999908447266,84.62000274658203,96
2023-01-12 11:00:00+00:00,84.68000030517578,84.87000274658203,84.37999725341797,84.44999694824219,346
2023-01-12 12:00:00+00:00,84.5999984741211,84.86000061035156,84.41999816894531,84.69000244140625,134
2023-01-12 13:00:00+00:00,84.83000183105469,84.86000061035156,83.87999725341797,84.58999633789062,1166
2023-01-12 14:00:00+00:00,83.95999908447266,84.86000061035156,83.5,84.80999755859375,1652
2023-01-12 15:00:00+00:00,83.06999969482422,84.16999816894531,83.05000305175781,83.95999908447266,1965
2023-01-12 16:00:00+00:00,83.5,83.69000244140625,82.69999694824219,83.08000183105469,2326
2023-01-12 17:00:00+00:00,82.5199966430664,83.5,82.0999984741211,83.5,5244
2023-01-12 18:00:00+00:00,82.33999633789062,82.55000305175781,82.11000061035156,82.5199966430664,1988
2023-01-12 19:00:00+00:00,81.91000366210938,82.43000030517578,81.8499984741211,82.36000061035156,0
2023-01-13 02:00:00+00:00,82.5,82.55999755859375,81.95999908447266,82.0,748
2023-01-13 03:00:00+00:00,82.63999938964844,83.4000015258789,82.5,82.5,582
2023-01-13 04:00:00+00:00,82.66999816894531,82.69999694824219,82.45999908447266,82.54000091552734,57
2023-01-13 05:00:00+00:00,82.8499984741211,82.8499984741211,82.63999938964844,82.66999816894531,45
2023-01-13 06:00:00+00:00,82.66999816894531,82.94000244140625,82.66000366210938,82.81999969482422,87
2023-01-13 07:00:00+00:00,82.83000183105469,82.8499984741211,82.51000213623047,82.66999816894531,281
2023-01-13 08:00:00+00:00,82.68000030517578,82.94999694824219,82.62999725341797,82.80000305175781,392
2023-01-13 09:00:00+00:00,82.5999984741211,82.7300033569336,82.4000015258789,82.7300033569336,184
2023-01-13 10:00:00+00:00,82.45999908447266,82.70999908447266,82.45999908447266,82.62000274658203,74
2023-01-13 11:00:00+00:00,82.45999908447266,82.4800033569336,82.30000305175781,82.44999694824219,385
2023-01-13 12:00:00+00:00,81.91000366210938,82.55999755859375,81.8499984741211,82.5,762
2023-01-13 13:00:00+00:00,82.02999877929688,82.30999755859375,81.6500015258789,81.91000366210938,2402
2023-01-13 14:00:00+00:00,82.58000183105469,82.86000061035156,81.9800033569336,82.0,1200
2023-01-13 15:00:00+00:00,82.19000244140625,82.93000030517578,82.0999984741211,82.54000091552734,3102
2023-01-13 16:00:00+00:00,82.01000213623047,82.27999877929688,82.0,82.19999694824219,2085
2023-01-13 17:00:00+00:00,82.13999938964844,82.4000015258789,82.0,82.0199966430664,1044
2023-01-13 18:00:00+00:00,82.33000183105469,82.4000015258789,82.08999633789062,82.13999938964844,1238
2023-01-13 19:00:00+00:00,82.41000366210938,82.4800033569336,82.0,82.33999633789062,3458
2023-01-17 05:00:00+00:00,82.16000366210938,82.26000213623047,82.06999969482422,82.23999786376953,34
2023-01-17 06:00:00+00:00,82.1500015258789,82.36000061035156,82.12999725341797,82.19000244140625,244
2023-01-17 07:00:00+00:00,82.0999984741211,82.19000244140625,82.0,82.19000244140625,483
2023-01-17 08:00:00+00:00,82.20999908447266,82.27999877929688,82.08999633789062,82.12000274658203,220
2023-01-17 09:00:00+00:00,82.11000061035156,82.2300033569336,81.97000122070312,82.19000244140625,340
2023-01-17 10:00:00+00:00,82.33000183105469,82.37999725341797,82.05999755859375,82.20999908447266,261
2023-01-17 11:00:00+00:00,82.5,82.54000091552734,82.26000213623047,82.30000305175781,212
2023-01-17 12:00:00+00:00,82.69000244140625,82.69000244140625,82.37999725341797,82.52999877929688,256
2023-01-17 13:00:00+00:00,82.58999633789062,82.87000274658203,82.43000030517578,82.52999877929688,1032
2023-01-17 14:00:00+00:00,82.62999725341797,82.9000015258789,82.5,82.58999633789062,1408
2023-01-17 15:00:00+00:00,82.5199966430664,82.69999694824219,82.47000122070312,82.62999725341797,1861
2023-01-17 16:00:00+00:00,82.55999755859375,82.69000244140625,82.47000122070312,82.5199966430664,1586
2023-01-17 17:00:00+00:00,82.8499984741211,82.87999725341797,82.51000213623047,82.55999755859375,1975
2023-01-17 18:00:00+00:00,82.9000015258789,83.22000122070312,82.73999786376953,82.83000183105469,1713
2023-01-17 19:00:00+00:00,82.7300033569336,83.13999938964844,82.66000366210938,82.9000015258789,0
2023-01-18 02:00:00+00:00,84.0199966430664,84.29000091552734,82.86000061035156,82.86000061035156,1011
2023-01-18 03:00:00+00:00,84.06999969482422,84.19000244140625,83.83000183105469,84.11000061035156,117
2023-01-18 04:00:00+00:00,83.88999938964844,84.06999969482422,83.8499984741211,83.9800033569336,31
2023-01-18 05:00:00+00:00,84.13999938964844,84.19000244140625,83.91999816894531,83.93000030517578,90
2023-01-18 06:00:00+00:00,84.04000091552734,84.2699966430664,83.95999908447266,84.16999816894531,175
2023-01-18 07:00:00+00:00,84.2699966430664,84.44000244140625,84.06999969482422,84.08000183105469,203
2023-01-18 08:00:00+00:00,84.2699966430664,84.3499984741211,84.13999938964844,84.22000122070312,228
2023-01-18 09:00:00+00:00,84.52999877929688,84.55000305175781,84.25,84.31999969482422,361
2023-01-18 10:00:00+00:00,84.44000244140625,84.52999877929688,84.33999633789062,84.51000213623047,301
2023-01-18 11:00:00+00:00,84.41000366210938,84.51000213623047,84.30000305175781,84.4800033569336,152
2023-01-18 12:00:00+00:00,84.37999725341797,84.45999908447266,84.16999816894531,84.38999938964844,379
2023-01-18 13:00:00+00:00,84.63999938964844,84.79000091552734,84.0999984741211,84.4000015258789,1397
2023-01-18 14:00:00+00:00,85.80000305175781,86.0,84.62000274658203,84.69000244140625,3513
2023-01-18 15:00:00+00:00,85.36000061035156,86.30000305175781,85.36000061035156,85.80999755859375,3719
2023-01-18 16:00:00+00:00,85.0199966430664,85.70999908447266,84.5,85.3499984741211,3286
2023-01-18 17:00:00+00:00,84.73999786376953,85.08999633789062,84.44999694824219,85.04000091552734,3072
2023-01-18 18:00:00+00:00,84.72000122070312,84.94999694824219,84.44000244140625,84.7699966430664,1852
2023-01-18 19:00:00+00:00,84.7699966430664,84.98999786376953,84.68000030517578,84.77999877929688,1503
2023-01-19 02:00:00+00:00,84.9800033569336,85.0,84.4000015258789,84.80000305175781,0
2023-01-19 03:00:00+00:00,84.69000244140625,85.0,84.63999938964844,84.91999816894531,126
2023-01-19 04:00:00+00:00,84.62999725341797,84.66999816894531,84.56999969482422,84.63999938964844,17
2023-01-19 05:00:00+00:00,84.55999755859375,84.7300033569336,84.5199966430664,84.66000366210938,65
2023-01-19 06:00:00+00:00,84.61000061035156,84.80999755859375,84.52999877929688,84.54000091552734,95
2023-01-19 07:00:00+00:00,84.62999725341797,84.66999816894531,84.5,84.6500015258789,162
2023-01-19 08:00:00+00:00,84.76000213623047,84.93000030517578,84.58999633789062,84.6500015258789,147
2023-01-19 09:00:00+00:00,84.5999984741211,84.72000122070312,84.5,84.72000122070312,239
2023-01-19 10:00:00+00:00,84.62999725341797,84.7300033569336,84.55999755859375,84.62000274658203,85
2023-01-19 11:00:00+00:00,85.3499984741211,85.48999786376953,84.7300033569336,84.7300033569336,322
2023-01-19 12:00:00+00:00,85.11000061035156,85.63999938964844,85.0199966430664,85.37999725341797,460
2023-01-19 13:00:00+00:00,85.04000091552734,85.37000274658203,84.72000122070312,85.13999938964844,713
2023-01-19 14:00:00+00:00,84.77999877929688,85.30000305175781,84.5,85.0,1422
2023-01-19 15:00:00+00:00,84.54000091552734,85.02999877929688,84.44999694824219,84.77999877929688,3124
2023-01-19 16:00:00+00:00,84.45999908447266,84.75,84.4000015258789,84.52999877929688,2916
2023-01-19 17:00:00+00:00,83.56999969482422,84.58999633789062,83.51000213623047,84.4800033569336,3143
2023-01-19 18:00:00+00:00,83.41000366210938,83.80999755859375,83.2300033569336,83.61000061035156,2170
2023-01-19 19:00:00+00:00,83.55999755859375,83.66999816894531,83.33000183105469,83.41000366210938,0
2023-01-20 02:00:00+00:00,83.80999755859375,84.06999969482422,83.56999969482422,83.58000183105469,360
2023-01-20 03:00:00+00:00,83.91999816894531,84.0999984741211,83.80000305175781,83.80000305175781,124
2023-01-20 04:00:00+00:00,83.7300033569336,84.0,83.69999694824219,83.86000061035156,39
2023-01-20 05:00:00+00:00,84.08000183105469,84.08000183105469,83.70999908447266,83.7300033569336,51
2023-01-20 06:00:00+00:00,84.05999755859375,84.29000091552734,84.0,84.08999633789062,81
2023-01-20 07:00:00+00:00,84.04000091552734,84.12999725341797,83.83000183105469,84.05999755859375,51
2023-01-20 08:00:00+00:00,84.05000305175781,84.05999755859375,83.70999908447266,84.02999877929688,86
2023-01-20 09:00:00+00:00,84.11000061035156,84.16000366210938,83.77999877929688,83.97000122070312,233
2023-01-20 10:00:00+00:00,84.19000244140625,84.26000213623047,83.9000015258789,84.0999984741211,195
2023-01-20 11:00:00+00:00,84.20999908447266,84.20999908447266,83.9000015258789,84.1500015258789,523
2023-01-20 12:00:00+00:00,84.69999694824219,84.75,84.04000091552734,84.19999694824219,388
2023-01-20 13:00:00+00:00,85.23999786376953,85.26000213623047,84.5,84.70999908447266,1793
2023-01-20 14:00:00+00:00,85.56999969482422,85.76000213623047,85.18000030517578,85.25,1872
2023-01-20 15:00:00+00:00,85.55999755859375,85.69999694824219,85.31999969482422,85.58000183105469,2338
2023-01-20 16:00:00+00:00,86.1500015258789,86.1500015258789,85.54000091552734,85.58999633789062,2630
2023-01-20 17:00:00+00:00,86.44000244140625,86.69999694824219,85.94999694824219,86.1500015258789,2942
2023-01-20 18:00:00+00:00,86.55999755859375,86.66000366210938,86.16999816894531,86.48999786376953,2478
2023-01-20 19:00:00+00:00,86.77999877929688,86.79000091552734,86.45999908447266,86.55999755859375,3228
2023-01-23 02:00:00+00:00,86.83000183105469,87.19000244140625,86.37000274658203,86.69999694824219,1520
2023-01-23 03:00:00+00:00,86.55000305175781,86.83999633789062,86.55000305175781,86.81999969482422,70
2023-01-23 04:00:00+00:00,86.56999969482422,86.56999969482422,86.5,86.51000213623047,18
2023-01-23 05:00:00+00:00,86.38999938964844,86.54000091552734,86.33000183105469,86.54000091552734,35
2023-01-23 06:00:00+00:00,86.97000122070312,86.9800033569336,86.27999877929688,86.44999694824219,111
2023-01-23 07:00:00+00:00,86.36000061035156,86.91999816894531,86.33000183105469,86.88999938964844,84
2023-01-23 08:00:00+00:00,86.1500015258789,86.6500015258789,85.80999755859375,86.41000366210938,282
2023-01-23 09:00:00+00:00,86.30000305175781,86.55999755859375,86.1500015258789,86.16000366210938,147
2023-01-23 10:00:00+00:00,86.41999816894531,86.5199966430664,86.0999984741211,86.33000183105469,225
2023-01-23 11:00:00+00:00,86.4000015258789,86.5,86.30000305175781,86.4000015258789,116
2023-01-23 12:00:00+00:00,86.41000366210938,86.63999938964844,86.19000244140625,86.36000061035156,426
2023-01-23 13:00:00+00:00,86.41000366210938,86.8499984741211,86.3499984741211,86.45999908447266,1275
2023-01-23 14:00:00+00:00,87.20999908447266,87.31999969482422,85.80000305175781,86.33999633789062,2007
2023-01-23 15:00:00+00:00,87.80000305175781,87.9000015258789,87.05000305175781,87.22000122070312,4069
2023-01-23 16:00:00+00:00,88.12000274658203,88.68000030517578,87.70999908447266,87.80000305175781,4788
2023-01-23 17:00:00+00:00,87.94000244140625,88.31999969482422,87.5,88.12000274658203,2163
2023-01-23 18:00:00+00:00,87.54000091552734,87.95999908447266,87.4000015258789,87.91000366210938,2088
2023-01-23 19:00:00+00:00,87.33999633789062,87.63999938964844,87.08999633789062,87.52999877929688,2791
2023-01-24 02:00:00+00:00,86.88999938964844,87.31999969482422,86.41999816894531,87.31999969482422,0
2023-01-24 03:00:00+00:00,86.62999725341797,86.97000122070312,86.62999725341797,86.97000122070312,37
2023-01-24 04:00:00+00:00,86.75,86.75,86.68000030517578,86.68000030517578,15
2023-01-24 05:00:00+00:00,86.87000274658203,86.87000274658203,86.70999908447266,86.70999908447266,16
2023-01-24 06:00:00+00:00,86.69000244140625,86.81999969482422,86.5999984741211,86.79000091552734,19
2023-01-24 07:00:00+00:00,86.7699966430664,86.80000305175781,86.66999816894531,86.70999908447266,25
2023-01-24 08:00:00+00:00,86.48999786376953,86.83999633789062,86.4000015258789,86.77999877929688,170
2023-01-24 09:00:00+00:00,86.19999694824219,86.55999755859375,86.01000213623047,86.5,338
2023-01-24 10:00:00+00:00,86.80999755859375,86.80999755859375,86.19999694824219,86.19999694824219,368
2023-01-24 11:00:00+00:00,87.16000366210938,87.20999908447266,86.80000305175781,86.86000061035156,307
2023-01-24 12:00:00+00:00,87.0999984741211,87.31999969482422,87.01000213623047,87.16999816894531,434
2023-01-24 13:00:00+00:00,86.73999786376953,87.2300033569336,86.5,87.1500015258789,1202
2023-01-24 14:00:00+00:00,86.55999755859375,87.12999725341797,86.51000213623047,86.79000091552734,1336
2023-01-24 15:00:00+00:00,86.55000305175781,86.97000122070312,86.16000366210938,86.5199966430664,1718
2023-01-24 16:00:00+00:00,85.95999908447266,86.8499984741211,85.62999725341797,86.58000183105469,2708
2023-01-24 17:00:00+00:00,86.06999969482422,86.12999725341797,85.7300033569336,85.98999786376953,1271
2023-01-24 18:00:00+00:00,86.16000366210938,86.20999908447266,85.75,86.06999969482422,1454
2023-01-24 19:00:00+00:00,86.29000091552734,86.38999938964844,86.11000061035156,86.19999694824219,0
2023-01-25 02:00:00+00:00,85.83000183105469,86.30000305175781,85.77999877929688,86.16000366210938,339
2023-01-25 03:00:00+00:00,85.70999908447266,85.83000183105469,85.12000274658203,85.80000305175781,431
2023-01-25 04:00:00+00:00,85.5,85.8499984741211,85.5,85.8499984741211,19
2023-01-25 05:00:00+00:00,85.48999786376953,85.54000091552734,85.3499984741211,85.37000274658203,22
2023-01-25 06:00:00+00:00,85.76000213623047,85.76000213623047,85.4000015258789,85.55000305175781,84
2023-01-25 07:00:00+00:00,85.69000244140625,85.87000274658203,85.69000244140625,85.75,43
2023-01-25 08:00:00+00:00,85.44000244140625,85.68000030517578,85.26000213623047,85.68000030517578,134
2023-01-25 09:00:00+00:00,85.41000366210938,85.73999786376953,85.30000305175781,85.38999938964844,120
2023-01-25 10:00:00+00:00,85.4800033569336,85.55999755859375,85.19999694824219,85.38999938964844,603
2023-01-25 11:00:00+00:00,85.63999938964844,85.63999938964844,85.36000061035156,85.44000244140625,83
2023-01-25 12:00:00+00:00,85.45999908447266,85.70999908447266,85.27999877929688,85.62000274658203,264
2023-01-25 13:00:00+00:00,85.58000183105469,85.61000061035156,85.18000030517578,85.41000366210938,1109
2023-01-25 14:00:00+00:00,86.55999755859375,86.75,85.56999969482422,85.56999969482422,1690
2023-01-25 15:00:00+00:00,87.13999938964844,87.13999938964844,86.16999816894531,86.55000305175781,2065
2023-01-25 16:00:00+00:00,87.1500015258789,87.5,86.51000213623047,87.12000274658203,1715
2023-01-25 17:00:00+00:00,86.69999694824219,87.16999816894531,86.51000213623047,87.13999938964844,1200
2023-01-25 18:00:00+00:00,87.01000213623047,87.12000274658203,86.66999816894531,86.68000030517578,1102
2023-01-25 19:00:00+00:00,86.7699966430664,86.98999786376953,86.58000183105469,86.94999694824219,1732
2023-01-26 02:00:00+00:00,87.23999786376953,87.23999786376953,86.62999725341797,86.80000305175781,0
2023-01-26 03:00:00+00:00,87.08000183105469,87.2300033569336,87.08000183105469,87.22000122070312,11
2023-01-26 04:00:00+00:00,87.12999725341797,87.12999725341797,87.06999969482422,87.08000183105469,11
2023-01-26 05:00:00+00:00,87.13999938964844,87.36000061035156,87.12999725341797,87.12999725341797,113
2023-01-26 06:00:00+00:00,87.44999694824219,87.5,87.22000122070312,87.27999877929688,131
2023-01-26 07:00:00+00:00,87.63999938964844,87.66999816894531,87.41999816894531,87.47000122070312,198
2023-01-26 08:00:00+00:00,87.20999908447266,87.66999816894531,87.12000274658203,87.62000274658203,153
2023-01-26 09:00:00+00:00,87.18000030517578,87.30000305175781,87.12999725341797,87.12999725341797,58
2023-01-26 10:00:00+00:00,87.33999633789062,87.51000213623047,87.23999786376953,87.23999786376953,80
2023-01-26 11:00:00+00:00,87.38999938964844,87.52999877929688,87.27999877929688,87.41000366210938,116
2023-01-26 12:00:00+00:00,87.83000183105469,87.83999633789062,87.16999816894531,87.37999725341797,320
2023-01-26 13:00:00+00:00,88.70999908447266,88.8499984741211,87.73999786376953,87.79000091552734,3534
2023-01-26 14:00:00+00:00,88.55000305175781,88.87999725341797,88.3499984741211,88.76000213623047,2751
2023-01-26 15:00:00+00:00,88.19999694824219,88.63999938964844,87.73999786376953,88.58999633789062,2795
2023-01-26 16:00:00+00:00,87.94000244140625,88.3499984741211,87.5,88.16999816894531,2099
2023-01-26 17:00:00+00:00,87.97000122070312,88.04000091552734,87.62999725341797,87.95999908447266,1123
2023-01-26 18:00:00+00:00,87.72000122070312,87.97000122070312,87.62999725341797,87.94000244140625,991
2023-01-26 19:00:00+00:00,87.4800033569336,87.77999877929688,87.37000274658203,87.69000244140625,2341
2023-01-27 02:00:00+00:00,87.12999725341797,87.37999725341797,86.76000213623047,87.3499984741211,0
2023-01-27 03:00:00+00:00,87.05000305175781,87.16000366210938,87.05000305175781,87.05000305175781,33
2023-01-27 04:00:00+00:00,87.06999969482422,87.06999969482422,87.0,87.06999969482422,13
2023-01-27 05:00:00+00:00,87.33999633789062,87.44000244140625,87.12999725341797,87.12999725341797,52
2023-01-27 06:00:00+00:00,87.19999694824219,87.55999755859375,86.95999908447266,87.38999938964844,89
2023-01-27 07:00:00+00:00,87.13999938964844,87.43000030517578,87.13999938964844,87.2300033569336,62
2023-01-27 08:00:00+00:00,87.18000030517578,87.19000244140625,86.94999694824219,87.13999938964844,96
2023-01-27 09:00:00+00:00,87.05000305175781,87.4000015258789,86.94999694824219,87.1500015258789,105
2023-01-27 10:00:00+00:00,86.95999908447266,87.13999938964844,86.80000305175781,87.0199966430664,102
2023-01-27 11:00:00+00:00,86.9800033569336,87.12999725341797,86.88999938964844,87.05000305175781,125
2023-01-27 12:00:00+00:00,87.0999984741211,87.23999786376953,87.05999755859375,87.12999725341797,161
2023-01-27 13:00:00+00:00,86.66000366210938,87.08999633789062,86.45999908447266,87.08999633789062,1052
2023-01-27 14:00:00+00:00,86.91999816894531,87.12000274658203,86.30000305175781,86.5999984741211,1393
2023-01-27 15:00:00+00:00,86.27999877929688,87.36000061035156,86.11000061035156,86.9000015258789,1651
2023-01-27 16:00:00+00:00,86.48999786376953,86.62999725341797,86.13999938964844,86.25,869
2023-01-27 17:00:00+00:00,86.25,86.56999969482422,86.19000244140625,86.44999694824219,831
2023-01-27 18:00:00+00:00,86.6500015258789,86.66999816894531,86.12999725341797,86.30999755859375,1114
2023-01-27 19:00:00+00:00,87.0,87.12999725341797,86.68000030517578,86.68000030517578,1929
2023-01-30 02:00:00+00:00,85.94999694824219,87.4000015258789,85.9000015258789,87.25,1088
2023-01-30 03:00:00+00:00,86.2300033569336,86.43000030517578,85.94999694824219,85.94999694824219,181
2023-01-30 04:00:00+00:00,86.33000183105469,86.4000015258789,86.2699966430664,86.30000305175781,16
2023-01-30 05:00:00+00:00,85.83999633789062,86.26000213623047,85.80000305175781,86.26000213623047,122
2023-01-30 06:00:00+00:00,85.81999969482422,85.93000030517578,85.68000030517578,85.86000061035156,255
2023-01-30 07:00:00+00:00,85.75,85.81999969482422,85.55000305175781,85.81999969482422,277
2023-01-30 08:00:00+00:00,85.94999694824219,86.05000305175781,85.69999694824219,85.7300033569336,226
2023-01-30 09:00:00+00:00,85.68000030517578,86.18000030517578,85.61000061035156,85.94999694824219,300
2023-01-30 10:00:00+00:00,85.9000015258789,85.93000030517578,85.61000061035156,85.75,136
2023-01-30 11:00:00+00:00,85.91999816894531,85.98999786376953,85.73999786376953,85.9000015258789,293
2023-01-30 12:00:00+00:00,85.80000305175781,85.98999786376953,85.73999786376953,85.95999908447266,427
2023-01-30 13:00:00+00:00,85.38999938964844,85.94999694824219,85.26000213623047,85.77999877929688,1584
2023-01-30 14:00:00+00:00,85.52999877929688,85.75,85.26000213623047,85.3499984741211,1534
2023-01-30 15:00:00+00:00,85.02999877929688,85.9000015258789,84.5999984741211,85.52999877929688,3931
2023-01-30 16:00:00+00:00,84.77999877929688,85.33000183105469,84.69000244140625,85.02999877929688,1927
2023-01-30 17:00:00+00:00,84.52999877929688,85.02999877929688,84.5,84.72000122070312,2014
2023-01-30 18:00:00+00:00,85.05999755859375,85.37000274658203,84.5,84.5,1179
2023-01-30 19:00:00+00:00,85.12000274658203,85.31999969482422,84.87000274658203,85.08999633789062,2838
2023-01-31 02:00:00+00:00,85.83000183105469,85.8499984741211,85.30000305175781,85.30000305175781,0
2023-01-31 03:00:00+00:00,85.77999877929688,86.19000244140625,85.77999877929688,85.8499984741211,383
2023-01-31 04:00:00+00:00,85.72000122070312,85.80000305175781,85.58000183105469,85.7699966430664,39
2023-01-31 05:00:00+00:00,85.80000305175781,85.8499984741211,85.66999816894531,85.72000122070312,46
2023-01-31 06:00:00+00:00,85.81999969482422,85.87999725341797,85.69000244140625,85.80999755859375,81
2023-01-31 07:00:00+00:00,85.6500015258789,85.73999786376953,85.47000122070312,85.72000122070312,317
2023-01-31 08:00:00+00:00,85.48999786376953,85.66999816894531,85.37999725341797,85.5999984741211,319
2023-01-31 09:00:00+00:00,85.43000030517578,85.75,85.37000274658203,85.47000122070312,423
2023-01-31 10:00:00+00:00,85.33000183105469,85.45999908447266,85.30000305175781,85.4000015258789,225
2023-01-31 11:00:00+00:00,85.20999908447266,85.41000366210938,85.13999938964844,85.30999755859375,2068
2023-01-31 12:00:00+00:00,85.36000061035156,85.4000015258789,85.01000213623047,85.16999816894531,351
2023-01-31 13:00:00+00:00,86.2699966430664,86.54000091552734,85.4000015258789,85.4000015258789,1580
2023-01-31 14:00:00+00:00,86.06999969482422,86.43000030517578,85.8499984741211,86.30999755859375,1676
2023-01-31 15:00:00+00:00,86.68000030517578,86.8499984741211,85.9800033569336,86.02999877929688,2561
2023-01-31 16:00:00+00:00,86.31999969482422,86.77999877929688,86.08000183105469,86.69999694824219,3815
2023-01-31 17:00:00+00:00,86.2300033569336,86.41999816894531,85.62999725341797,86.30999755859375,2895
2023-01-31 18:00:00+00:00,86.43000030517578,86.75,85.94000244140625,86.18000030517578,2329
2023-01-31 19:00:00+00:00,86.23999786376953,86.5,86.08999633789062,86.41000366210938,0
2023-02-01 02:00:00+00:00,85.9800033569336,86.26000213623047,85.87000274658203,86.01000213623047,234
2023-02-01 03:00:00+00:00,86.55000305175781,86.61000061035156,86.04000091552734,86.04000091552734,183
2023-02-01 04:00:00+00:00,86.62999725341797,86.62999725341797,86.5199966430664,86.58000183105469,0
2023-02-01 05:00:00+00:00,86.44999694824219,86.61000061035156,86.30000305175781,86.58999633789062,512
2023-02-01 06:00:00+00:00,86.36000061035156,86.54000091552734,86.33000183105469,86.44000244140625,54
2023-02-01 07:00:00+00:00,86.76000213623047,86.76000213623047,86.36000061035156,86.43000030517578,0
2023-02-01 08:00:00+00:00,87.31999969482422,87.41000366210938,86.62999725341797,86.75,424
2023-02-01 09:00:00+00:00,86.54000091552734,87.27999877929688,86.5,86.58000183105469,618
2023-02-01 10:00:00+00:00,87.38999938964844,87.4000015258789,86.5,86.58999633789062,0
2023-02-01 11:00:00+00:00,86.62000274658203,87.36000061035156,86.5,86.58999633789062,730
2023-02-01 12:00:00+00:00,86.52999877929688,87.38999938964844,86.41999816894531,86.58000183105469,380
2023-02-01 13:00:00+00:00,87.1500015258789,87.6500015258789,86.43000030517578,87.12000274658203,0
2023-02-01 14:00:00+00:00,86.86000061035156,87.62999725341797,86.38999938964844,86.48999786376953,3199
2023-02-01 15:00:00+00:00,86.2699966430664,87.6500015258789,85.88999938964844,87.55999755859375,2776
2023-02-01 16:00:00+00:00,86.23999786376953,86.97000122070312,85.51000213623047,86.94999694824219,0
2023-02-01 17:00:00+00:00,85.4000015258789,86.36000061035156,85.30999755859375,86.20999908447266,7279
2023-02-01 18:00:00+00:00,85.62000274658203,86.68000030517578,85.30000305175781,85.4000015258789,1876
2023-02-01 19:00:00+00:00,85.6500015258789,86.44999694824219,85.30999755859375,85.6500015258789,0
2023-02-02 02:00:00+00:00,86.72000122070312,87.41000366210938,85.80000305175781,85.80000305175781,597
2023-02-02 03:00:00+00:00,87.26000213623047,87.4800033569336,86.5,86.73999786376953,0
2023-02-02 04:00:00+00:00,86.8499984741211,87.5199966430664,86.58999633789062,86.63999938964844,422
2023-02-02 05:00:00+00:00,86.2699966430664,87.44999694824219,86.2699966430664,86.79000091552734,207
2023-02-02 06:00:00+00:00,85.66000366210938,86.94999694824219,85.62000274658203,86.26000213623047,289
2023-02-02 07:00:00+00:00,85.63999938964844,86.58000183105469,85.62000274658203,85.66999816894531,0
2023-02-02 08:00:00+00:00,86.5,86.55000305175781,85.5999984741211,85.62999725341797,1639
2023-02-02 09:00:00+00:00,85.73999786376953,86.5,85.5999984741211,85.80999755859375,226
2023-02-02 10:00:00+00:00,85.70999908447266,86.4000015258789,85.6500015258789,85.69000244140625,1102
2023-02-02 11:00:00+00:00,85.80000305175781,86.43000030517578,85.66000366210938,85.7300033569336,188
2023-02-02 12:00:00+00:00,85.75,86.5,85.61000061035156,85.76000213623047,429
2023-02-02 13:00:00+00:00,86.52999877929688,86.9800033569336,85.51000213623047,85.80999755859375,242
2023-02-02 14:00:00+00:00,86.43000030517578,86.69000244140625,85.43000030517578,86.56999969482422,1259
2023-02-02 15:00:00+00:00,86.55999755859375,87.31999969482422,85.7300033569336,85.75,3648
2023-02-02 16:00:00+00:00,86.80999755859375,87.9000015258789,86.55000305175781,87.2300033569336,2523
2023-02-02 17:00:00+00:00,87.0999984741211,87.66999816894531,86.04000091552734,86.80000305175781,0
2023-02-02 18:00:00+00:00,86.5,87.29000091552734,86.19999694824219,87.0999984741211,6627
2023-02-02 19:00:00+00:00,86.36000061035156,87.30000305175781,86.25,86.52999877929688,0
2023-02-03 02:00:00+00:00,85.81999969482422,87.08999633789062,85.68000030517578,86.62000274658203,430
2023-02-03 03:00:00+00:00,86.0,86.62000274658203,85.76000213623047,85.77999877929688,103
2023-02-03 04:00:00+00:00,86.58999633789062,86.5999984741211,85.87999725341797,85.94000244140625,0
2023-02-03 05:00:00+00:00,85.7300033569336,86.6500015258789,85.69999694824219,86.6500015258789,134
2023-02-03 06:00:00+00:00,85.69000244140625,86.88999938964844,85.62000274658203,85.76000213623047,194
2023-02-03 07:00:00+00:00,85.56999969482422,86.38999938964844,85.54000091552734,85.70999908447266,148
2023-02-03 08:00:00+00:00,85.83999633789062,86.44999694824219,85.55999755859375,85.56999969482422,138
2023-02-03 09:00:00+00:00,85.75,86.58999633789062,85.72000122070312,85.81999969482422,99
2023-02-03 10:00:00+00:00,86.41999816894531,86.52999877929688,85.5999984741211,85.77999877929688,0
2023-02-03 11:00:00+00:00,85.72000122070312,86.45999908447266,85.5999984741211,85.69000244140625,521
2023-02-03 12:00:00+00:00,85.79000091552734,86.7699966430664,85.66999816894531,85.66999816894531,367
2023-02-03 13:00:00+00:00,86.38999938964844,86.56999969482422,85.30999755859375,86.47000122070312,1195
2023-02-03 14:00:00+00:00,85.41999816894531,86.37000274658203,85.31999969482422,85.7300033569336,2931
2023-02-03 15:00:00+00:00,86.66000366210938,87.1500015258789,85.16999816894531,86.08999633789062,0
2023-02-03 16:00:00+00:00,85.08999633789062,86.66000366210938,85.05000305175781,85.93000030517578,5409
2023-02-03 17:00:00+00:00,85.62999725341797,86.23999786376953,85.05000305175781,85.08000183105469,2120
2023-02-03 18:00:00+00:00,86.08000183105469,86.30999755859375,85.26000213623047,86.23999786376953,0
2023-02-03 19:00:00+00:00,85.97000122070312,86.13999938964844,85.22000122070312,85.38999938964844,2860
2023-02-06 02:00:00+00:00,85.55999755859375,85.9000015258789,84.80000305175781,85.86000061035156,282
2023-02-06 03:00:00+00:00,84.76000213623047,85.61000061035156,84.75,84.87000274658203,461
2023-02-06 04:00:00+00:00,84.69000244140625,85.4000015258789,84.68000030517578,84.75,97
2023-02-06 05:00:00+00:00,84.80000305175781,85.4800033569336,84.68000030517578,84.68000030517578,116
2023-02-06 06:00:00+00:00,84.80000305175781,85.5999984741211,84.69000244140625,84.75,175
2023-02-06 07:00:00+00:00,85.7699966430664,85.86000061035156,84.7699966430664,84.79000091552734,0
2023-02-06 08:00:00+00:00,84.9800033569336,85.75,84.94000244140625,85.04000091552734,581
2023-02-06 09:00:00+00:00,84.95999908447266,85.69999694824219,84.7699966430664,85.0199966430664,222
2023-02-06 10:00:00+00:00,85.01000213623047,85.7699966430664,84.91999816894531,84.93000030517578,144
2023-02-06 11:00:00+00:00,84.87999725341797,85.63999938964844,84.81999969482422,84.98999786376953,260
2023-02-06 12:00:00+00:00,84.72000122070312,85.66000366210938,84.72000122070312,84.88999938964844,371
2023-02-06 13:00:00+00:00,85.25,86.23999786376953,84.72000122070312,85.41999816894531,1504
2023-02-06 14:00:00+00:00,84.73999786376953,85.91999816894531,84.55000305175781,85.23999786376953,2244
2023-02-06 15:00:00+00:00,84.08999633789062,85.54000091552734,84.0,85.44000244140625,3946
2023-02-06 16:00:00+00:00,83.62000274658203,84.98999786376953,83.55000305175781,84.81999969482422,4377
2023-02-06 17:00:00+00:00,83.41999816894531,84.5,83.38999938964844,84.41000366210938,0
2023-02-06 18:00:00+00:00,83.22000122070312,84.30999755859375,83.06999969482422,84.2300033569336,7590
2023-02-06 19:00:00+00:00,83.25,84.23999786376953,83.19999694824219,83.19999694824219,2610
2023-02-07 02:00:00+00:00,84.58999633789062,85.5,83.2699966430664,84.55000305175781,0
2023-02-07 03:00:00+00:00,85.18000030517578,85.5,84.30000305175781,84.58999633789062,0
2023-02-07 04:00:00+00:00,85.31999969482422,85.44999694824219,84.41000366210938,84.43000030517578,56
2023-02-07 05:00:00+00:00,84.48999786376953,85.36000061035156,84.33999633789062,84.45999908447266,439
2023-02-07 06:00:00+00:00,85.2300033569336,85.27999877929688,84.30000305175781,84.47000122070312,0
2023-02-07 07:00:00+00:00,84.48999786376953,85.30000305175781,84.12000274658203,84.36000061035156,623
2023-02-07 08:00:00+00:00,84.30999755859375,85.22000122070312,84.19999694824219,84.41999816894531,165
2023-02-07 09:00:00+00:00,84.55999755859375,85.4000015258789,84.16999816894531,84.37000274658203,338
2023-02-07 10:00:00+00:00,84.16000366210938,85.33000183105469,84.12999725341797,84.5199966430664,294
2023-02-07 11:00:00+00:00,84.16999816894531,85.04000091552734,84.05000305175781,84.0999984741211,353
2023-02-07 12:00:00+00:00,84.20999908447266,85.0,84.0199966430664,84.0999984741211,392
2023-02-07 13:00:00+00:00,84.72000122070312,84.9800033569336,83.63999938964844,84.1500015258789,493
2023-02-07 14:00:00+00:00,83.97000122070312,85.1500015258789,83.80000305175781,83.98999786376953,3082
2023-02-07 15:00:00+00:00,85.02999877929688,85.02999877929688,83.38999938964844,84.6500015258789,265
2023-02-07 16:00:00+00:00,86.01000213623047,86.94000244140625,83.91999816894531,85.05000305175781,7029
2023-02-07 17:00:00+00:00,87.4000015258789,87.80000305175781,85.94000244140625,86.05000305175781,265
2023-02-07 18:00:00+00:00,85.66999816894531,87.63999938964844,85.5,87.3499984741211,11097
2023-02-07 19:00:00+00:00,85.4000015258789,87.0,85.4000015258789,86.31999969482422,7496
2023-02-08 02:00:00+00:00,84.97000122070312,86.44999694824219,84.97000122070312,86.3499984741211,0
2023-02-08 03:00:00+00:00,84.94000244140625,85.63999938964844,84.69999694824219,84.93000030517578,117
2023-02-08 04:00:00+00:00,85.80000305175781,85.91000366210938,84.97000122070312,84.97000122070312,0
2023-02-08 05:00:00+00:00,85.16000366210938,85.8499984741211,84.8499984741211,85.75,66
2023-02-08 06:00:00+00:00,85.77999877929688,85.83000183105469,84.98999786376953,85.13999938964844,16
2023-02-08 07:00:00+00:00,85.62000274658203,86.36000061035156,85.05999755859375,85.77999877929688,871
2023-02-08 08:00:00+00:00,85.48999786376953,86.45999908447266,85.37000274658203,85.62000274658203,126
2023-02-08 09:00:00+00:00,85.55000305175781,86.38999938964844,85.5,85.5,120
2023-02-08 10:00:00+00:00,85.4800033569336,86.37999725341797,85.41000366210938,86.31999969482422,265
2023-02-08 11:00:00+00:00,85.4800033569336,86.20999908447266,85.38999938964844,86.12999725341797,327
2023-02-08 12:00:00+00:00,86.19999694824219,86.31999969482422,85.43000030517578,85.48999786376953,0
2023-02-08 13:00:00+00:00,86.0999984741211,86.48999786376953,85.19999694824219,86.13999938964844,1687
2023-02-08 14:00:00+00:00,84.73999786376953,86.2699966430664,84.55000305175781,85.41999816894531,3621
2023-02-08 15:00:00+00:00,84.91000366210938,85.83000183105469,84.13999938964844,85.44000244140625,3756
2023-02-08 16:00:00+00:00,85.12999725341797,86.5199966430664,84.76000213623047,84.91999816894531,3191
2023-02-08 17:00:00+00:00,84.4000015258789,85.73999786376953,84.30000305175781,85.73999786376953,3109
2023-02-08 18:00:00+00:00,85.27999877929688,86.02999877929688,84.44000244140625,84.44000244140625,2868
2023-02-08 19:00:00+00:00,85.37999725341797,86.19000244140625,85.19000244140625,85.26000213623047,0
2023-02-09 02:00:00+00:00,85.80000305175781,86.19999694824219,85.16000366210938,85.31999969482422,210
2023-02-09 03:00:00+00:00,85.87999725341797,85.9000015258789,85.0999984741211,85.16000366210938,79
2023-02-09 04:00:00+00:00,86.04000091552734,86.08000183105469,85.38999938964844,86.01000213623047,6
2023-02-09 05:00:00+00:00,86.0999984741211,86.19999694824219,85.45999908447266,86.08999633789062,28
2023-02-09 06:00:00+00:00,86.11000061035156,86.19999694824219,85.4000015258789,85.4000015258789,40
2023-02-09 07:00:00+00:00,85.6500015258789,86.27999877929688,85.4000015258789,86.08999633789062,118
2023-02-09 08:00:00+00:00,86.47000122070312,86.5999984741211,85.5999984741211,85.6500015258789,225
2023-02-09 09:00:00+00:00,86.44999694824219,86.55000305175781,85.83000183105469,85.83000183105469,126
2023-02-09 10:00:00+00:00,86.63999938964844,86.69999694824219,85.69999694824219,86.48999786376953,3743
2023-02-09 11:00:00+00:00,85.70999908447266,86.69999694824219,85.70999908447266,86.66999816894531,374
2023-02-09 12:00:00+00:00,86.4800033569336,86.55000305175781,85.62999725341797,85.69000244140625,0
2023-02-09 13:00:00+00:00,86.75,86.88999938964844,85.43000030517578,86.44000244140625,2324
2023-02-09 14:00:00+00:00,86.02999877929688,86.87999725341797,85.43000030517578,86.79000091552734,3550
2023-02-09 15:00:00+00:00,85.44000244140625,86.36000061035156,85.2300033569336,86.13999938964844,5690
2023-02-09 16:00:00+00:00,86.0,86.27999877929688,85.19999694824219,85.4800033569336,280
2023-02-09 17:00:00+00:00,86.06999969482422,86.41999816894531,85.5199966430664,86.02999877929688,3595
2023-02-09 18:00:00+00:00,86.04000091552734,86.19000244140625,85.36000061035156,86.0999984741211,4579
2023-02-09 19:00:00+00:00,85.88999938964844,86.1500015258789,85.36000061035156,85.66000366210938,4194
2023-02-10 02:00:00+00:00,85.0,85.5999984741211,84.68000030517578,85.30000305175781,0
2023-02-10 03:00:00+00:00,84.80000305175781,85.06999969482422,84.55000305175781,84.68000030517578,311
2023-02-10 04:00:00+00:00,85.0999984741211,85.2300033569336,84.6500015258789,84.86000061035156,163
2023-02-10 05:00:00+00:00,84.91000366210938,85.22000122070312,84.69000244140625,84.75,398
2023-02-10 06:00:00+00:00,84.94999694824219,85.0,84.61000061035156,84.91000366210938,428
2023-02-10 07:00:00+00:00,84.73999786376953,85.0,84.63999938964844,84.72000122070312,0
2023-02-10 08:00:00+00:00,85.19000244140625,85.30000305175781,84.61000061035156,85.0,1661
2023-02-10 09:00:00+00:00,84.87000274658203,85.29000091552734,84.62000274658203,84.93000030517578,558
2023-02-10 10:00:00+00:00,84.6500015258789,84.9800033569336,84.41999816894531,84.88999938964844,295
2023-02-10 11:00:00+00:00,84.38999938964844,84.69999694824219,84.26000213623047,84.66000366210938,0
2023-02-10 12:00:00+00:00,84.58999633789062,84.87999725341797,84.36000061035156,84.6500015258789,1651
2023-02-10 13:00:00+00:00,84.7300033569336,85.2699966430664,84.33999633789062,84.3499984741211,0
2023-02-10 14:00:00+00:00,85.5999984741211,85.5999984741211,84.7300033569336,84.7300033569336,4333
2023-02-10 15:00:00+00:00,85.8499984741211,85.98999786376953,85.0,85.5999984741211,2373
2023-02-10 16:00:00+00:00,85.51000213623047,85.87999725341797,85.16000366210938,85.55000305175781,1869
2023-02-10 17:00:00+00:00,85.0199966430664,85.68000030517578,85.0,85.23999786376953,0
2023-02-10 18:00:00+00:00,85.48999786376953,85.66999816894531,85.01000213623047,85.02999877929688,5550
2023-02-10 19:00:00+00:00,85.69999694824219,85.7699966430664,85.04000091552734,85.4800033569336,4170
2023-02-13 02:00:00+00:00,85.61000061035156,85.70999908447266,85.1500015258789,85.58000183105469,546
2023-02-13 03:00:00+00:00,85.16999816894531,85.6500015258789,85.12999725341797,85.58999633789062,241
2023-02-13 04:00:00+00:00,85.11000061035156,85.16999816894531,85.0,85.13999938964844,77
2023-02-13 05:00:00+00:00,85.06999969482422,85.20999908447266,85.0199966430664,85.05000305175781,66
2023-02-13 06:00:00+00:00,84.9000015258789,85.30999755859375,84.88999938964844,85.01000213623047,313
2023-02-13 07:00:00+00:00,85.0,85.11000061035156,84.8499984741211,84.91999816894531,59
2023-02-13 08:00:00+00:00,85.2300033569336,85.2300033569336,85.0,85.0,54
2023-02-13 09:00:00+00:00,85.31999969482422,85.38999938964844,85.18000030517578,85.33000183105469,175
2023-02-13 10:00:00+00:00,85.30000305175781,85.3499984741211,85.22000122070312,85.29000091552734,304
2023-02-13 11:00:00+00:00,85.5199966430664,85.5199966430664,85.23999786376953,85.33000183105469,345
2023-02-13 12:00:00+00:00,85.7699966430664,86.05000305175781,85.4000015258789,85.5199966430664,531
2023-02-13 13:00:00+00:00,85.43000030517578,86.0199966430664,85.37999725341797,85.79000091552734,1433
2023-02-13 14:00:00+00:00,85.80000305175781,85.80000305175781,85.30000305175781,85.44000244140625,2974
2023-02-13 15:00:00+00:00,86.48999786376953,86.7699966430664,85.80000305175781,85.80000305175781,5308
2023-02-13 16:00:00+00:00,86.36000061035156,86.5999984741211,86.16999816894531,86.48999786376953,2800
2023-02-13 17:00:00+00:00,85.75,86.4000015258789,85.75,86.38999938964844,1841
2023-02-13 18:00:00+00:00,85.66999816894531,86.06999969482422,85.58999633789062,85.75,1964
2023-02-13 19:00:00+00:00,85.69000244140625,85.91000366210938,85.5199966430664,85.66999816894531,3662
2023-02-14 02:00:00+00:00,85.30000305175781,85.55000305175781,85.05999755859375,85.55000305175781,0
2023-02-14 03:00:00+00:00,85.41000366210938,85.44999694824219,85.30000305175781,85.36000061035156,61
2023-02-14 04:00:00+00:00,85.43000030517578,85.45999908447266,85.43000030517578,85.44999694824219,4
2023-02-14 05:00:00+00:00,85.33000183105469,85.44999694824219,85.26000213623047,85.4000015258789,68
2023-02-14 06:00:00+00:00,85.30000305175781,85.55000305175781,85.18000030517578,85.30999755859375,240
2023-02-14 07:00:00+00:00,85.30000305175781,85.37999725341797,85.30000305175781,85.33000183105469,62
2023-02-14 08:00:00+00:00,85.47000122070312,85.52999877929688,85.25,85.26000213623047,110
2023-02-14 09:00:00+00:00,85.43000030517578,85.48999786376953,85.33999633789062,85.47000122070312,243
2023-02-14 10:00:00+00:00,85.2300033569336,85.37000274658203,85.1500015258789,85.36000061035156,183
2023-02-14 11:00:00+00:00,85.27999877929688,85.30000305175781,85.1500015258789,85.23999786376953,207
2023-02-14 12:00:00+00:00,85.25,85.43000030517578,85.2300033569336,85.30999755859375,178
2023-02-14 13:00:00+00:00,85.16000366210938,85.75,84.95999908447266,85.23999786376953,2295
2023-02-14 14:00:00+00:00,84.88999938964844,85.30999755859375,84.5,85.19000244140625,3384
2023-02-14 15:00:00+00:00,85.16999816894531,86.08999633789062,84.75,84.91999816894531,4465
2023-02-14 16:00:00+00:00,85.43000030517578,85.75,85.05000305175781,85.18000030517578,2527
2023-02-14 17:00:00+00:00,85.58000183105469,85.80000305175781,85.2699966430664,85.41000366210938,1574
2023-02-14 18:00:00+00:00,85.66000366210938,85.91999816894531,85.52999877929688,85.58000183105469,1611
2023-02-14 19:00:00+00:00,85.8499984741211,85.86000061035156,85.55999755859375,85.6500015258789,2423
2023-02-15 02:00:00+00:00,85.61000061035156,85.9000015258789,85.41000366210938,85.58000183105469,0
2023-02-15 03:00:00+00:00,85.62999725341797,85.62999725341797,85.36000061035156,85.62000274658203,122
2023-02-15 04:00:00+00:00,85.5999984741211,85.70999908447266,85.55000305175781,85.62000274658203,39
2023-02-15 05:00:00+00:00,85.37000274658203,85.6500015258789,85.37000274658203,85.61000061035156,61
2023-02-15 06:00:00+00:00,85.30999755859375,85.41000366210938,85.12000274658203,85.37999725341797,207
2023-02-15 07:00:00+00:00,85.18000030517578,85.37999725341797,85.18000030517578,85.30000305175781,0
2023-02-15 08:00:00+00:00,85.47000122070312,85.68000030517578,85.23999786376953,85.23999786376953,1125
2023-02-15 09:00:00+00:00,85.30000305175781,85.45999908447266,85.30000305175781,85.41000366210938,128
2023-02-15 10:00:00+00:00,85.26000213623047,85.36000061035156,85.1500015258789,85.30999755859375,386
2023-02-15 11:00:00+00:00,85.44000244140625,85.44999694824219,85.16000366210938,85.25,166
2023-02-15 12:00:00+00:00,85.05999755859375,85.33999633789062,84.97000122070312,85.33000183105469,382
2023-02-15 13:00:00+00:00,84.94999694824219,85.44000244140625,84.9000015258789,85.13999938964844,1225
2023-02-15 14:00:00+00:00,84.69999694824219,85.12000274658203,84.66000366210938,84.95999908447266,2612
2023-02-15 15:00:00+00:00,84.05000305175781,84.94999694824219,84.05000305175781,84.69999694824219,5352
2023-02-15 16:00:00+00:00,83.18000030517578,84.22000122070312,82.86000061035156,84.06999969482422,8806
2023-02-15 17:00:00+00:00,83.02999877929688,83.25,82.86000061035156,83.19000244140625,3929
2023-02-15 18:00:00+00:00,82.76000213623047,83.05000305175781,82.5,83.02999877929688,5245
2023-02-15 19:00:00+00:00,82.61000061035156,82.9800033569336,82.51000213623047,82.76000213623047,7558
2023-02-16 02:00:00+00:00,83.94000244140625,84.19999694824219,82.76000213623047,82.87000274658203,0
2023-02-16 03:00:00+00:00,83.70999908447266,84.12000274658203,83.4000015258789,83.88999938964844,432
2023-02-16 04:00:00+00:00,83.9000015258789,83.91999816894531,83.77999877929688,83.79000091552734,42
2023-02-16 05:00:00+00:00,84.0,84.08999633789062,83.86000061035156,83.91000366210938,98
2023-02-16 06:00:00+00:00,84.05000305175781,84.08000183105469,83.9000015258789,83.9800033569336,275
2023-02-16 07:00:00+00:00,84.0199966430664,84.05000305175781,83.94000244140625,84.05000305175781,136
2023-02-16 08:00:00+00:00,83.4000015258789,84.04000091552734,83.20999908447266,84.01000213623047,1550
2023-02-16 09:00:00+00:00,83.2699966430664,83.55000305175781,83.18000030517578,83.37999725341797,504
2023-02-16 10:00:00+00:00,82.98999786376953,83.27999877929688,82.97000122070312,83.23999786376953,264
2023-02-16 11:00:00+00:00,83.0199966430664,83.30999755859375,83.0199966430664,83.0199966430664,236
2023-02-16 12:00:00+00:00,83.16000366210938,83.26000213623047,83.06999969482422,83.06999969482422,427
2023-02-16 13:00:00+00:00,82.75,83.33999633789062,82.62999725341797,83.18000030517578,2168
2023-02-16 14:00:00+00:00,82.08999633789062,82.77999877929688,82.05000305175781,82.70999908447266,3868
2023-02-16 15:00:00+00:00,82.12999725341797,82.5,81.80000305175781,82.08999633789062,4368
2023-02-16 16:00:00+00:00,81.58000183105469,82.4800033569336,81.20999908447266,82.12999725341797,5005
2023-02-16 17:00:00+00:00,82.13999938964844,82.33999633789062,81.5999984741211,81.5999984741211,1827
2023-02-16 18:00:00+00:00,82.06999969482422,82.5199966430664,81.70999908447266,82.13999938964844,2531
2023-02-16 19:00:00+00:00,81.98999786376953,82.12999725341797,81.77999877929688,82.08000183105469,2621
2023-02-17 02:00:00+00:00,82.31999969482422,82.41999816894531,81.68000030517578,81.98999786376953,0
2023-02-17 03:00:00+00:00,82.12999725341797,82.30999755859375,82.05999755859375,82.30999755859375,95
2023-02-17 04:00:00+00:00,82.12999725341797,82.20999908447266,82.05999755859375,82.0999984741211,139
2023-02-17 05:00:00+00:00,82.06999969482422,82.1500015258789,82.06999969482422,82.11000061035156,26
2023-02-17 06:00:00+00:00,81.69999694824219,82.13999938964844,81.66999816894531,82.0999984741211,156
2023-02-17 07:00:00+00:00,81.6500015258789,81.83000183105469,81.5199966430664,81.7300033569336,262
2023-02-17 08:00:00+00:00,81.45999908447266,81.56999969482422,81.36000061035156,81.56999969482422,247
2023-02-17 09:00:00+00:00,81.5199966430664,81.63999938964844,81.36000061035156,81.44000244140625,313
2023-02-17 10:00:00+00:00,81.38999938964844,81.58000183105469,81.38999938964844,81.44999694824219,300
2023-02-17 11:00:00+00:00,81.41000366210938,81.44999694824219,81.2699966430664,81.4000015258789,380
2023-02-17 12:00:00+00:00,81.12999725341797,81.54000091552734,81.05000305175781,81.41000366210938,933
2023-02-17 13:00:00+00:00,81.0199966430664,81.2699966430664,81.0,81.12999725341797,1811
2023-02-17 14:00:00+00:00,81.33000183105469,81.68000030517578,81.02999877929688,81.04000091552734,2552
2023-02-17 15:00:00+00:00,81.47000122070312,81.69999694824219,80.87999725341797,81.31999969482422,3502
2023-02-17 16:00:00+00:00,81.20999908447266,82.23999786376953,81.19000244140625,81.45999908447266,2139
2023-02-17 17:00:00+00:00,81.51000213623047,81.68000030517578,81.20999908447266,81.20999908447266,1552
2023-02-17 18:00:00+00:00,81.58000183105469,81.80000305175781,81.36000061035156,81.47000122070312,2196
2023-02-17 19:00:00+00:00,81.69000244140625,81.81999969482422,81.41000366210938,81.58000183105469,2881
2023-02-21 05:00:00+00:00,82.37999725341797,82.48999786376953,82.12000274658203,82.13999938964844,132
2023-02-21 06:00:00+00:00,82.48999786376953,82.69999694824219,82.30999755859375,82.38999938964844,673
2023-02-21 07:00:00+00:00,82.25,82.45999908447266,82.0,82.44999694824219,251
2023-02-21 08:00:00+00:00,82.56999969482422,82.69999694824219,82.18000030517578,82.19000244140625,257
2023-02-21 09:00:00+00:00,83.0,83.0999984741211,82.48999786376953,82.55999755859375,507
2023-02-21 10:00:00+00:00,82.87000274658203,83.26000213623047,82.8499984741211,83.08000183105469,540
2023-02-21 11:00:00+00:00,83.04000091552734,83.25,82.81999969482422,82.91999816894531,578
2023-02-21 12:00:00+00:00,82.62000274658203,83.02999877929688,82.2699966430664,83.0,418
2023-02-21 13:00:00+00:00,83.12000274658203,83.13999938964844,82.25,82.62000274658203,1478
2023-02-21 14:00:00+00:00,83.77999877929688,84.8499984741211,83.08999633789062,83.12000274658203,5686
2023-02-21 15:00:00+00:00,81.58000183105469,83.83999633789062,81.55000305175781,83.77999877929688,4065
2023-02-21 16:00:00+00:00,81.56999969482422,82.0,81.3499984741211,81.58000183105469,3402
2023-02-21 17:00:00+00:00,82.0999984741211,82.18000030517578,81.5199966430664,81.55999755859375,1306
2023-02-21 18:00:00+00:00,81.83000183105469,82.87000274658203,81.79000091552734,82.08999633789062,1747
2023-02-21 19:00:00+00:00,81.52999877929688,81.94999694824219,81.45999908447266,81.80000305175781,2439
2023-02-22 02:00:00+00:00,82.44999694824219,82.52999877929688,81.69999694824219,81.69999694824219,0
2023-02-22 03:00:00+00:00,82.4800033569336,82.75,82.4800033569336,82.5199966430664,110
2023-02-22 04:00:00+00:00,82.4000015258789,82.69999694824219,82.3499984741211,82.56999969482422,68
2023-02-22 05:00:00+00:00,82.70999908447266,82.81999969482422,82.36000061035156,82.36000061035156,135
2023-02-22 06:00:00+00:00,82.2300033569336,82.69000244140625,82.0999984741211,82.66999816894531,162
2023-02-22 07:00:00+00:00,81.86000061035156,82.30000305175781,81.55000305175781,82.2300033569336,154
2023-02-22 08:00:00+00:00,81.72000122070312,81.94999694824219,81.61000061035156,81.79000091552734,86
2023-02-22 09:00:00+00:00,81.27999877929688,81.77999877929688,81.22000122070312,81.7699966430664,360
2023-02-22 10:00:00+00:00,81.31999969482422,81.38999938964844,81.08000183105469,81.25,514
2023-02-22 11:00:00+00:00,81.58000183105469,81.73999786376953,81.27999877929688,81.29000091552734,206
2023-02-22 12:00:00+00:00,81.81999969482422,81.98999786376953,81.69999694824219,81.69999694824219,250
2023-02-22 13:00:00+00:00,82.11000061035156,82.6500015258789,81.73999786376953,81.81999969482422,1515
2023-02-22 14:00:00+00:00,82.27999877929688,82.80000305175781,82.04000091552734,82.0999984741211,1630
2023-02-22 15:00:00+00:00,82.30000305175781,82.61000061035156,81.41999816894531,82.26000213623047,2001
2023-02-22 16:00:00+00:00,82.54000091552734,82.9000015258789,82.08000183105469,82.30999755859375,2205
2023-02-22 17:00:00+00:00,82.63999938964844,82.79000091552734,82.23999786376953,82.55999755859375,1482
2023-02-22 18:00:00+00:00,82.06999969482422,82.8499984741211,81.81999969482422,82.5999984741211,1335
2023-02-22 19:00:00+00:00,81.94000244140625,82.16999816894531,81.76000213623047,82.05999755859375,0
2023-02-23 02:00:00+00:00,82.4000015258789,82.47000122070312,81.80999755859375,81.87999725341797,164
2023-02-23 03:00:00+00:00,82.30000305175781,82.47000122070312,82.30000305175781,82.33999633789062,23
2023-02-23 04:00:00+00:00,82.41999816894531,82.45999908447266,82.30999755859375,82.45999908447266,8
2023-02-23 05:00:00+00:00,82.22000122070312,82.36000061035156,82.0999984741211,82.3499984741211,34
2023-02-23 06:00:00+00:00,82.0999984741211,82.2300033569336,81.87000274658203,82.19000244140625,109
2023-02-23 07:00:00+00:00,82.23999786376953,82.23999786376953,82.06999969482422,82.0999984741211,63
2023-02-23 08:00:00+00:00,82.11000061035156,82.25,82.0999984741211,82.16000366210938,28
2023-02-23 09:00:00+00:00,82.0,82.19000244140625,81.87000274658203,82.13999938964844,83
2023-02-23 10:00:00+00:00,82.0199966430664,82.0199966430664,81.81999969482422,81.95999908447266,111
2023-02-23 11:00:00+00:00,82.04000091552734,82.11000061035156,81.9000015258789,81.94999694824219,135
2023-02-23 12:00:00+00:00,82.80999755859375,82.88999938964844,82.02999877929688,82.04000091552734,624
2023-02-23 13:00:00+00:00,82.70999908447266,83.18000030517578,82.52999877929688,82.73999786376953,1238
2023-02-23 14:00:00+00:00,82.80999755859375,83.08000183105469,82.41999816894531,82.7300033569336,1175
2023-02-23 15:00:00+00:00,82.93000030517578,83.04000091552734,82.41999816894531,82.80000305175781,1893
2023-02-23 16:00:00+00:00,82.26000213623047,83.37999725341797,82.18000030517578,82.9000015258789,2502
2023-02-23 17:00:00+00:00,82.08000183105469,82.38999938964844,81.9000015258789,82.2699966430664,1695
2023-02-23 18:00:00+00:00,82.06999969482422,82.41000366210938,82.0,82.05999755859375,1099
2023-02-23 19:00:00+00:00,82.26000213623047,82.38999938964844,82.04000091552734,82.08999633789062,1216
2023-02-24 02:00:00+00:00,82.05999755859375,82.68000030517578,81.97000122070312,82.33999633789062,0
2023-02-24 03:00:00+00:00,82.36000061035156,82.36000061035156,81.9800033569336,82.06999969482422,78
2023-02-24 04:00:00+00:00,82.4000015258789,82.4000015258789,82.31999969482422,82.36000061035156,5
2023-02-24 05:00:00+00:00,82.04000091552734,82.41999816894531,81.9800033569336,82.41999816894531,113
2023-02-24 06:00:00+00:00,82.08000183105469,82.11000061035156,81.97000122070312,82.06999969482422,50
2023-02-24 07:00:00+00:00,82.02999877929688,82.19000244140625,82.0,82.08000183105469,63
2023-02-24 08:00:00+00:00,81.94000244140625,82.06999969482422,81.86000061035156,82.02999877929688,260
2023-02-24 09:00:00+00:00,81.87999725341797,82.0,81.81999969482422,81.95999908447266,134
2023-02-24 10:00:00+00:00,81.83999633789062,82.0,81.75,81.83999633789062,269
2023-02-24 11:00:00+00:00,81.81999969482422,81.87000274658203,81.6500015258789,81.83000183105469,191
2023-02-24 12:00:00+00:00,81.6500015258789,81.8499984741211,81.5999984741211,81.76000213623047,299
2023-02-24 13:00:00+00:00,82.63999938964844,82.7699966430664,81.55000305175781,81.62999725341797,2302
2023-02-24 14:00:00+00:00,82.45999908447266,82.87999725341797,82.22000122070312,82.62999725341797,1738
2023-02-24 15:00:00+00:00,83.22000122070312,83.30999755859375,82.37000274658203,82.5,2333
2023-02-24 16:00:00+00:00,84.75,84.81999969482422,83.91000366210938,84.19999694824219,6370
2023-02-24 17:00:00+00:00,83.9800033569336,84.80999755859375,83.58999633789062,84.76000213623047,2924
2023-02-24 18:00:00+00:00,84.58000183105469,84.79000091552734,83.93000030517578,83.9800033569336,2275
2023-02-24 19:00:00+00:00,85.05000305175781,85.05000305175781,84.5,84.5999984741211,3115
2023-02-27 02:00:00+00:00,83.7699966430664,85.0,83.72000122070312,84.9000015258789,824
2023-02-27 03:00:00+00:00,83.58000183105469,83.73999786376953,83.30000305175781,83.72000122070312,405
2023-02-27 04:00:00+00:00,83.66000366210938,83.68000030517578,83.55000305175781,83.5999984741211,82
2023-02-27 05:00:00+00:00,83.61000061035156,83.81999969482422,83.5,83.68000030517578,132
2023-02-27 06:00:00+00:00,83.55999755859375,83.63999938964844,83.48999786376953,83.58000183105469,111
2023-02-27 07:00:00+00:00,83.97000122070312,84.02999877929688,83.61000061035156,83.61000061035156,55
2023-02-27 08:00:00+00:00,84.36000061035156,84.43000030517578,84.0199966430664,84.0199966430664,121
2023-02-27 09:00:00+00:00,83.91000366210938,84.55000305175781,83.69999694824219,84.4000015258789,257
2023-02-27 10:00:00+00:00,83.87999725341797,83.94999694824219,83.76000213623047,83.91999816894531,48
2023-02-27 11:00:00+00:00,83.69999694824219,84.0199966430664,83.69999694824219,83.95999908447266,73
2023-02-27 12:00:00+00:00,83.55999755859375,83.83999633789062,83.45999908447266,83.62999725341797,214
2023-02-27 13:00:00+00:00,83.91000366210938,84.1500015258789,83.47000122070312,83.54000091552734,1090
2023-02-27 14:00:00+00:00,83.93000030517578,84.30999755859375,83.80000305175781,83.97000122070312,1284
2023-02-27 15:00:00+00:00,84.41999816894531,84.58000183105469,83.8499984741211,83.93000030517578,2202
2023-02-27 16:00:00+00:00,84.55000305175781,84.63999938964844,84.16000366210938,84.43000030517578,2127
2023-02-27 17:00:00+00:00,84.80000305175781,84.83999633789062,84.47000122070312,84.55999755859375,1677
2023-02-27 18:00:00+00:00,84.88999938964844,84.88999938964844,84.63999938964844,84.80000305175781,1155
2023-02-27 19:00:00+00:00,84.66999816894531,84.88999938964844,84.62999725341797,84.88999938964844,1756
2023-02-28 02:00:00+00:00,84.18000030517578,84.47000122070312,84.05000305175781,84.47000122070312,0
2023-02-28 03:00:00+00:00,84.63999938964844,84.63999938964844,84.16000366210938,84.22000122070312,70
2023-02-28 04:00:00+00:00,84.47000122070312,84.66000366210938,84.45999908447266,84.6500015258789,32
2023-02-28 05:00:00+00:00,84.37999725341797,84.55999755859375,84.30000305175781,84.51000213623047,0
2023-02-28 06:00:00+00:00,84.41000366210938,84.45999908447266,84.25,84.37999725341797,623
2023-02-28 07:00:00+00:00,84.5199966430664,84.52999877929688,84.37999725341797,84.41000366210938,43
2023-02-28 08:00:00+00:00,84.4800033569336,84.56999969482422,84.26000213623047,84.5,67
2023-02-28 09:00:00+00:00,84.55999755859375,84.66000366210938,84.51000213623047,84.55999755859375,53
2023-02-28 10:00:00+00:00,84.62999725341797,84.62999725341797,84.41999816894531,84.52999877929688,65
2023-02-28 11:00:00+00:00,84.45999908447266,84.62000274658203,84.43000030517578,84.62000274658203,168
2023-02-28 12:00:00+00:00,84.44000244140625,84.6500015258789,84.4000015258789,84.44000244140625,96
2023-02-28 13:00:00+00:00,84.73999786376953,84.80000305175781,84.47000122070312,84.51000213623047,708
2023-02-28 14:00:00+00:00,84.48999786376953,84.9800033569336,84.38999938964844,84.75,1579
2023-02-28 15:00:00+00:00,84.29000091552734,84.80000305175781,84.06999969482422,84.48999786376953,1992
2023-02-28 16:00:00+00:00,84.66000366210938,84.94999694824219,84.30000305175781,84.30000305175781,1319
2023-02-28 17:00:00+00:00,83.95999908447266,84.73999786376953,83.52999877929688,84.66000366210938,1458
2023-02-28 18:00:00+00:00,83.98999786376953,84.18000030517578,83.5,83.97000122070312,1670
2023-02-28 19:00:00+00:00,83.98999786376953,84.12999725341797,83.63999938964844,83.97000122070312,2103
2023-03-01 02:00:00+00:00,84.58000183105469,84.66000366210938,83.80000305175781,84.02999877929688,0
2023-03-01 03:00:00+00:00,84.69000244140625,84.75,84.5999984741211,84.5999984741211,94
2023-03-01 04:00:00+00:00,84.56999969482422,84.69999694824219,84.56999969482422,84.69999694824219,13
2023-03-01 05:00:00+00:00,84.54000091552734,84.6500015258789,84.54000091552734,84.5999984741211,46
2023-03-01 06:00:00+00:00,84.83000183105469,84.8499984741211,84.58999633789062,84.58999633789062,237
2023-03-01 07:00:00+00:00,84.55999755859375,84.83999633789062,84.55999755859375,84.83999633789062,55
2023-03-01 08:00:00+00:00,84.76000213623047,84.8499984741211,84.56999969482422,84.62999725341797,117
2023-03-01 09:00:00+00:00,84.63999938964844,84.80000305175781,84.58000183105469,84.79000091552734,118
2023-03-01 10:00:00+00:00,84.77999877929688,84.77999877929688,84.58000183105469,84.58000183105469,73
2023-03-01 11:00:00+00:00,84.70999908447266,84.77999877929688,84.62999725341797,84.75,66
2023-03-01 12:00:00+00:00,85.2699966430664,85.30000305175781,84.70999908447266,84.7300033569336,1323
2023-03-01 13:00:00+00:00,85.2699966430664,85.5,85.08000183105469,85.2699966430664,2005
2023-03-01 14:00:00+00:00,85.31999969482422,85.37999725341797,84.83000183105469,85.27999877929688,1706
2023-03-01 15:00:00+00:00,85.36000061035156,85.44000244140625,84.45999908447266,85.33000183105469,2950
2023-03-01 16:00:00+00:00,84.94999694824219,85.43000030517578,84.8499984741211,85.36000061035156,1748
2023-03-01 17:00:00+00:00,85.5,85.69999694824219,84.9000015258789,84.93000030517578,2000
2023-03-01 18:00:00+00:00,85.88999938964844,86.08000183105469,85.54000091552734,85.55000305175781,2025
2023-03-01 19:00:00+00:00,85.66000366210938,85.88999938964844,85.43000030517578,85.87999725341797,0
2023-03-02 02:00:00+00:00,85.68000030517578,85.75,85.3499984741211,85.5,539
2023-03-02 03:00:00+00:00,85.80000305175781,85.87000274658203,85.54000091552734,85.73999786376953,119
2023-03-02 04:00:00+00:00,85.87999725341797,85.87999725341797,85.7300033569336,85.79000091552734,37
2023-03-02 05:00:00+00:00,85.94000244140625,85.94999694824219,85.61000061035156,85.77999877929688,113
2023-03-02 06:00:00+00:00,85.95999908447266,86.0,85.80999755859375,85.88999938964844,259
2023-03-02 07:00:00+00:00,86.0,86.25,85.91999816894531,85.9800033569336,240
2023-03-02 08:00:00+00:00,86.04000091552734,86.12000274658203,85.9000015258789,86.0,145
2023-03-02 09:00:00+00:00,85.9000015258789,86.04000091552734,85.80999755859375,86.02999877929688,68
2023-03-02 10:00:00+00:00,85.87999725341797,85.9800033569336,85.79000091552734,85.87000274658203,115
2023-03-02 11:00:00+00:00,85.91000366210938,86.0,85.86000061035156,85.91999816894531,53
2023-03-02 12:00:00+00:00,85.91000366210938,86.0,85.70999908447266,85.88999938964844,171
2023-03-02 13:00:00+00:00,84.31999969482422,86.1500015258789,84.31999969482422,85.97000122070312,3074
2023-03-02 14:00:00+00:00,84.76000213623047,84.9000015258789,84.19999694824219,84.36000061035156,2726
2023-03-02 15:00:00+00:00,84.75,85.1500015258789,84.63999938964844,84.76000213623047,1642
2023-03-02 16:00:00+00:00,83.93000030517578,84.94999694824219,83.86000061035156,84.7699966430664,3528
2023-03-02 17:00:00+00:00,83.43000030517578,84.0199966430664,83.11000061035156,83.94000244140625,3563
2023-03-02 18:00:00+00:00,83.9800033569336,84.41999816894531,83.33000183105469,83.41000366210938,1565
2023-03-02 19:00:00+00:00,83.66000366210938,84.33000183105469,83.5,83.97000122070312,0
2023-03-03 02:00:00+00:00,84.16000366210938,84.20999908447266,83.80000305175781,83.9000015258789,348
2023-03-03 03:00:00+00:00,84.0,84.37000274658203,84.0,84.16000366210938,148
2023-03-03 04:00:00+00:00,84.02999877929688,84.05000305175781,83.94999694824219,84.02999877929688,67
2023-03-03 05:00:00+00:00,84.23999786376953,84.23999786376953,84.0999984741211,84.0999984741211,64
2023-03-03 06:00:00+00:00,84.37000274658203,84.37999725341797,84.11000061035156,84.11000061035156,129
2023-03-03 07:00:00+00:00,84.30000305175781,84.38999938964844,84.22000122070312,84.36000061035156,23
2023-03-03 08:00:00+00:00,84.52999877929688,84.68000030517578,84.30000305175781,84.31999969482422,151
2023-03-03 09:00:00+00:00,84.30999755859375,84.6500015258789,84.27999877929688,84.47000122070312,69
2023-03-03 10:00:00+00:00,84.27999877929688,84.4000015258789,84.22000122070312,84.27999877929688,33
2023-03-03 11:00:00+00:00,84.13999938964844,84.22000122070312,84.0999984741211,84.20999908447266,86
2023-03-03 12:00:00+00:00,84.16999816894531,84.25,83.98999786376953,84.18000030517578,141
2023-03-03 13:00:00+00:00,84.0199966430664,84.36000061035156,83.80999755859375,84.16999816894531,1345
2023-03-03 14:00:00+00:00,84.3499984741211,84.69000244140625,83.63999938964844,84.0199966430664,1383
2023-03-03 15:00:00+00:00,84.31999969482422,84.4000015258789,83.87999725341797,84.33000183105469,1414
2023-03-03 16:00:00+00:00,84.45999908447266,84.5,84.01000213623047,84.30999755859375,1224
2023-03-03 17:00:00+00:00,84.86000061035156,84.86000061035156,84.36000061035156,84.44999694824219,1373
2023-03-03 18:00:00+00:00,84.23999786376953,84.9000015258789,84.0999984741211,84.86000061035156,1181
2023-03-03 19:00:00+00:00,84.18000030517578,84.31999969482422,84.0999984741211,84.23999786376953,2187
2023-03-06 02:00:00+00:00,84.19999694824219,84.26000213623047,84.06999969482422,84.18000030517578,113
2023-03-06 03:00:00+00:00,84.11000061035156,84.20999908447266,84.0999984741211,84.0999984741211,10
2023-03-06 04:00:00+00:00,84.0,84.12000274658203,84.0,84.11000061035156,106
2023-03-06 05:00:00+00:00,84.12999725341797,84.12999725341797,83.9800033569336,84.02999877929688,43
2023-03-06 06:00:00+00:00,84.08999633789062,84.19000244140625,84.08999633789062,84.16999816894531,13
2023-03-06 07:00:00+00:00,84.2300033569336,84.4800033569336,84.12999725341797,84.12999725341797,122
2023-03-06 08:00:00+00:00,84.20999908447266,84.25,84.1500015258789,84.20999908447266,51
2023-03-06 09:00:00+00:00,84.02999877929688,84.27999877929688,83.87000274658203,84.1500015258789,298
2023-03-06 10:00:00+00:00,83.5199966430664,84.04000091552734,83.44999694824219,83.9800033569336,417
2023-03-06 11:00:00+00:00,83.63999938964844,83.7699966430664,83.44999694824219,83.5,1027
2023-03-06 12:00:00+00:00,83.5,83.7699966430664,83.4000015258789,83.61000061035156,293
2023-03-06 13:00:00+00:00,84.12000274658203,84.38999938964844,83.27999877929688,83.48999786376953,949
2023-03-06 14:00:00+00:00,84.44999694824219,84.58000183105469,83.83999633789062,84.12999725341797,1271
2023-03-06 15:00:00+00:00,85.19999694824219,85.37999725341797,84.36000061035156,84.44999694824219,2470
2023-03-06 16:00:00+00:00,85.02999877929688,85.25,84.86000061035156,85.0199966430664,1476
2023-03-06 17:00:00+00:00,85.12999725341797,85.31999969482422,84.93000030517578,85.01000213623047,1062
2023-03-06 18:00:00+00:00,84.81999969482422,85.18000030517578,84.81999969482422,85.12999725341797,1181
2023-03-06 19:00:00+00:00,84.75,84.8499984741211,84.62000274658203,84.8499984741211,0
2023-03-07 02:00:00+00:00,84.68000030517578,84.9000015258789,84.52999877929688,84.6500015258789,382
2023-03-07 03:00:00+00:00,84.56999969482422,84.62000274658203,84.44000244140625,84.62000274658203,14
2023-03-07 04:00:00+00:00,84.63999938964844,84.63999938964844,84.44999694824219,84.44999694824219,23
2023-03-07 05:00:00+00:00,84.47000122070312,84.55999755859375,84.44999694824219,84.51000213623047,17
2023-03-07 06:00:00+00:00,84.43000030517578,84.45999908447266,84.27999877929688,84.45999908447266,118
2023-03-07 07:00:00+00:00,84.66999816894531,84.69000244140625,84.41999816894531,84.43000030517578,79
2023-03-07 08:00:00+00:00,84.73999786376953,84.77999877929688,84.52999877929688,84.69000244140625,77
2023-03-07 09:00:00+00:00,84.68000030517578,84.80999755859375,84.66999816894531,84.69999694824219,54
2023-03-07 10:00:00+00:00,84.62999725341797,84.7300033569336,84.55000305175781,84.72000122070312,86
2023-03-07 11:00:00+00:00,84.52999877929688,84.62000274658203,84.37999725341797,84.61000061035156,114
2023-03-07 12:00:00+00:00,84.29000091552734,84.68000030517578,84.19999694824219,84.5,255
2023-03-07 13:00:00+00:00,84.01000213623047,84.38999938964844,83.94999694824219,84.22000122070312,1234
2023-03-07 14:00:00+00:00,83.86000061035156,84.19999694824219,83.75,84.01000213623047,1608
2023-03-07 15:00:00+00:00,82.91999816894531,83.87000274658203,82.66999816894531,83.8499984741211,6347
2023-03-07 16:00:00+00:00,82.88999938964844,83.12000274658203,82.79000091552734,82.9000015258789,1323
2023-03-07 17:00:00+00:00,82.81999969482422,83.20999908447266,82.69000244140625,82.9000015258789,1271
2023-03-07 18:00:00+00:00,82.55999755859375,82.81999969482422,82.55000305175781,82.80000305175781,2038
2023-03-07 19:00:00+00:00,82.69999694824219,82.87000274658203,82.52999877929688,82.55000305175781,2635
2023-03-08 02:00:00+00:00,83.1500015258789,83.30999755859375,82.86000061035156,82.91999816894531,0
2023-03-08 03:00:00+00:00,83.16000366210938,83.2300033569336,83.1500015258789,83.1500015258789,37
2023-03-08 04:00:00+00:00,83.27999877929688,83.27999877929688,83.16000366210938,83.19000244140625,32
2023-03-08 05:00:00+00:00,83.1500015258789,83.25,83.06999969482422,83.25,61
2023-03-08 06:00:00+00:00,83.06999969482422,83.22000122070312,83.05000305175781,83.1500015258789,156
2023-03-08 07:00:00+00:00,82.88999938964844,83.11000061035156,82.87000274658203,83.11000061035156,232
2023-03-08 08:00:00+00:00,82.83999633789062,82.94999694824219,82.81999969482422,82.9000015258789,78
2023-03-08 09:00:00+00:00,82.94000244140625,83.11000061035156,82.69999694824219,82.88999938964844,665
2023-03-08 10:00:00+00:00,82.91000366210938,83.0999984741211,82.8499984741211,82.95999908447266,320
2023-03-08 11:00:00+00:00,82.97000122070312,83.23999786376953,82.97000122070312,83.0,147
2023-03-08 12:00:00+00:00,82.75,83.11000061035156,82.72000122070312,83.01000213623047,245
2023-03-08 13:00:00+00:00,83.08999633789062,83.12000274658203,82.69999694824219,82.69999694824219,1101
2023-03-08 14:00:00+00:00,83.19999694824219,83.31999969482422,82.77999877929688,83.08000183105469,1494
2023-03-08 15:00:00+00:00,82.75,83.4800033569336,82.69999694824219,83.19999694824219,2039
2023-03-08 16:00:00+00:00,82.72000122070312,82.80999755859375,82.3499984741211,82.76000213623047,2325
2023-03-08 17:00:00+00:00,82.22000122070312,82.75,82.16000366210938,82.72000122070312,2130
2023-03-08 18:00:00+00:00,82.43000030517578,82.44999694824219,82.18000030517578,82.22000122070312,1362
2023-03-08 19:00:00+00:00,82.63999938964844,82.87000274658203,82.41999816894531,82.41999816894531,2151
2023-03-09 02:00:00+00:00,82.69000244140625,82.77999877929688,82.37999725341797,82.62000274658203,0
2023-03-09 03:00:00+00:00,82.68000030517578,82.73999786376953,82.5999984741211,82.68000030517578,27
2023-03-09 04:00:00+00:00,82.77999877929688,82.86000061035156,82.69000244140625,82.69000244140625,23
2023-03-09 05:00:00+00:00,82.88999938964844,82.91000366210938,82.77999877929688,82.77999877929688,81
2023-03-09 06:00:00+00:00,82.51000213623047,82.87000274658203,82.4800033569336,82.80000305175781,99
2023-03-09 07:00:00+00:00,82.30999755859375,82.55000305175781,82.27999877929688,82.47000122070312,122
2023-03-09 08:00:00+00:00,82.69999694824219,82.91000366210938,82.30000305175781,82.3499984741211,207
2023-03-09 09:00:00+00:00,82.6500015258789,82.69000244140625,82.54000091552734,82.69000244140625,52
2023-03-09 10:00:00+00:00,82.7699966430664,82.80000305175781,82.58999633789062,82.5999984741211,121
2023-03-09 11:00:00+00:00,83.01000213623047,83.08999633789062,82.76000213623047,82.81999969482422,215
2023-03-09 12:00:00+00:00,83.02999877929688,83.12999725341797,82.83999633789062,82.94999694824219,361
2023-03-09 13:00:00+00:00,83.23999786376953,83.23999786376953,82.62000274658203,83.02999877929688,1284
2023-03-09 14:00:00+00:00,83.18000030517578,83.72000122070312,83.01000213623047,83.23999786376953,2435
2023-03-09 15:00:00+00:00,82.6500015258789,83.44999694824219,82.55000305175781,83.13999938964844,1716
2023-03-09 16:00:00+00:00,82.16999816894531,82.7300033569336,82.0999984741211,82.6500015258789,2030
2023-03-09 17:00:00+00:00,82.43000030517578,82.73999786376953,82.11000061035156,82.16999816894531,1212
2023-03-09 18:00:00+00:00,82.08000183105469,82.51000213623047,82.05000305175781,82.4000015258789,1740
2023-03-09 19:00:00+00:00,82.20999908447266,82.2699966430664,81.80999755859375,82.06999969482422,3588
2023-03-10 02:00:00+00:00,81.72000122070312,82.25,81.62000274658203,82.19999694824219,0
2023-03-10 03:00:00+00:00,81.83000183105469,81.91000366210938,81.62999725341797,81.7300033569336,333
2023-03-10 04:00:00+00:00,81.91999816894531,82.0,81.7699966430664,81.83999633789062,61
2023-03-10 05:00:00+00:00,82.08999633789062,82.18000030517578,81.86000061035156,81.86000061035156,66
2023-03-10 06:00:00+00:00,82.0199966430664,82.12999725341797,81.91000366210938,82.0999984741211,102
2023-03-10 07:00:00+00:00,81.9000015258789,82.05000305175781,81.8499984741211,81.9800033569336,111
2023-03-10 08:00:00+00:00,81.93000030517578,82.05000305175781,81.80000305175781,81.9000015258789,144
2023-03-10 09:00:00+00:00,81.72000122070312,81.97000122070312,81.69999694824219,81.9000015258789,201
2023-03-10 10:00:00+00:00,81.69000244140625,81.81999969482422,81.66000366210938,81.70999908447266,181
2023-03-10 11:00:00+00:00,81.63999938964844,81.72000122070312,81.55000305175781,81.68000030517578,369
2023-03-10 12:00:00+00:00,81.2300033569336,81.63999938964844,81.19999694824219,81.58000183105469,1252
2023-03-10 13:00:00+00:00,81.4800033569336,82.16999816894531,80.51000213623047,81.20999908447266,5572
2023-03-10 14:00:00+00:00,81.25,81.4800033569336,80.8499984741211,81.4800033569336,1925
2023-03-10 15:00:00+00:00,80.01000213623047,81.23999786376953,79.68000030517578,81.22000122070312,7510
2023-03-10 16:00:00+00:00,79.54000091552734,80.37000274658203,79.4000015258789,80.0,4020
2023-03-10 17:00:00+00:00,79.19000244140625,79.52999877929688,79.16000366210938,79.5,3957
2023-03-10 18:00:00+00:00,78.18000030517578,79.23999786376953,78.18000030517578,79.19999694824219,6589
2023-03-10 19:00:00+00:00,78.18000030517578,78.30000305175781,78.18000030517578,78.18000030517578,4451
2023-03-13 01:00:00+00:00,79.98999786376953,80.0,78.5,78.69000244140625,2034
2023-03-13 02:00:00+00:00,80.13999938964844,80.27999877929688,79.63999938964844,79.91999816894531,675
2023-03-13 03:00:00+00:00,79.9000015258789,80.16999816894531,79.8499984741211,80.1500015258789,133
2023-03-13 04:00:00+00:00,79.88999938964844,79.9000015258789,79.8499984741211,79.9000015258789,105
2023-03-13 05:00:00+00:00,80.11000061035156,80.22000122070312,79.87999725341797,79.87999725341797,507
2023-03-13 06:00:00+00:00,79.98999786376953,80.26000213623047,79.9000015258789,80.12999725341797,414
2023-03-13 07:00:00+00:00,80.66999816894531,80.66999816894531,79.8499984741211,79.95999908447266,559
2023-03-13 08:00:00+00:00,80.77999877929688,80.97000122070312,80.54000091552734,80.66000366210938,1159
2023-03-13 09:00:00+00:00,79.68000030517578,80.73999786376953,79.66999816894531,80.73999786376953,1016
2023-03-13 10:00:00+00:00,80.01000213623047,80.02999877929688,79.62999725341797,79.69000244140625,396
2023-03-13 11:00:00+00:00,79.18000030517578,79.94000244140625,79.1500015258789,79.94000244140625,1096
2023-03-13 12:00:00+00:00,78.37000274658203,79.33000183105469,77.94999694824219,79.19000244140625,4612
2023-03-13 13:00:00+00:00,79.75,79.9800033569336,78.37000274658203,78.37000274658203,4242
2023-03-13 14:00:00+00:00,80.6500015258789,80.91000366210938,79.52999877929688,79.70999908447266,5363
2023-03-13 15:00:00+00:00,81.18000030517578,81.18000030517578,80.58000183105469,80.72000122070312,3436
2023-03-13 16:00:00+00:00,81.18000030517578,81.18000030517578,80.91000366210938,81.18000030517578,3795
2023-03-13 17:00:00+00:00,81.18000030517578,81.18000030517578,81.18000030517578,81.18000030517578,1370
2023-03-13 18:00:00+00:00,81.18000030517578,81.18000030517578,80.22000122070312,81.18000030517578,3012
2023-03-14 01:00:00+00:00,80.4800033569336,80.91999816894531,80.31999969482422,80.5999984741211,0
2023-03-14 02:00:00+00:00,80.3499984741211,80.63999938964844,80.30000305175781,80.48999786376953,154
2023-03-14 03:00:00+00:00,80.58000183105469,80.58000183105469,80.36000061035156,80.36000061035156,90
2023-03-14 04:00:00+00:00,80.55999755859375,80.83000183105469,80.55999755859375,80.62999725341797,0
2023-03-14 05:00:00+00:00,80.37000274658203,80.55000305175781,80.30000305175781,80.5199966430664,1267
2023-03-14 06:00:00+00:00,80.68000030517578,80.76000213623047,80.30999755859375,80.44999694824219,342
2023-03-14 07:00:00+00:00,81.55999755859375,81.87999725341797,80.62000274658203,80.62000274658203,446
2023-03-14 08:00:00+00:00,82.33999633789062,82.48999786376953,81.45999908447266,81.45999908447266,755
2023-03-14 09:00:00+00:00,81.70999908447266,82.45999908447266,81.62000274658203,82.4000015258789,418
2023-03-14 10:00:00+00:00,81.4800033569336,82.0199966430664,81.3499984741211,81.70999908447266,255
2023-03-14 11:00:00+00:00,81.5199966430664,81.7699966430664,81.05000305175781,81.48999786376953,392
2023-03-14 12:00:00+00:00,81.7300033569336,82.29000091552734,81.27999877929688,81.5199966430664,1685
2023-03-14 13:00:00+00:00,81.41000366210938,81.79000091552734,80.44000244140625,81.76000213623047,2240
2023-03-14 14:00:00+00:00,81.69999694824219,82.0999984741211,81.08000183105469,81.43000030517578,1820
2023-03-14 15:00:00+00:00,81.72000122070312,82.48999786376953,81.25,81.69000244140625,3093
2023-03-14 16:00:00+00:00,80.88999938964844,81.81999969482422,80.83000183105469,81.73999786376953,2019
2023-03-14 17:00:00+00:00,81.69999694824219,81.70999908447266,80.75,80.95999908447266,1972
2023-03-14 18:00:00+00:00,81.1500015258789,81.7300033569336,81.02999877929688,81.69999694824219,3303
2023-03-15 01:00:00+00:00,81.37000274658203,81.66000366210938,81.0999984741211,81.30000305175781,0
2023-03-15 02:00:00+00:00,81.55000305175781,81.7300033569336,81.4800033569336,81.4800033569336,42
2023-03-15 03:00:00+00:00,81.5,81.5,81.44000244140625,81.5,5
2023-03-15 05:00:00+00:00,81.33999633789062,81.47000122070312,81.30999755859375,81.44000244140625,18
2023-03-15 06:00:00+00:00,81.3499984741211,81.4000015258789,81.31999969482422,81.33999633789062,19
2023-03-15 07:00:00+00:00,80.88999938964844,81.37000274658203,80.87000274658203,81.37000274658203,197
2023-03-15 08:00:00+00:00,80.93000030517578,81.02999877929688,80.66999816894531,80.83000183105469,97
2023-03-15 09:00:00+00:00,80.83999633789062,81.12000274658203,80.7300033569336,80.91000366210938,388
2023-03-15 10:00:00+00:00,79.88999938964844,80.87999725341797,79.80000305175781,80.87999725341797,1069
2023-03-15 11:00:00+00:00,78.95999908447266,79.97000122070312,78.9000015258789,79.83999633789062,2022
2023-03-15 12:00:00+00:00,78.2300033569336,79.04000091552734,78.22000122070312,78.91999816894531,2556
2023-03-15 13:00:00+00:00,80.19999694824219,80.44000244140625,78.22000122070312,78.22000122070312,3591
2023-03-15 14:00:00+00:00,79.29000091552734,80.58999633789062,79.04000091552734,80.23999786376953,3223
2023-03-15 15:00:00+00:00,79.05999755859375,79.69000244140625,79.02999877929688,79.2300033569336,1829
2023-03-15 16:00:00+00:00,78.87000274658203,79.30999755859375,78.41999816894531,79.02999877929688,2169
2023-03-15 17:00:00+00:00,79.43000030517578,79.5,78.62999725341797,78.79000091552734,1826
2023-03-15 18:00:00+00:00,78.9800033569336,79.5,78.9800033569336,79.44999694824219,2613
2023-03-16 01:00:00+00:00,79.25,79.77999877929688,79.11000061035156,79.25,0
2023-03-16 02:00:00+00:00,78.80000305175781,79.54000091552734,78.80000305175781,79.2300033569336,409
2023-03-16 03:00:00+00:00,78.91999816894531,78.94000244140625,78.69999694824219,78.9000015258789,152
2023-03-16 04:00:00+00:00,78.97000122070312,78.97000122070312,78.91000366210938,78.91000366210938,38
2023-03-16 05:00:00+00:00,78.70999908447266,79.0,78.70999908447266,78.95999908447266,152
2023-03-16 06:00:00+00:00,78.54000091552734,78.91999816894531,78.5,78.69999694824219,117
2023-03-16 07:00:00+00:00,78.94999694824219,79.0999984741211,78.5,78.5,168
2023-03-16 08:00:00+00:00,79.43000030517578,79.6500015258789,78.97000122070312,78.97000122070312,514
2023-03-16 09:00:00+00:00,79.1500015258789,79.4000015258789,78.66999816894531,79.4000015258789,523
2023-03-16 10:00:00+00:00,79.0,79.08000183105469,78.81999969482422,79.08000183105469,252
2023-03-16 11:00:00+00:00,79.29000091552734,79.44000244140625,78.87999725341797,78.98999786376953,538
2023-03-16 12:00:00+00:00,78.7300033569336,79.68000030517578,78.5999984741211,79.29000091552734,1708
2023-03-16 13:00:00+00:00,78.47000122070312,78.97000122070312,78.0199966430664,78.69999694824219,2762
2023-03-16 14:00:00+00:00,78.70999908447266,78.93000030517578,77.55000305175781,78.4800033569336,4682
2023-03-16 15:00:00+00:00,79.79000091552734,79.83999633789062,78.25,78.68000030517578,2883
2023-03-16 16:00:00+00:00,79.5199966430664,79.83999633789062,78.8499984741211,79.80000305175781,2413
2023-03-16 17:00:00+00:00,79.25,79.5999984741211,79.16000366210938,79.56999969482422,1275
2023-03-16 18:00:00+00:00,78.97000122070312,79.4000015258789,78.94000244140625,79.25,1929
2023-03-17 01:00:00+00:00,78.8499984741211,79.31999969482422,78.80999755859375,79.0999984741211,0
2023-03-17 02:00:00+00:00,78.7300033569336,79.0199966430664,78.6500015258789,78.93000030517578,221
2023-03-17 03:00:00+00:00,78.79000091552734,79.0,78.69999694824219,78.69999694824219,102
2023-03-17 04:00:00+00:00,78.61000061035156,78.80999755859375,78.48999786376953,78.80999755859375,181
2023-03-17 05:00:00+00:00,78.69000244140625,78.97000122070312,78.5199966430664,78.58999633789062,102
2023-03-17 06:00:00+00:00,78.76000213623047,78.76000213623047,78.61000061035156,78.69999694824219,55
2023-03-17 07:00:00+00:00,78.72000122070312,78.9000015258789,78.61000061035156,78.76000213623047,149
2023-03-17 08:00:00+00:00,78.79000091552734,78.9000015258789,78.68000030517578,78.76000213623047,164
2023-03-17 09:00:00+00:00,79.0,79.0199966430664,78.80999755859375,78.86000061035156,236
2023-03-17 10:00:00+00:00,79.02999877929688,79.16000366210938,78.87000274658203,79.02999877929688,453
2023-03-17 11:00:00+00:00,78.31999969482422,79.04000091552734,78.27999877929688,79.02999877929688,484
2023-03-17 12:00:00+00:00,77.80000305175781,78.48999786376953,77.58999633789062,78.30999755859375,1719
2023-03-17 13:00:00+00:00,78.26000213623047,78.55000305175781,77.86000061035156,77.86000061035156,1267
2023-03-17 14:00:00+00:00,77.70999908447266,78.69999694824219,77.62999725341797,78.26000213623047,2041
2023-03-17 15:00:00+00:00,77.30000305175781,77.76000213623047,76.86000061035156,77.7300033569336,4254
2023-03-17 16:00:00+00:00,77.80999755859375,78.4000015258789,77.2699966430664,77.3499984741211,2818
2023-03-17 17:00:00+00:00,77.80999755859375,77.98999786376953,77.5,77.83000183105469,1257
2023-03-17 18:00:00+00:00,77.55999755859375,78.1500015258789,77.55000305175781,77.86000061035156,1791
2023-03-20 01:00:00+00:00,78.94000244140625,79.48999786376953,77.55999755859375,77.5999984741211,721
2023-03-20 02:00:00+00:00,78.66000366210938,79.05999755859375,78.6500015258789,78.9800033569336,108
2023-03-20 03:00:00+00:00,78.69999694824219,78.77999877929688,78.69999694824219,78.72000122070312,26
2023-03-20 04:00:00+00:00,78.6500015258789,78.83000183105469,78.6500015258789,78.80999755859375,8
2023-03-20 05:00:00+00:00,78.63999938964844,78.73999786376953,78.26000213623047,78.73999786376953,150
2023-03-20 06:00:00+00:00,78.01000213623047,78.83999633789062,77.9000015258789,78.63999938964844,218
2023-03-20 07:00:00+00:00,77.55000305175781,78.01000213623047,77.5,78.0,384
2023-03-20 08:00:00+00:00,77.58000183105469,77.77999877929688,76.94000244140625,77.55000305175781,926
2023-03-20 09:00:00+00:00,77.66999816894531,77.8499984741211,77.5199966430664,77.54000091552734,382
2023-03-20 10:00:00+00:00,78.0999984741211,78.45999908447266,77.5,77.69999694824219,370
2023-03-20 11:00:00+00:00,77.87000274658203,78.1500015258789,77.72000122070312,78.05000305175781,329
2023-03-20 12:00:00+00:00,78.38999938964844,78.4800033569336,77.51000213623047,77.8499984741211,1030
2023-03-20 13:00:00+00:00,77.86000061035156,78.44999694824219,77.54000091552734,78.3499984741211,1226
2023-03-20 14:00:00+00:00,78.05999755859375,78.37000274658203,77.5,77.9000015258789,2167
2023-03-20 15:00:00+00:00,77.7699966430664,78.2699966430664,77.7300033569336,78.06999969482422,1717
2023-03-20 16:00:00+00:00,77.08000183105469,77.77999877929688,76.68000030517578,77.7699966430664,2821
2023-03-20 17:00:00+00:00,77.80000305175781,78.01000213623047,77.01000213623047,77.0999984741211,2012
2023-03-20 18:00:00+00:00,77.16000366210938,77.83000183105469,77.12000274658203,77.77999877929688,2768
2023-03-21 01:00:00+00:00,77.77999877929688,78.04000091552734,77.30000305175781,77.30000305175781,0
2023-03-21 02:00:00+00:00,77.66999816894531,77.87999725341797,77.66999816894531,77.81999969482422,64
2023-03-21 03:00:00+00:00,77.63999938964844,77.63999938964844,77.5,77.58999633789062,35
2023-03-21 04:00:00+00:00,77.62000274658203,77.62000274658203,77.62000274658203,77.62000274658203,4
2023-03-21 05:00:00+00:00,77.5,77.62999725341797,77.5,77.52999877929688,19
2023-03-21 06:00:00+00:00,77.30000305175781,77.5,77.2300033569336,77.5,93
2023-03-21 07:00:00+00:00,77.23999786376953,77.44999694824219,77.22000122070312,77.3499984741211,68
2023-03-21 08:00:00+00:00,77.58999633789062,77.80000305175781,77.22000122070312,77.23999786376953,201
2023-03-21 09:00:00+00:00,77.9000015258789,78.0,77.37000274658203,77.56999969482422,244
2023-03-21 10:00:00+00:00,77.86000061035156,78.08999633789062,77.62999725341797,77.91000366210938,233
2023-03-21 11:00:00+00:00,78.30000305175781,78.5,77.83999633789062,77.87000274658203,382
2023-03-21 12:00:00+00:00,79.05000305175781,79.16000366210938,78.33000183105469,78.37000274658203,1697
2023-03-21 13:00:00+00:00,78.56999969482422,79.05000305175781,78.38999938964844,79.04000091552734,2239
2023-03-21 14:00:00+00:00,77.81999969482422,78.66000366210938,77.72000122070312,78.58999633789062,2490
2023-03-21 15:00:00+00:00,77.7699966430664,78.19999694824219,77.5,77.81999969482422,1789
2023-03-21 16:00:00+00:00,77.81999969482422,77.8499984741211,77.51000213623047,77.7699966430664,1593
2023-03-21 17:00:00+00:00,77.73999786376953,77.94999694824219,77.66999816894531,77.80999755859375,898
2023-03-21 18:00:00+00:00,77.83000183105469,77.98999786376953,77.58000183105469,77.73999786376953,1543
2023-03-22 01:00:00+00:00,77.87999725341797,78.13999938964844,77.8499984741211,78.01000213623047,0
2023-03-22 02:00:00+00:00,77.9000015258789,77.9800033569336,77.77999877929688,77.87999725341797,95
2023-03-22 03:00:00+00:00,77.94000244140625,77.97000122070312,77.9000015258789,77.91999816894531,23
2023-03-22 04:00:00+00:00,78.02999877929688,78.06999969482422,77.88999938964844,77.91999816894531,71
2023-03-22 05:00:00+00:00,77.94999694824219,78.01000213623047,77.91000366210938,78.0,33
2023-03-22 06:00:00+00:00,78.0999984741211,78.20999908447266,77.93000030517578,77.95999908447266,157
2023-03-22 07:00:00+00:00,78.05000305175781,78.47000122070312,78.0,78.08000183105469,176
2023-03-22 08:00:00+00:00,78.33000183105469,78.55000305175781,78.05999755859375,78.12999725341797,148
2023-03-22 09:00:00+00:00,78.33000183105469,78.47000122070312,78.33000183105469,78.37000274658203,178
2023-03-22 10:00:00+00:00,78.3499984741211,78.4800033569336,78.26000213623047,78.36000061035156,225
2023-03-22 11:00:00+00:00,78.45999908447266,78.5999984741211,78.2699966430664,78.30000305175781,397
2023-03-22 12:00:00+00:00,79.13999938964844,79.3499984741211,78.44999694824219,78.4800033569336,1715
2023-03-22 13:00:00+00:00,78.87000274658203,79.80000305175781,78.83000183105469,79.12999725341797,2547
2023-03-22 14:00:00+00:00,78.66999816894531,78.93000030517578,78.4000015258789,78.87000274658203,1876
2023-03-22 15:00:00+00:00,78.62999725341797,78.79000091552734,78.5,78.62999725341797,1127
2023-03-22 16:00:00+00:00,78.6500015258789,78.87000274658203,78.5,78.63999938964844,884
2023-03-22 17:00:00+00:00,78.6500015258789,78.8499984741211,78.37000274658203,78.66000366210938,1627
2023-03-22 18:00:00+00:00,78.37000274658203,78.80000305175781,78.1500015258789,78.61000061035156,2394
2023-03-23 01:00:00+00:00,78.43000030517578,78.7699966430664,78.08999633789062,78.19999694824219,0
2023-03-23 02:00:00+00:00,78.70999908447266,78.75,78.38999938964844,78.44999694824219,43
2023-03-23 03:00:00+00:00,78.5999984741211,78.72000122070312,78.54000091552734,78.72000122070312,67
2023-03-23 04:00:00+00:00,78.8499984741211,78.87999725341797,78.63999938964844,78.68000030517578,51
2023-03-23 05:00:00+00:00,78.69999694824219,78.93000030517578,78.6500015258789,78.87000274658203,29
2023-03-23 06:00:00+00:00,78.61000061035156,78.76000213623047,78.5,78.66000366210938,135
2023-03-23 07:00:00+00:00,78.45999908447266,78.62999725341797,78.43000030517578,78.62999725341797,0
2023-03-23 08:00:00+00:00,78.58999633789062,78.69999694824219,78.47000122070312,78.47000122070312,792
2023-03-23 09:00:00+00:00,78.55000305175781,78.66000366210938,78.16999816894531,78.54000091552734,283
2023-03-23 10:00:00+00:00,78.56999969482422,78.5999984741211,78.31999969482422,78.44000244140625,76
2023-03-23 11:00:00+00:00,79.0,79.04000091552734,78.58000183105469,78.58000183105469,400
2023-03-23 12:00:00+00:00,78.94000244140625,79.47000122070312,78.83000183105469,78.95999908447266,1245
2023-03-23 13:00:00+00:00,78.94000244140625,79.19999694824219,78.62000274658203,78.8499984741211,901
2023-03-23 14:00:00+00:00,78.75,79.19999694824219,78.5,78.95999908447266,2028
2023-03-23 15:00:00+00:00,77.77999877929688,78.8499984741211,77.68000030517578,78.79000091552734,2296
2023-03-23 16:00:00+00:00,77.54000091552734,77.9000015258789,77.20999908447266,77.7300033569336,2416
2023-03-23 17:00:00+00:00,77.69000244140625,77.75,77.1500015258789,77.54000091552734,1644
2023-03-23 18:00:00+00:00,77.38999938964844,77.81999969482422,77.3499984741211,77.68000030517578,1710
2023-03-24 01:00:00+00:00,77.30999755859375,77.80000305175781,77.2300033569336,77.54000091552734,0
2023-03-24 02:00:00+00:00,77.62000274658203,77.62000274658203,77.27999877929688,77.30000305175781,127
2023-03-24 03:00:00+00:00,77.66000366210938,77.66999816894531,77.5,77.5999984741211,58
2023-03-24 04:00:00+00:00,77.5999984741211,77.5999984741211,77.58999633789062,77.58999633789062,2
2023-03-24 05:00:00+00:00,77.69999694824219,77.76000213623047,77.58999633789062,77.58999633789062,34
2023-03-24 06:00:00+00:00,77.75,77.86000061035156,77.62999725341797,77.63999938964844,124
2023-03-24 07:00:00+00:00,77.3499984741211,77.83000183105469,77.3499984741211,77.75,119
2023-03-24 08:00:00+00:00,77.11000061035156,77.55000305175781,77.05000305175781,77.41000366210938,407
2023-03-24 09:00:00+00:00,76.55000305175781,77.2300033569336,76.5,77.12000274658203,1280
2023-03-24 10:00:00+00:00,76.37999725341797,76.58999633789062,76.31999969482422,76.55000305175781,813
2023-03-24 11:00:00+00:00,76.19999694824219,76.93000030517578,76.12000274658203,76.33000183105469,1361
2023-03-24 12:00:00+00:00,76.25,76.43000030517578,75.69999694824219,76.2300033569336,2859
2023-03-24 13:00:00+00:00,76.62999725341797,76.80000305175781,75.97000122070312,76.29000091552734,1739
2023-03-24 14:00:00+00:00,76.33999633789062,77.11000061035156,76.30000305175781,76.68000030517578,2079
2023-03-24 15:00:00+00:00,76.76000213623047,76.93000030517578,75.75,76.29000091552734,2236
2023-03-24 16:00:00+00:00,76.8499984741211,77.08999633789062,76.13999938964844,76.7699966430664,1440
2023-03-24 17:00:00+00:00,76.41999816894531,76.94000244140625,76.30999755859375,76.88999938964844,651
2023-03-24 18:00:00+00:00,76.62000274658203,76.80000305175781,76.29000091552734,76.45999908447266,1838
2023-03-27 01:00:00+00:00,76.62000274658203,77.19999694824219,76.55000305175781,76.83999633789062,345
2023-03-27 02:00:00+00:00,76.73999786376953,76.87999725341797,76.5999984741211,76.62999725341797,93
2023-03-27 03:00:00+00:00,76.83999633789062,76.83999633789062,76.68000030517578,76.75,27
2023-03-27 04:00:00+00:00,76.88999938964844,76.94999694824219,76.88999938964844,76.93000030517578,4
2023-03-27 05:00:00+00:00,76.76000213623047,76.87000274658203,76.73999786376953,76.87000274658203,36
2023-03-27 06:00:00+00:00,76.9000015258789,76.91999816894531,76.70999908447266,76.8499984741211,102
2023-03-27 07:00:00+00:00,76.76000213623047,76.91000366210938,76.55000305175781,76.8499984741211,191
2023-03-27 08:00:00+00:00,76.94000244140625,77.0,76.7300033569336,76.75,184
2023-03-27 09:00:00+00:00,77.30000305175781,77.47000122070312,76.91000366210938,76.91000366210938,267
2023-03-27 10:00:00+00:00,77.4800033569336,77.61000061035156,77.27999877929688,77.30000305175781,180
2023-03-27 11:00:00+00:00,77.70999908447266,77.80999755859375,77.20999908447266,77.43000030517578,326
2023-03-27 12:00:00+00:00,77.98999786376953,78.22000122070312,77.69999694824219,77.75,1262
2023-03-27 13:00:00+00:00,78.75,78.94000244140625,77.86000061035156,77.9800033569336,2428
2023-03-27 14:00:00+00:00,79.0,79.16000366210938,78.45999908447266,78.7300033569336,3377
2023-03-27 15:00:00+00:00,79.33999633789062,79.41000366210938,78.73999786376953,79.01000213623047,3036
2023-03-27 16:00:00+00:00,79.52999877929688,79.54000091552734,79.2699966430664,79.33000183105469,2541
2023-03-27 17:00:00+00:00,79.5,79.54000091552734,79.36000061035156,79.54000091552734,1891
2023-03-27 18:00:00+00:00,79.54000091552734,79.54000091552734,79.38999938964844,79.5,2250
2023-03-28 01:00:00+00:00,79.86000061035156,80.4800033569336,79.66000366210938,79.66000366210938,0
2023-03-28 02:00:00+00:00,79.88999938964844,79.94000244140625,79.69999694824219,79.81999969482422,43
2023-03-28 03:00:00+00:00,79.95999908447266,80.02999877929688,79.94000244140625,79.94000244140625,28
2023-03-28 04:00:00+00:00,79.91999816894531,80.0999984741211,79.9000015258789,79.91999816894531,51
2023-03-28 05:00:00+00:00,79.83000183105469,80.08999633789062,79.79000091552734,79.97000122070312,112
2023-03-28 06:00:00+00:00,80.16999816894531,80.30000305175781,79.83999633789062,79.9000015258789,192
2023-03-28 07:00:00+00:00,80.29000091552734,80.44999694824219,80.19999694824219,80.19999694824219,227
2023-03-28 08:00:00+00:00,80.30999755859375,80.48999786376953,80.06999969482422,80.30000305175781,307
2023-03-28 09:00:00+00:00,80.69000244140625,80.75,80.30000305175781,80.31999969482422,419
2023-03-28 10:00:00+00:00,80.45999908447266,80.75,80.33000183105469,80.72000122070312,302
2023-03-28 11:00:00+00:00,80.5,80.58000183105469,80.3499984741211,80.41999816894531,132
2023-03-28 12:00:00+00:00,80.62999725341797,81.11000061035156,80.33999633789062,80.47000122070312,1891
2023-03-28 13:00:00+00:00,80.5999984741211,80.80000305175781,80.16999816894531,80.61000061035156,2157
2023-03-28 14:00:00+00:00,81.31999969482422,81.5999984741211,80.52999877929688,80.62999725341797,2972
2023-03-28 15:00:00+00:00,82.19999694824219,82.33000183105469,81.33999633789062,81.33999633789062,4694
2023-03-28 16:00:00+00:00,82.5199966430664,82.5199966430664,82.16999816894531,82.19999694824219,2626
2023-03-28 17:00:00+00:00,82.5199966430664,82.5199966430664,82.23999786376953,82.5199966430664,3041
2023-03-28 18:00:00+00:00,82.5199966430664,82.5199966430664,82.5,82.5199966430664,1102
2023-03-29 01:00:00+00:00,81.61000061035156,82.69999694824219,81.47000122070312,82.5199966430664,0
2023-03-29 02:00:00+00:00,81.81999969482422,81.87999725341797,81.30999755859375,81.61000061035156,144
2023-03-29 03:00:00+00:00,81.68000030517578,81.83999633789062,81.58000183105469,81.81999969482422,129
2023-03-29 04:00:00+00:00,82.05999755859375,82.05999755859375,81.68000030517578,81.68000030517578,40
2023-03-29 05:00:00+00:00,81.69999694824219,82.08000183105469,81.66000366210938,82.06999969482422,323
2023-03-29 06:00:00+00:00,81.69999694824219,81.75,81.5999984741211,81.7300033569336,214
2023-03-29 07:00:00+00:00,82.23999786376953,82.30000305175781,81.69000244140625,81.69000244140625,179
2023-03-29 08:00:00+00:00,82.01000213623047,82.23999786376953,81.91000366210938,82.19000244140625,139
2023-03-29 09:00:00+00:00,82.26000213623047,82.26000213623047,81.87999725341797,82.0199966430664,315
2023-03-29 10:00:00+00:00,82.12000274658203,82.26000213623047,81.97000122070312,82.23999786376953,226
2023-03-29 11:00:00+00:00,82.7699966430664,82.83000183105469,82.04000091552734,82.12999725341797,835
2023-03-29 12:00:00+00:00,83.16999816894531,83.41999816894531,82.76000213623047,82.80999755859375,2562
2023-03-29 13:00:00+00:00,82.76000213623047,83.19999694824219,82.0999984741211,83.1500015258789,3743
2023-03-29 14:00:00+00:00,82.33000183105469,83.11000061035156,82.16999816894531,82.75,3601
2023-03-29 15:00:00+00:00,81.62999725341797,82.6500015258789,81.55000305175781,82.37000274658203,2789
2023-03-29 16:00:00+00:00,82.16999816894531,82.37000274658203,81.62000274658203,81.63999938964844,1395
2023-03-29 17:00:00+00:00,82.5999984741211,82.66999816894531,82.18000030517578,82.19999694824219,1934
2023-03-29 18:00:00+00:00,82.7300033569336,82.87000274658203,82.55999755859375,82.5999984741211,2137
2023-03-30 01:00:00+00:00,82.08000183105469,82.68000030517578,82.08000183105469,82.68000030517578,0
2023-03-30 02:00:00+00:00,82.06999969482422,82.19999694824219,82.05000305175781,82.06999969482422,56
2023-03-30 03:00:00+00:00,82.30000305175781,82.30000305175781,82.0999984741211,82.0999984741211,25
2023-03-30 04:00:00+00:00,82.33999633789062,82.3499984741211,82.29000091552734,82.3499984741211,5
2023-03-30 05:00:00+00:00,82.26000213623047,82.44999694824219,82.25,82.41999816894531,83
2023-03-30 06:00:00+00:00,82.62999725341797,82.70999908447266,82.27999877929688,82.30999755859375,219
2023-03-30 07:00:00+00:00,82.6500015258789,82.79000091552734,82.45999908447266,82.52999877929688,146
2023-03-30 08:00:00+00:00,82.91999816894531,82.97000122070312,82.76000213623047,82.76000213623047,174
2023-03-30 09:00:00+00:00,82.87999725341797,83.05000305175781,82.70999908447266,82.88999938964844,288
2023-03-30 10:00:00+00:00,82.94999694824219,83.01000213623047,82.81999969482422,82.8499984741211,129
2023-03-30 11:00:00+00:00,83.62000274658203,83.69999694824219,82.94999694824219,82.94999694824219,1433
2023-03-30 12:00:00+00:00,82.87999725341797,83.94999694824219,82.8499984741211,83.66999816894531,2658
2023-03-30 13:00:00+00:00,83.01000213623047,83.12000274658203,82.5999984741211,82.80000305175781,1554
2023-03-30 14:00:00+00:00,82.88999938964844,83.08999633789062,82.16000366210938,82.9800033569336,2416
2023-03-30 15:00:00+00:00,83.12999725341797,83.48999786376953,82.87000274658203,82.88999938964844,1879
2023-03-30 16:00:00+00:00,83.55000305175781,83.69000244140625,82.98999786376953,83.0999984741211,2059
2023-03-30 17:00:00+00:00,83.80999755859375,83.8499984741211,83.44999694824219,83.58000183105469,1760
2023-03-30 18:00:00+00:00,83.56999969482422,83.80000305175781,83.43000030517578,83.80000305175781,1648
2023-03-31 01:00:00+00:00,83.3499984741211,83.63999938964844,83.16999816894531,83.63999938964844,0
2023-03-31 02:00:00+00:00,83.61000061035156,83.62999725341797,83.29000091552734,83.4800033569336,71
2023-03-31 03:00:00+00:00,83.5999984741211,83.66999816894531,83.54000091552734,83.58000183105469,69
2023-03-31 04:00:00+00:00,83.43000030517578,83.55000305175781,83.43000030517578,83.55000305175781,9
2023-03-31 05:00:00+00:00,83.30999755859375,83.48999786376953,83.20999908447266,83.48999786376953,0
2023-03-31 06:00:00+00:00,83.5,83.5,83.05999755859375,83.36000061035156,0
2023-03-31 07:00:00+00:00,83.25,83.66000366210938,83.12000274658203,83.5,935
2023-03-31 08:00:00+00:00,83.44999694824219,83.45999908447266,83.20999908447266,83.22000122070312,53
2023-03-31 09:00:00+00:00,83.3499984741211,83.5,83.30000305175781,83.41000366210938,177
2023-03-31 10:00:00+00:00,83.43000030517578,83.48999786376953,83.27999877929688,83.36000061035156,113
2023-03-31 11:00:00+00:00,83.2300033569336,83.48999786376953,83.22000122070312,83.48999786376953,284
2023-03-31 12:00:00+00:00,83.33000183105469,83.43000030517578,82.80000305175781,83.26000213623047,1472
2023-03-31 13:00:00+00:00,83.1500015258789,83.56999969482422,83.1500015258789,83.3499984741211,1447
2023-03-31 14:00:00+00:00,83.56999969482422,83.69000244140625,83.1500015258789,83.1500015258789,2343
2023-03-31 15:00:00+00:00,83.08000183105469,83.58000183105469,83.01000213623047,83.58000183105469,1999
2023-03-31 16:00:00+00:00,82.80000305175781,83.3499984741211,82.26000213623047,83.08000183105469,3876
2023-03-31 17:00:00+00:00,82.77999877929688,83.33000183105469,82.58000183105469,82.87000274658203,1516
2023-03-31 18:00:00+00:00,82.83000183105469,82.98999786376953,82.37000274658203,82.75,2076
2023-04-03 01:00:00+00:00,83.4800033569336,83.7300033569336,82.94000244140625,83.7300033569336,0
2023-04-03 02:00:00+00:00,83.0999984741211,83.44999694824219,83.05999755859375,83.16000366210938,651
2023-04-03 03:00:00+00:00,82.33999633789062,83.4000015258789,82.30000305175781,83.31999969482422,138
2023-04-03 04:00:00+00:00,82.69999694824219,83.0,82.36000061035156,82.36000061035156,23
2023-04-03 05:00:00+00:00,82.41999816894531,82.93000030517578,82.41999816894531,82.68000030517578,181
2023-04-03 06:00:00+00:00,82.98999786376953,83.33999633789062,82.37000274658203,82.4000015258789,224
2023-04-03 07:00:00+00:00,83.5,83.5,82.88999938964844,83.26000213623047,0
2023-04-03 08:00:00+00:00,83.33999633789062,83.62999725341797,82.83999633789062,83.5,135
2023-04-03 09:00:00+00:00,83.02999877929688,83.33999633789062,82.79000091552734,83.0199966430664,1207
2023-04-03 10:00:00+00:00,83.19999694824219,83.52999877929688,83.0,83.0,87
2023-04-03 11:00:00+00:00,83.58000183105469,83.9000015258789,83.16000366210938,83.16999816894531,488
2023-04-03 12:00:00+00:00,83.05999755859375,83.94999694824219,82.86000061035156,83.54000091552734,1410
2023-04-03 13:00:00+00:00,82.93000030517578,83.58000183105469,82.4000015258789,83.08999633789062,1609
2023-04-03 14:00:00+00:00,82.43000030517578,83.44000244140625,81.88999938964844,83.31999969482422,1190
2023-04-03 15:00:00+00:00,82.22000122070312,82.5,81.87999725341797,82.43000030517578,4342
2023-04-03 16:00:00+00:00,82.23999786376953,82.44999694824219,81.97000122070312,82.20999908447266,1336
2023-04-03 17:00:00+00:00,82.68000030517578,83.20999908447266,82.18000030517578,82.2300033569336,0
2023-04-03 18:00:00+00:00,82.30999755859375,82.72000122070312,82.27999877929688,82.44000244140625,5714
2023-04-04 01:00:00+00:00,82.8499984741211,82.87999725341797,82.30999755859375,82.63999938964844,0
2023-04-04 02:00:00+00:00,82.70999908447266,82.91999816894531,82.5,82.58999633789062,148
2023-04-04 03:00:00+00:00,82.83999633789062,83.01000213623047,82.6500015258789,82.66999816894531,48
2023-04-04 04:00:00+00:00,82.81999969482422,83.19999694824219,82.81999969482422,82.87000274658203,87
2023-04-04 05:00:00+00:00,82.77999877929688,83.12999725341797,82.77999877929688,82.80000305175781,13
2023-04-04 06:00:00+00:00,82.86000061035156,83.16999816894531,82.66999816894531,82.77999877929688,90
2023-04-04 07:00:00+00:00,82.87000274658203,83.22000122070312,82.80999755859375,82.91999816894531,85
2023-04-04 08:00:00+00:00,82.94000244140625,83.13999938964844,82.69000244140625,83.08999633789062,37
2023-04-04 09:00:00+00:00,82.52999877929688,83.01000213623047,82.48999786376953,82.7300033569336,104
2023-04-04 10:00:00+00:00,82.61000061035156,82.81999969482422,82.52999877929688,82.55000305175781,82
2023-04-04 11:00:00+00:00,82.61000061035156,82.83000183105469,82.04000091552734,82.58999633789062,352
2023-04-04 12:00:00+00:00,82.75,83.0199966430664,82.41999816894531,82.83999633789062,740
2023-04-04 13:00:00+00:00,81.44000244140625,83.19999694824219,81.19999694824219,82.76000213623047,2955
2023-04-04 14:00:00+00:00,81.54000091552734,82.04000091552734,80.91999816894531,81.83000183105469,0
2023-04-04 15:00:00+00:00,80.44999694824219,81.61000061035156,80.30000305175781,81.05999755859375,7503
2023-04-04 16:00:00+00:00,80.76000213623047,81.2300033569336,80.22000122070312,80.44000244140625,2071
2023-04-04 17:00:00+00:00,81.30999755859375,81.37000274658203,80.55000305175781,80.73999786376953,0
2023-04-04 18:00:00+00:00,80.8499984741211,81.51000213623047,80.83000183105469,81.01000213623047,1837
2023-04-05 01:00:00+00:00,80.91999816894531,81.26000213623047,80.68000030517578,81.0,0
2023-04-05 02:00:00+00:00,81.05000305175781,81.36000061035156,80.83999633789062,80.83999633789062,64
2023-04-05 03:00:00+00:00,80.97000122070312,81.06999969482422,80.95999908447266,81.01000213623047,10
2023-04-05 04:00:00+00:00,81.2300033569336,81.2300033569336,80.9000015258789,80.9800033569336,0
2023-04-05 05:00:00+00:00,81.08999633789062,81.37000274658203,80.93000030517578,80.93000030517578,75
2023-04-05 06:00:00+00:00,80.6500015258789,81.2699966430664,80.62000274658203,80.97000122070312,68
2023-04-05 07:00:00+00:00,80.72000122070312,81.1500015258789,80.5999984741211,80.5999984741211,68
2023-04-05 08:00:00+00:00,80.6500015258789,81.16999816894531,80.51000213623047,80.72000122070312,414
2023-04-05 09:00:00+00:00,80.73999786376953,81.44999694824219,80.62000274658203,80.91999816894531,232
2023-04-05 10:00:00+00:00,81.12000274658203,81.22000122070312,80.66999816894531,80.9800033569336,48
2023-04-05 11:00:00+00:00,81.66000366210938,81.68000030517578,81.0199966430664,81.22000122070312,0
2023-04-05 12:00:00+00:00,80.94000244140625,81.80000305175781,80.83999633789062,81.62000274658203,1041
2023-04-05 13:00:00+00:00,81.55999755859375,81.83000183105469,80.83999633789062,80.94000244140625,1555
2023-04-05 14:00:00+00:00,81.55000305175781,82.19999694824219,81.18000030517578,81.83999633789062,2800
2023-04-05 15:00:00+00:00,81.47000122070312,81.9800033569336,81.2300033569336,81.56999969482422,1741
2023-04-05 16:00:00+00:00,81.23999786376953,81.97000122070312,81.18000030517578,81.72000122070312,1285
2023-04-05 17:00:00+00:00,81.11000061035156,81.48999786376953,80.87000274658203,81.25,0
2023-04-05 18:00:00+00:00,81.08000183105469,81.47000122070312,80.7699966430664,80.87999725341797,5804
2023-04-06 01:00:00+00:00,82.02999877929688,82.55000305175781,81.19999694824219,81.44999694824219,0
2023-04-06 02:00:00+00:00,81.83999633789062,82.56999969482422,81.69999694824219,82.33000183105469,155
2023-04-06 03:00:00+00:00,81.94999694824219,82.25,81.58999633789062,81.66000366210938,79
2023-04-06 04:00:00+00:00,82.04000091552734,82.04000091552734,81.62000274658203,81.62000274658203,13
2023-04-06 05:00:00+00:00,81.81999969482422,82.16000366210938,81.72000122070312,81.75,30
2023-04-06 06:00:00+00:00,82.08000183105469,82.37999725341797,81.79000091552734,81.83000183105469,204
2023-04-06 07:00:00+00:00,82.0999984741211,82.80000305175781,82.04000091552734,82.13999938964844,681
2023-04-06 08:00:00+00:00,81.77999877929688,82.5,81.52999877929688,82.33000183105469,519
2023-04-06 09:00:00+00:00,82.20999908447266,82.4000015258789,81.5,81.75,0
2023-04-06 10:00:00+00:00,82.2699966430664,82.62999725341797,81.97000122070312,82.19000244140625,1725
2023-04-06 11:00:00+00:00,82.91999816894531,83.19000244140625,82.27999877929688,82.31999969482422,0
2023-04-06 12:00:00+00:00,82.05999755859375,83.2300033569336,81.69999694824219,82.73999786376953,5235
2023-04-06 13:00:00+00:00,81.94999694824219,82.80999755859375,81.77999877929688,82.16000366210938,2527
2023-04-06 14:00:00+00:00,82.58000183105469,82.72000122070312,81.9000015258789,81.95999908447266,2194
2023-04-06 15:00:00+00:00,82.66000366210938,83.56999969482422,82.4800033569336,82.55000305175781,3953
2023-04-06 16:00:00+00:00,83.08000183105469,83.37999725341797,82.56999969482422,82.68000030517578,1909
2023-04-06 17:00:00+00:00,83.33999633789062,83.44000244140625,82.75,83.13999938964844,0
2023-04-06 18:00:00+00:00,83.2300033569336,83.58000183105469,82.91999816894531,83.05999755859375,9911
2023-04-10 01:00:00+00:00,82.70999908447266,83.4800033569336,82.62999725341797,83.0,379
2023-04-10 02:00:00+00:00,83.01000213623047,83.31999969482422,82.79000091552734,82.80000305175781,331
2023-04-10 03:00:00+00:00,83.04000091552734,83.30000305175781,83.04000091552734,83.05999755859375,9
2023-04-10 04:00:00+00:00,83.11000061035156,83.37000274658203,83.0199966430664,83.02999877929688,0
2023-04-10 05:00:00+00:00,83.0,83.3499984741211,82.98999786376953,83.12999725341797,300
2023-04-10 06:00:00+00:00,83.08000183105469,83.3499984741211,82.91999816894531,83.2300033569336,110
2023-04-10 07:00:00+00:00,82.87999725341797,83.33000183105469,82.87999725341797,83.05000305175781,150
2023-04-10 08:00:00+00:00,83.05000305175781,83.33999633789062,82.94999694824219,82.95999908447266,272
2023-04-10 09:00:00+00:00,83.0999984741211,83.44999694824219,83.0,83.06999969482422,158
2023-04-10 10:00:00+00:00,83.12999725341797,83.4800033569336,83.08999633789062,83.1500015258789,100
2023-04-10 11:00:00+00:00,83.01000213623047,83.41999816894531,82.87999725341797,83.18000030517578,0
2023-04-10 12:00:00+00:00,82.62999725341797,83.5,82.5999984741211,83.0,2119
2023-04-10 13:00:00+00:00,83.13999938964844,83.2300033569336,82.55000305175781,82.66000366210938,516
2023-04-10 14:00:00+00:00,83.33999633789062,83.4000015258789,82.68000030517578,83.11000061035156,2274
2023-04-10 15:00:00+00:00,82.80000305175781,83.79000091552734,82.69999694824219,83.11000061035156,4519
2023-04-10 16:00:00+00:00,82.69000244140625,83.12000274658203,82.55000305175781,82.80000305175781,2079
2023-04-10 17:00:00+00:00,82.54000091552734,83.16999816894531,82.44999694824219,82.66999816894531,2930
2023-04-10 18:00:00+00:00,82.33000183105469,82.87000274658203,82.33000183105469,82.54000091552734,1249
2023-04-11 01:00:00+00:00,82.56999969482422,82.76000213623047,82.56999969482422,82.76000213623047,0
2023-04-11 02:00:00+00:00,82.69000244140625,82.75,82.5999984741211,82.69999694824219,30
2023-04-11 03:00:00+00:00,82.56999969482422,82.70999908447266,82.56999969482422,82.58999633789062,18
2023-04-11 04:00:00+00:00,82.58000183105469,82.62000274658203,82.55000305175781,82.58999633789062,6
2023-04-11 05:00:00+00:00,82.66000366210938,82.69999694824219,82.55999755859375,82.58999633789062,34
2023-04-11 06:00:00+00:00,82.8499984741211,83.02999877929688,82.66000366210938,82.66000366210938,41
2023-04-11 07:00:00+00:00,82.80999755859375,82.93000030517578,82.66000366210938,82.81999969482422,108
2023-04-11 08:00:00+00:00,83.0,83.08000183105469,82.83000183105469,82.83000183105469,53
2023-04-11 09:00:00+00:00,82.94999694824219,83.23999786376953,82.94999694824219,83.01000213623047,151
2023-04-11 10:00:00+00:00,82.69999694824219,82.98999786376953,82.63999938964844,82.98999786376953,153
2023-04-11 11:00:00+00:00,82.77999877929688,82.81999969482422,82.44000244140625,82.63999938964844,211
2023-04-11 12:00:00+00:00,82.44999694824219,82.83000183105469,82.30000305175781,82.66999816894531,1431
2023-04-11 13:00:00+00:00,83.12999725341797,83.2300033569336,82.43000030517578,82.43000030517578,1994
2023-04-11 14:00:00+00:00,82.44999694824219,83.19999694824219,82.3499984741211,83.0999984741211,2064
2023-04-11 15:00:00+00:00,82.5199966430664,82.5999984741211,82.36000061035156,82.44000244140625,2083
2023-04-11 16:00:00+00:00,82.30000305175781,82.80999755859375,82.12000274658203,82.5199966430664,2643
2023-04-11 17:00:00+00:00,82.62999725341797,82.73999786376953,82.20999908447266,82.30000305175781,3285
2023-04-11 18:00:00+00:00,82.9000015258789,82.97000122070312,82.58000183105469,82.66999816894531,3595
2023-04-12 01:00:00+00:00,82.9000015258789,82.95999908447266,82.7300033569336,82.81999969482422,0
2023-04-12 02:00:00+00:00,82.63999938964844,82.80000305175781,82.55000305175781,82.80000305175781,101
2023-04-12 03:00:00+00:00,82.54000091552734,82.66999816894531,82.52999877929688,82.6500015258789,9
2023-04-12 04:00:00+00:00,82.5999984741211,82.69000244140625,82.58999633789062,82.6500015258789,25
2023-04-12 05:00:00+00:00,82.63999938964844,82.66999816894531,82.5999984741211,82.5999984741211,25
2023-04-12 06:00:00+00:00,82.5199966430664,82.68000030517578,82.5199966430664,82.62000274658203,17
2023-04-12 07:00:00+00:00,82.73999786376953,82.75,82.5,82.55999755859375,87
2023-04-12 08:00:00+00:00,82.45999908447266,82.76000213623047,82.45999908447266,82.75,189
2023-04-12 09:00:00+00:00,82.58000183105469,82.58000183105469,82.31999969482422,82.44000244140625,227
2023-04-12 10:00:00+00:00,82.43000030517578,82.5999984741211,82.33999633789062,82.56999969482422,281
2023-04-12 11:00:00+00:00,82.44999694824219,82.51000213623047,82.33000183105469,82.33999633789062,234
2023-04-12 12:00:00+00:00,82.80000305175781,82.9000015258789,82.1500015258789,82.5,1730
2023-04-12 13:00:00+00:00,82.55000305175781,82.94999694824219,82.52999877929688,82.86000061035156,2473
2023-04-12 14:00:00+00:00,82.36000061035156,82.83000183105469,82.30999755859375,82.58999633789062,3058
2023-04-12 15:00:00+00:00,82.26000213623047,82.5999984741211,82.05999755859375,82.33999633789062,3607
2023-04-12 16:00:00+00:00,82.72000122070312,83.0999984741211,82.25,82.2699966430664,3146
2023-04-12 17:00:00+00:00,82.47000122070312,82.73999786376953,82.37999725341797,82.69000244140625,2471
2023-04-12 18:00:00+00:00,82.37000274658203,82.70999908447266,82.29000091552734,82.4800033569336,3811
2023-04-13 01:00:00+00:00,82.4800033569336,82.52999877929688,82.18000030517578,82.41000366210938,0
2023-04-13 02:00:00+00:00,82.47000122070312,82.58999633789062,82.41999816894531,82.48999786376953,27
2023-04-13 03:00:00+00:00,82.62000274658203,82.62000274658203,82.44999694824219,82.44999694824219,61
2023-04-13 04:00:00+00:00,82.54000091552734,82.62000274658203,82.54000091552734,82.58999633789062,84
2023-04-13 05:00:00+00:00,82.66000366210938,82.66000366210938,82.5,82.5999984741211,26
2023-04-13 06:00:00+00:00,82.76000213623047,82.76000213623047,82.55999755859375,82.66000366210938,118
2023-04-13 07:00:00+00:00,82.55999755859375,82.79000091552734,82.54000091552734,82.7699966430664,195
2023-04-13 08:00:00+00:00,82.62999725341797,82.7699966430664,82.54000091552734,82.58999633789062,333
2023-04-13 09:00:00+00:00,82.69999694824219,82.77999877929688,82.55999755859375,82.62000274658203,298
2023-04-13 10:00:00+00:00,82.62999725341797,82.69000244140625,82.56999969482422,82.6500015258789,1158
2023-04-13 11:00:00+00:00,82.69000244140625,82.75,82.63999938964844,82.6500015258789,188
2023-04-13 12:00:00+00:00,82.91000366210938,83.05000305175781,82.52999877929688,82.72000122070312,2014
2023-04-13 13:00:00+00:00,82.87999725341797,83.30000305175781,82.79000091552734,82.86000061035156,4341
2023-04-13 14:00:00+00:00,83.37999725341797,83.5999984741211,82.62000274658203,82.88999938964844,5077
2023-04-13 15:00:00+00:00,83.2699966430664,83.6500015258789,82.69999694824219,83.37999725341797,3549
2023-04-13 16:00:00+00:00,83.26000213623047,83.4000015258789,83.0999984741211,83.2699966430664,2432
2023-04-13 17:00:00+00:00,83.18000030517578,83.36000061035156,83.05000305175781,83.26000213623047,2223
2023-04-13 18:00:00+00:00,83.31999969482422,83.37999725341797,83.05999755859375,83.19999694824219,5095
2023-04-14 01:00:00+00:00,83.43000030517578,83.5,83.16000366210938,83.16000366210938,0
2023-04-14 02:00:00+00:00,83.45999908447266,83.5,83.44999694824219,83.5,112
2023-04-14 03:00:00+00:00,83.47000122070312,83.5,83.45999908447266,83.45999908447266,56
2023-04-14 04:00:00+00:00,83.5,83.6500015258789,83.45999908447266,83.45999908447266,161
2023-04-14 05:00:00+00:00,83.48999786376953,83.55999755859375,83.41999816894531,83.55999755859375,25
2023-04-14 06:00:00+00:00,83.19000244140625,83.51000213623047,83.05000305175781,83.44000244140625,295
2023-04-14 07:00:00+00:00,82.76000213623047,83.30999755859375,82.72000122070312,83.2300033569336,222
2023-04-14 08:00:00+00:00,82.97000122070312,82.9800033569336,82.69000244140625,82.70999908447266,227
2023-04-14 09:00:00+00:00,82.83000183105469,82.94999694824219,82.63999938964844,82.9000015258789,1487
2023-04-14 10:00:00+00:00,82.95999908447266,82.98999786376953,82.8499984741211,82.8499984741211,64
2023-04-14 11:00:00+00:00,83.38999938964844,83.4000015258789,82.91000366210938,82.91000366210938,421
2023-04-14 12:00:00+00:00,82.9800033569336,83.38999938964844,82.83000183105469,83.38999938964844,1237
2023-04-14 13:00:00+00:00,83.19000244140625,83.30000305175781,82.88999938964844,82.98999786376953,1835
2023-04-14 14:00:00+00:00,82.94000244140625,83.2300033569336,82.83999633789062,83.19999694824219,2482
2023-04-14 15:00:00+00:00,83.23999786376953,83.37000274658203,82.87000274658203,82.93000030517578,3289
2023-04-14 16:00:00+00:00,83.19999694824219,83.33000183105469,82.97000122070312,83.26000213623047,1731
2023-04-14 17:00:00+00:00,83.04000091552734,83.29000091552734,82.91000366210938,83.19999694824219,2558
2023-04-14 18:00:00+00:00,82.98999786376953,83.05999755859375,82.83000183105469,83.02999877929688,4708
2023-04-17 01:00:00+00:00,83.2699966430664,83.30000305175781,82.70999908447266,82.94000244140625,505
2023-04-17 02:00:00+00:00,83.37999725341797,83.4000015258789,83.2300033569336,83.2699966430664,210
2023-04-17 03:00:00+00:00,83.41999816894531,83.5,83.3499984741211,83.41000366210938,106
2023-04-17 04:00:00+00:00,83.41999816894531,83.44999694824219,83.4000015258789,83.44999694824219,12
2023-04-17 05:00:00+00:00,83.37000274658203,83.4800033569336,83.33000183105469,83.33999633789062,149
2023-04-17 06:00:00+00:00,83.41000366210938,83.4800033569336,83.33000183105469,83.41999816894531,165
2023-04-17 07:00:00+00:00,83.5,83.5,83.31999969482422,83.3499984741211,235
2023-04-17 08:00:00+00:00,83.27999877929688,83.52999877929688,83.22000122070312,83.5,352
2023-04-17 09:00:00+00:00,83.36000061035156,83.36000061035156,83.19000244140625,83.25,170
2023-04-17 10:00:00+00:00,83.41000366210938,83.5,83.33999633789062,83.37000274658203,134
2023-04-17 11:00:00+00:00,83.2699966430664,83.5,83.26000213623047,83.4000015258789,468
2023-04-17 12:00:00+00:00,83.04000091552734,83.30000305175781,82.81999969482422,83.29000091552734,1452
2023-04-17 13:00:00+00:00,82.75,83.30999755859375,82.75,83.05000305175781,1151
2023-04-17 14:00:00+00:00,83.0999984741211,83.13999938964844,82.73999786376953,82.75,2179
2023-04-17 15:00:00+00:00,83.1500015258789,83.26000213623047,82.76000213623047,83.0999984741211,2524
2023-04-17 16:00:00+00:00,83.44999694824219,83.5,83.11000061035156,83.18000030517578,2989
2023-04-17 17:00:00+00:00,83.36000061035156,84.02999877929688,83.08000183105469,83.45999908447266,5070
2023-04-17 18:00:00+00:00,83.31999969482422,83.4800033569336,83.08000183105469,83.33999633789062,2296
2023-04-18 01:00:00+00:00,83.58999633789062,83.62000274658203,83.08999633789062,83.4000015258789,0
2023-04-18 02:00:00+00:00,83.75,83.75,83.61000061035156,83.6500015258789,424
2023-04-18 03:00:00+00:00,83.73999786376953,83.77999877929688,83.69999694824219,83.76000213623047,77
2023-04-18 04:00:00+00:00,83.77999877929688,83.81999969482422,83.70999908447266,83.70999908447266,36
2023-04-18 05:00:00+00:00,83.80999755859375,83.8499984741211,83.69999694824219,83.70999908447266,102
2023-04-18 06:00:00+00:00,83.81999969482422,83.8499984741211,83.62000274658203,83.76000213623047,338
2023-04-18 07:00:00+00:00,83.6500015258789,83.81999969482422,83.62000274658203,83.77999877929688,108
2023-04-18 08:00:00+00:00,84.0,84.05000305175781,83.68000030517578,83.69000244140625,778
2023-04-18 09:00:00+00:00,84.02999877929688,84.04000091552734,83.9000015258789,83.9800033569336,323
2023-04-18 10:00:00+00:00,83.83999633789062,84.12999725341797,83.72000122070312,84.0199966430664,505
2023-04-18 11:00:00+00:00,83.93000030517578,83.93000030517578,83.7300033569336,83.86000061035156,326
2023-04-18 12:00:00+00:00,84.16000366210938,84.3499984741211,83.83000183105469,83.94000244140625,2087
2023-04-18 13:00:00+00:00,83.94999694824219,84.41999816894531,83.87000274658203,84.20999908447266,2680
2023-04-18 14:00:00+00:00,84.41999816894531,84.44999694824219,83.73999786376953,83.95999908447266,3215
2023-04-18 15:00:00+00:00,84.79000091552734,84.79000091552734,84.06999969482422,84.18000030517578,4473
2023-04-18 16:00:00+00:00,85.13999938964844,85.13999938964844,84.75,84.79000091552734,5132
2023-04-18 17:00:00+00:00,84.9000015258789,85.1500015258789,84.66000366210938,85.12999725341797,2537
2023-04-18 18:00:00+00:00,84.68000030517578,84.88999938964844,84.66000366210938,84.87999725341797,0
2023-04-19 01:00:00+00:00,84.83000183105469,84.8499984741211,84.55000305175781,84.72000122070312,495
2023-04-19 02:00:00+00:00,84.63999938964844,84.83999633789062,84.62999725341797,84.81999969482422,67
2023-04-19 03:00:00+00:00,84.55000305175781,84.63999938964844,84.55000305175781,84.62999725341797,40
2023-04-19 04:00:00+00:00,84.54000091552734,84.55000305175781,84.44000244140625,84.55000305175781,69
2023-04-19 05:00:00+00:00,84.55000305175781,84.58000183105469,84.5199966430664,84.54000091552734,43
2023-04-19 06:00:00+00:00,84.55999755859375,84.5999984741211,84.43000030517578,84.54000091552734,124
2023-04-19 07:00:00+00:00,84.75,84.77999877929688,84.51000213623047,84.55999755859375,159
2023-04-19 08:00:00+00:00,84.5,84.69000244140625,84.47000122070312,84.69000244140625,264
2023-04-19 09:00:00+00:00,84.38999938964844,84.61000061035156,84.30000305175781,84.52999877929688,274
2023-04-19 10:00:00+00:00,84.33000183105469,84.52999877929688,84.2699966430664,84.4000015258789,241
2023-04-19 11:00:00+00:00,84.4000015258789,84.5999984741211,84.2699966430664,84.30999755859375,404
2023-04-19 12:00:00+00:00,84.5,84.69999694824219,84.37999725341797,84.44000244140625,1341
2023-04-19 13:00:00+00:00,84.75,84.93000030517578,84.2699966430664,84.51000213623047,2340
2023-04-19 14:00:00+00:00,84.76000213623047,85.2300033569336,84.61000061035156,84.76000213623047,4639
2023-04-19 15:00:00+00:00,84.6500015258789,85.16000366210938,84.61000061035156,84.80000305175781,2829
2023-04-19 16:00:00+00:00,83.48999786376953,84.66000366210938,83.37000274658203,84.6500015258789,3735
2023-04-19 17:00:00+00:00,83.70999908447266,83.80000305175781,83.43000030517578,83.4800033569336,1792
2023-04-19 18:00:00+00:00,83.69000244140625,83.87999725341797,83.4000015258789,83.72000122070312,0
2023-04-20 01:00:00+00:00,83.58000183105469,83.69999694824219,83.44999694824219,83.6500015258789,357
2023-04-20 02:00:00+00:00,83.44999694824219,83.6500015258789,83.44999694824219,83.5999984741211,83
2023-04-20 03:00:00+00:00,83.5,83.52999877929688,83.41000366210938,83.45999908447266,73
2023-04-20 04:00:00+00:00,83.45999908447266,83.55999755859375,83.45999908447266,83.52999877929688,15
2023-04-20 05:00:00+00:00,83.47000122070312,83.51000213623047,83.44000244140625,83.48999786376953,12
2023-04-20 06:00:00+00:00,83.55000305175781,83.55999755859375,83.37999725341797,83.45999908447266,99
2023-04-20 07:00:00+00:00,82.56999969482422,83.5999984741211,82.5199966430664,83.52999877929688,1202
2023-04-20 08:00:00+00:00,82.76000213623047,82.81999969482422,82.5199966430664,82.62000274658203,542
2023-04-20 09:00:00+00:00,82.88999938964844,82.98999786376953,82.69000244140625,82.69000244140625,480
2023-04-20 10:00:00+00:00,82.94999694824219,83.0,82.68000030517578,82.91000366210938,266
2023-04-20 11:00:00+00:00,82.6500015258789,83.01000213623047,82.58000183105469,82.94999694824219,575
2023-04-20 12:00:00+00:00,81.33999633789062,82.58000183105469,81.33999633789062,82.58000183105469,4055
2023-04-20 13:00:00+00:00,81.51000213623047,82.16999816894531,81.31999969482422,81.33000183105469,2374
2023-04-20 14:00:00+00:00,79.7699966430664,81.55000305175781,79.6500015258789,81.45999908447266,8885
2023-04-20 15:00:00+00:00,80.05999755859375,80.3499984741211,79.6500015258789,79.7699966430664,5144
2023-04-20 16:00:00+00:00,80.06999969482422,80.25,79.9000015258789,80.05000305175781,3296
2023-04-20 17:00:00+00:00,80.13999938964844,80.25,79.98999786376953,80.05000305175781,2236
2023-04-20 18:00:00+00:00,80.26000213623047,80.33000183105469,79.97000122070312,80.0999984741211,3897
2023-04-21 01:00:00+00:00,80.05000305175781,80.37000274658203,79.88999938964844,80.19000244140625,0
2023-04-21 02:00:00+00:00,80.19000244140625,80.2300033569336,80.0,80.04000091552734,140
2023-04-21 03:00:00+00:00,79.97000122070312,80.1500015258789,79.9000015258789,80.1500015258789,158
2023-04-21 04:00:00+00:00,79.9800033569336,80.1500015258789,79.95999908447266,79.98999786376953,57
2023-04-21 05:00:00+00:00,79.95999908447266,80.05000305175781,79.91999816894531,79.94999694824219,93
2023-04-21 06:00:00+00:00,80.2300033569336,80.31999969482422,79.8499984741211,79.94999694824219,400
2023-04-21 07:00:00+00:00,80.26000213623047,80.48999786376953,80.08000183105469,80.25,169
2023-04-21 08:00:00+00:00,80.30000305175781,80.44999694824219,80.19000244140625,80.26000213623047,314
2023-04-21 09:00:00+00:00,80.44000244140625,80.7300033569336,80.05000305175781,80.23999786376953,437
2023-04-21 10:00:00+00:00,80.19999694824219,80.44000244140625,80.08999633789062,80.41000366210938,260
2023-04-21 11:00:00+00:00,79.77999877929688,80.19999694824219,79.69999694824219,80.19999694824219,824
2023-04-21 12:00:00+00:00,80.22000122070312,80.22000122070312,79.69999694824219,79.79000091552734,1777
2023-04-21 13:00:00+00:00,80.51000213623047,81.05000305175781,80.16999816894531,80.22000122070312,1951
2023-04-21 14:00:00+00:00,80.22000122070312,80.56999969482422,79.8499984741211,80.56999969482422,2842
2023-04-21 15:00:00+00:00,80.62999725341797,80.87000274658203,80.33999633789062,80.36000061035156,1521
2023-04-21 16:00:00+00:00,80.44000244140625,80.63999938964844,80.1500015258789,80.63999938964844,1419
2023-04-21 17:00:00+00:00,79.97000122070312,80.51000213623047,79.94999694824219,80.44999694824219,1422
2023-04-21 18:00:00+00:00,80.19999694824219,80.25,80.0199966430664,80.06999969482422,0
2023-04-24 01:00:00+00:00,80.5199966430664,80.66000366210938,80.30000305175781,80.37999725341797,575
2023-04-24 02:00:00+00:00,80.61000061035156,80.87000274658203,80.5,80.56999969482422,58
2023-04-24 03:00:00+00:00,80.5199966430664,80.75,80.5199966430664,80.62000274658203,85
2023-04-24 04:00:00+00:00,80.4800033569336,80.51000213623047,80.44999694824219,80.5,43
2023-04-24 05:00:00+00:00,80.41000366210938,80.47000122070312,80.22000122070312,80.44999694824219,137
2023-04-24 06:00:00+00:00,80.18000030517578,80.4800033569336,80.11000061035156,80.41999816894531,566
2023-04-24 07:00:00+00:00,80.44999694824219,80.51000213623047,80.12000274658203,80.19000244140625,210
2023-04-24 08:00:00+00:00,80.69999694824219,80.80000305175781,80.43000030517578,80.45999908447266,113
2023-04-24 09:00:00+00:00,80.56999969482422,80.72000122070312,80.48999786376953,80.72000122070312,108
2023-04-24 10:00:00+00:00,80.45999908447266,80.55000305175781,80.43000030517578,80.55000305175781,2497
2023-04-24 11:00:00+00:00,80.55999755859375,80.68000030517578,80.43000030517578,80.45999908447266,324
2023-04-24 12:00:00+00:00,80.66000366210938,81.37999725341797,80.5,80.55000305175781,1671
2023-04-24 13:00:00+00:00,81.36000061035156,81.61000061035156,80.55999755859375,80.66000366210938,1757
2023-04-24 14:00:00+00:00,81.16999816894531,81.80999755859375,81.13999938964844,81.37999725341797,2632
2023-04-24 15:00:00+00:00,81.31999969482422,81.72000122070312,81.04000091552734,81.16999816894531,1593
2023-04-24 16:00:00+00:00,81.27999877929688,81.51000213623047,81.16999816894531,81.30000305175781,1058
2023-04-24 17:00:00+00:00,81.16000366210938,81.51000213623047,81.02999877929688,81.26000213623047,995
2023-04-24 18:00:00+00:00,80.7699966430664,81.1500015258789,80.66000366210938,81.1500015258789,0
2023-04-25 01:00:00+00:00,81.08000183105469,81.16000366210938,80.80999755859375,80.80999755859375,105
2023-04-25 02:00:00+00:00,80.79000091552734,81.08999633789062,80.75,81.08999633789062,187
2023-04-25 03:00:00+00:00,80.81999969482422,80.87000274658203,80.69000244140625,80.80000305175781,40
2023-04-25 04:00:00+00:00,80.7300033569336,80.83999633789062,80.72000122070312,80.80999755859375,11
2023-04-25 05:00:00+00:00,80.62999725341797,80.7699966430664,80.44000244140625,80.7699966430664,275
2023-04-25 06:00:00+00:00,80.54000091552734,81.0,80.54000091552734,80.58999633789062,223
2023-04-25 07:00:00+00:00,80.30999755859375,80.68000030517578,80.30000305175781,80.62000274658203,310
2023-04-25 08:00:00+00:00,80.30000305175781,80.4000015258789,79.88999938964844,80.33000183105469,691
2023-04-25 09:00:00+00:00,80.08000183105469,80.30000305175781,80.08000183105469,80.29000091552734,88
2023-04-25 10:00:00+00:00,79.9000015258789,80.12000274658203,79.86000061035156,80.08999633789062,264
2023-04-25 11:00:00+00:00,79.20999908447266,79.87999725341797,79.19999694824219,79.87000274658203,2069
2023-04-25 12:00:00+00:00,79.02999877929688,79.20999908447266,78.7300033569336,79.20999908447266,2591
2023-04-25 13:00:00+00:00,78.48999786376953,79.0999984741211,78.44999694824219,79.04000091552734,3296
2023-04-25 14:00:00+00:00,78.0,78.63999938964844,77.68000030517578,78.4800033569336,5020
2023-04-25 15:00:00+00:00,78.51000213623047,78.69999694824219,77.8499984741211,78.01000213623047,3329
2023-04-25 16:00:00+00:00,78.5199966430664,78.66999816894531,78.0999984741211,78.48999786376953,2277
2023-04-25 17:00:00+00:00,78.94999694824219,79.05000305175781,78.47000122070312,78.51000213623047,1577
2023-04-25 18:00:00+00:00,78.5199966430664,79.05000305175781,78.5199966430664,78.94000244140625,0
2023-04-26 01:00:00+00:00,79.43000030517578,79.43000030517578,78.41999816894531,78.5999984741211,775
2023-04-26 02:00:00+00:00,79.5999984741211,79.68000030517578,79.25,79.44000244140625,395
2023-04-26 03:00:00+00:00,79.4800033569336,79.61000061035156,79.38999938964844,79.61000061035156,149
2023-04-26 04:00:00+00:00,79.52999877929688,79.56999969482422,79.38999938964844,79.38999938964844,66
2023-04-26 05:00:00+00:00,79.55999755859375,79.69999694824219,79.44000244140625,79.44000244140625,228
2023-04-26 06:00:00+00:00,79.55000305175781,79.69999694824219,79.37000274658203,79.56999969482422,326
2023-04-26 07:00:00+00:00,79.44999694824219,79.69999694824219,79.41999816894531,79.55000305175781,242
2023-04-26 08:00:00+00:00,79.44999694824219,79.55000305175781,79.26000213623047,79.41000366210938,186
2023-04-26 09:00:00+00:00,79.41000366210938,79.66000366210938,79.22000122070312,79.36000061035156,260
2023-04-26 10:00:00+00:00,79.4000015258789,79.62000274658203,79.36000061035156,79.41999816894531,202
2023-04-26 11:00:00+00:00,79.61000061035156,79.87999725341797,79.2699966430664,79.4000015258789,750
2023-04-26 12:00:00+00:00,79.08000183105469,79.62999725341797,79.01000213623047,79.58000183105469,843
2023-04-26 13:00:00+00:00,78.81999969482422,79.62000274658203,78.69999694824219,79.13999938964844,2022
2023-04-26 14:00:00+00:00,78.66999816894531,78.81999969482422,78.36000061035156,78.80000305175781,3420
2023-04-26 15:00:00+00:00,78.54000091552734,78.94999694824219,78.30000305175781,78.63999938964844,1573
2023-04-26 16:00:00+00:00,78.33000183105469,78.69999694824219,78.31999969482422,78.55000305175781,1491
2023-04-26 17:00:00+00:00,78.0999984741211,78.5,78.08999633789062,78.33999633789062,1690
2023-04-26 18:00:00+00:00,78.58000183105469,78.62000274658203,78.08999633789062,78.12000274658203,1442
2023-04-27 01:00:00+00:00,78.80000305175781,79.19999694824219,78.56999969482422,78.75,0
2023-04-27 02:00:00+00:00,79.05000305175781,79.1500015258789,78.8499984741211,78.8499984741211,127
2023-04-27 03:00:00+00:00,79.08999633789062,79.3499984741211,79.05999755859375,79.08999633789062,213
2023-04-27 04:00:00+00:00,78.83999633789062,79.08000183105469,78.83999633789062,79.08000183105469,16
2023-04-27 05:00:00+00:00,79.0199966430664,79.30000305175781,78.87999725341797,78.94999694824219,188
2023-04-27 06:00:00+00:00,78.80999755859375,79.0999984741211,78.75,79.0,76
2023-04-27 07:00:00+00:00,78.58999633789062,78.80999755859375,78.26000213623047,78.7699966430664,504
2023-04-27 08:00:00+00:00,78.58999633789062,78.63999938964844,78.12000274658203,78.55000305175781,402
2023-04-27 09:00:00+00:00,78.73999786376953,78.75,78.5,78.5,86
2023-04-27 10:00:00+00:00,78.69999694824219,78.7699966430664,78.63999938964844,78.73999786376953,93
2023-04-27 11:00:00+00:00,78.73999786376953,78.87999725341797,78.56999969482422,78.69999694824219,213
2023-04-27 12:00:00+00:00,79.58999633789062,79.80000305175781,78.55000305175781,78.7699966430664,2189
2023-04-27 13:00:00+00:00,79.75,80.18000030517578,79.33999633789062,79.58999633789062,2801
2023-04-27 14:00:00+00:00,79.55999755859375,80.05000305175781,79.20999908447266,79.80000305175781,2325
2023-04-27 15:00:00+00:00,79.47000122070312,79.91000366210938,79.43000030517578,79.58999633789062,1687
2023-04-27 16:00:00+00:00,80.63999938964844,81.0999984741211,79.43000030517578,79.4800033569336,3826
2023-04-27 17:00:00+00:00,80.16999816894531,80.68000030517578,80.05000305175781,80.66999816894531,1929
2023-04-27 18:00:00+00:00,80.4800033569336,80.4800033569336,80.08999633789062,80.16999816894531,0
2023-04-28 01:00:00+00:00,80.26000213623047,80.6500015258789,80.25,80.43000030517578,462
2023-04-28 02:00:00+00:00,80.5199966430664,80.5199966430664,80.1500015258789,80.31999969482422,120
2023-04-28 03:00:00+00:00,80.62000274658203,80.66999816894531,80.5,80.5199966430664,98
2023-04-28 04:00:00+00:00,80.54000091552734,80.66999816894531,80.54000091552734,80.56999969482422,31
2023-04-28 05:00:00+00:00,80.66999816894531,80.75,80.47000122070312,80.56999969482422,140
2023-04-28 06:00:00+00:00,80.88999938964844,81.0,80.58000183105469,80.66999816894531,321
2023-04-28 07:00:00+00:00,81.19999694824219,81.33000183105469,80.75,80.80999755859375,311
2023-04-28 08:00:00+00:00,80.69000244140625,81.23999786376953,80.5,81.22000122070312,251
2023-04-28 09:00:00+00:00,80.77999877929688,80.83000183105469,80.5199966430664,80.68000030517578,245
2023-04-28 10:00:00+00:00,80.86000061035156,80.88999938964844,80.72000122070312,80.8499984741211,85
2023-04-28 11:00:00+00:00,80.98999786376953,81.16000366210938,80.75,80.86000061035156,585
2023-04-28 12:00:00+00:00,80.8499984741211,81.66000366210938,80.80000305175781,81.0,1439
2023-04-28 13:00:00+00:00,80.01000213623047,81.06999969482422,79.9000015258789,80.79000091552734,1866
2023-04-28 14:00:00+00:00,80.08999633789062,80.56999969482422,79.95999908447266,80.12000274658203,3369
2023-04-28 15:00:00+00:00,80.05999755859375,80.20999908447266,79.80000305175781,80.0999984741211,1965
2023-04-28 16:00:00+00:00,80.72000122070312,80.9000015258789,80.08000183105469,80.08000183105469,1287
2023-04-28 17:00:00+00:00,81.02999877929688,81.30000305175781,80.54000091552734,80.66999816894531,1428
2023-04-28 18:00:00+00:00,80.55000305175781,81.19999694824219,80.55000305175781,81.04000091552734,1931
2023-05-01 01:00:00+00:00,81.13999938964844,81.29000091552734,80.55000305175781,80.55000305175781,147
2023-05-01 02:00:00+00:00,81.20999908447266,81.23999786376953,81.08999633789062,81.12000274658203,35
2023-05-01 03:00:00+00:00,81.30999755859375,81.33000183105469,81.20999908447266,81.20999908447266,33
2023-05-01 04:00:00+00:00,81.18000030517578,81.33000183105469,81.16000366210938,81.33000183105469,17
2023-05-01 05:00:00+00:00,81.3499984741211,81.36000061035156,81.16999816894531,81.18000030517578,67
2023-05-01 06:00:00+00:00,81.12000274658203,81.29000091552734,81.05000305175781,81.29000091552734,65
2023-05-01 07:00:00+00:00,80.87999725341797,81.19000244140625,80.87999725341797,81.0999984741211,89
2023-05-01 08:00:00+00:00,80.72000122070312,80.97000122070312,80.69999694824219,80.8499984741211,111
2023-05-01 09:00:00+00:00,80.7699966430664,80.86000061035156,80.6500015258789,80.7300033569336,95
2023-05-01 10:00:00+00:00,80.8499984741211,80.9000015258789,80.29000091552734,80.79000091552734,221
2023-05-01 11:00:00+00:00,80.94999694824219,81.16000366210938,80.88999938964844,80.91999816894531,247
2023-05-01 12:00:00+00:00,80.52999877929688,80.94999694824219,80.44999694824219,80.91999816894531,952
2023-05-01 13:00:00+00:00,80.47000122070312,80.66000366210938,80.0999984741211,80.48999786376953,989
2023-05-01 14:00:00+00:00,80.51000213623047,80.79000091552734,79.91000366210938,80.47000122070312,1716
2023-05-01 15:00:00+00:00,80.76000213623047,80.98999786376953,80.4000015258789,80.56999969482422,1540
2023-05-01 16:00:00+00:00,81.04000091552734,81.58000183105469,80.7699966430664,80.79000091552734,2158
2023-05-01 17:00:00+00:00,81.29000091552734,81.36000061035156,80.73999786376953,81.05999755859375,1268
2023-05-01 18:00:00+00:00,81.2300033569336,81.43000030517578,81.11000061035156,81.30999755859375,0
2023-05-02 01:00:00+00:00,81.33999633789062,81.5199966430664,81.22000122070312,81.22000122070312,118
2023-05-02 02:00:00+00:00,81.20999908447266,81.27999877929688,81.16999816894531,81.27999877929688,12
2023-05-02 03:00:00+00:00,81.3499984741211,81.3499984741211,81.22000122070312,81.25,11
2023-05-02 04:00:00+00:00,81.3499984741211,81.4000015258789,81.29000091552734,81.30999755859375,7
2023-05-02 05:00:00+00:00,81.6500015258789,81.83000183105469,81.33000183105469,81.33000183105469,439
2023-05-02 06:00:00+00:00,81.72000122070312,81.77999877929688,81.58999633789062,81.61000061035156,84
2023-05-02 07:00:00+00:00,81.12999725341797,81.72000122070312,81.12999725341797,81.72000122070312,160
2023-05-02 08:00:00+00:00,81.37999725341797,81.44999694824219,81.11000061035156,81.11000061035156,119
2023-05-02 09:00:00+00:00,81.41000366210938,81.48999786376953,81.23999786376953,81.3499984741211,121
2023-05-02 10:00:00+00:00,81.69999694824219,82.33000183105469,81.37000274658203,81.41000366210938,1046
2023-05-02 11:00:00+00:00,81.55999755859375,81.80000305175781,81.5,81.69999694824219,272
2023-05-02 12:00:00+00:00,81.23999786376953,82.05000305175781,81.04000091552734,81.58000183105469,1071
2023-05-02 13:00:00+00:00,80.81999969482422,81.62000274658203,80.69999694824219,81.2300033569336,1260
2023-05-02 14:00:00+00:00,80.66000366210938,81.37999725341797,80.22000122070312,80.8499984741211,3148
2023-05-02 15:00:00+00:00,80.52999877929688,80.77999877929688,80.16000366210938,80.62999725341797,1514
2023-05-02 16:00:00+00:00,80.33000183105469,80.7300033569336,80.19999694824219,80.52999877929688,1281
2023-05-02 17:00:00+00:00,80.33000183105469,80.55999755859375,80.16000366210938,80.33000183105469,1810
2023-05-02 18:00:00+00:00,80.66999816894531,80.66999816894531,80.16000366210938,80.37999725341797,0
2023-05-03 01:00:00+00:00,80.55999755859375,80.79000091552734,80.55999755859375,80.72000122070312,58
2023-05-03 02:00:00+00:00,80.66999816894531,80.69999694824219,80.58999633789062,80.5999984741211,37
2023-05-03 03:00:00+00:00,80.63999938964844,80.72000122070312,80.5999984741211,80.68000030517578,20
2023-05-03 04:00:00+00:00,80.26000213623047,80.72000122070312,80.19999694824219,80.62000274658203,225
2023-05-03 05:00:00+00:00,80.41000366210938,80.54000091552734,80.36000061035156,80.36000061035156,26
2023-05-03 06:00:00+00:00,80.37999725341797,80.44000244140625,80.30000305175781,80.37999725341797,51
2023-05-03 07:00:00+00:00,80.05000305175781,80.5,79.87999725341797,80.37999725341797,313
2023-05-03 08:00:00+00:00,79.8499984741211,80.1500015258789,79.69999694824219,80.0199966430664,391
2023-05-03 09:00:00+00:00,79.8499984741211,79.97000122070312,79.72000122070312,79.83999633789062,99
2023-05-03 10:00:00+00:00,79.75,79.86000061035156,79.69999694824219,79.86000061035156,216
2023-05-03 11:00:00+00:00,79.55000305175781,79.97000122070312,79.37999725341797,79.70999908447266,819
2023-05-03 12:00:00+00:00,79.0199966430664,79.62000274658203,79.01000213623047,79.54000091552734,1383
2023-05-03 13:00:00+00:00,78.7699966430664,79.16000366210938,78.55999755859375,79.01000213623047,3054
2023-05-03 14:00:00+00:00,78.98999786376953,79.48999786376953,78.7699966430664,78.77999877929688,2768
2023-05-03 15:00:00+00:00,78.88999938964844,79.33999633789062,78.8499984741211,78.97000122070312,1995
2023-05-03 16:00:00+00:00,78.88999938964844,79.19000244140625,78.80999755859375,78.87000274658203,1192
2023-05-03 17:00:00+00:00,78.83999633789062,79.19000244140625,78.75,78.87000274658203,1716
2023-05-03 18:00:00+00:00,78.87000274658203,79.05000305175781,78.69999694824219,78.83000183105469,0
2023-05-04 01:00:00+00:00,79.72000122070312,79.73999786376953,78.93000030517578,79.0,614
2023-05-04 02:00:00+00:00,80.31999969482422,80.80000305175781,79.69000244140625,79.69999694824219,1201
2023-05-04 03:00:00+00:00,80.27999877929688,80.33999633789062,80.0,80.33000183105469,95
2023-05-04 04:00:00+00:00,80.55999755859375,80.55999755859375,80.18000030517578,80.29000091552734,91
2023-05-04 05:00:00+00:00,80.66000366210938,80.69999694824219,80.37000274658203,80.5199966430664,181
2023-05-04 06:00:00+00:00,80.54000091552734,80.72000122070312,80.3499984741211,80.69000244140625,189
2023-05-04 07:00:00+00:00,80.4000015258789,80.56999969482422,80.29000091552734,80.4800033569336,147
2023-05-04 08:00:00+00:00,80.79000091552734,80.80999755859375,80.30999755859375,80.41000366210938,288
2023-05-04 09:00:00+00:00,80.73999786376953,80.94999694824219,80.68000030517578,80.83000183105469,289
2023-05-04 10:00:00+00:00,80.75,80.94999694824219,80.69999694824219,80.7699966430664,194
2023-05-04 11:00:00+00:00,80.93000030517578,81.05000305175781,80.62999725341797,80.63999938964844,670
2023-05-04 12:00:00+00:00,81.62999725341797,81.68000030517578,80.87999725341797,80.95999908447266,3390
2023-05-04 13:00:00+00:00,81.68000030517578,81.76000213623047,81.11000061035156,81.62999725341797,4723
2023-05-04 14:00:00+00:00,81.70999908447266,81.76000213623047,81.41999816894531,81.66000366210938,4591
2023-05-04 15:00:00+00:00,81.76000213623047,81.76000213623047,81.61000061035156,81.66999816894531,2758
2023-05-04 16:00:00+00:00,81.76000213623047,81.76000213623047,81.70999908447266,81.76000213623047,386
2023-05-04 17:00:00+00:00,81.76000213623047,81.76000213623047,81.76000213623047,81.76000213623047,1885
2023-05-04 18:00:00+00:00,81.76000213623047,81.76000213623047,81.76000213623047,81.76000213623047,1986
2023-05-05 01:00:00+00:00,82.41999816894531,82.5,81.80999755859375,82.0,0
2023-05-05 02:00:00+00:00,82.2699966430664,82.5,82.05000305175781,82.41999816894531,130
2023-05-05 03:00:00+00:00,82.4800033569336,82.55000305175781,82.23999786376953,82.30000305175781,66
2023-05-05 04:00:00+00:00,82.4800033569336,82.55000305175781,82.44999694824219,82.48999786376953,106
2023-05-05 05:00:00+00:00,82.62000274658203,82.69000244140625,82.45999908447266,82.47000122070312,160
2023-05-05 06:00:00+00:00,83.55000305175781,83.7300033569336,82.62999725341797,82.62999725341797,951
2023-05-05 07:00:00+00:00,83.86000061035156,83.94999694824219,83.30000305175781,83.55999755859375,542
2023-05-05 08:00:00+00:00,83.77999877929688,84.05000305175781,83.56999969482422,83.9000015258789,576
2023-05-05 09:00:00+00:00,83.43000030517578,83.86000061035156,83.33000183105469,83.8499984741211,384
2023-05-05 10:00:00+00:00,83.70999908447266,83.77999877929688,83.4000015258789,83.5,315
2023-05-05 11:00:00+00:00,83.87999725341797,84.5199966430664,83.70999908447266,83.72000122070312,2018
2023-05-05 12:00:00+00:00,84.25,84.44999694824219,83.9000015258789,83.9000015258789,3393
2023-05-05 13:00:00+00:00,83.79000091552734,84.4000015258789,83.04000091552734,84.23999786376953,3435
2023-05-05 14:00:00+00:00,83.83999633789062,84.04000091552734,83.41000366210938,83.7699966430664,3399
2023-05-05 15:00:00+00:00,83.94000244140625,84.01000213623047,83.6500015258789,83.8499984741211,3202
2023-05-05 16:00:00+00:00,84.41000366210938,84.41000366210938,83.97000122070312,83.97000122070312,2919
2023-05-05 17:00:00+00:00,83.41999816894531,84.41000366210938,83.37999725341797,84.4000015258789,3228
2023-05-05 18:00:00+00:00,84.05999755859375,84.05999755859375,83.37000274658203,83.43000030517578,3358
2023-05-08 01:00:00+00:00,83.18000030517578,84.0,83.05000305175781,83.9000015258789,810
2023-05-08 02:00:00+00:00,83.27999877929688,83.58999633789062,83.12999725341797,83.19999694824219,124
2023-05-08 03:00:00+00:00,83.41999816894531,83.5999984741211,83.41000366210938,83.41000366210938,50
2023-05-08 04:00:00+00:00,83.44000244140625,83.4800033569336,83.33000183105469,83.41000366210938,30
2023-05-08 05:00:00+00:00,83.7699966430664,83.77999877929688,83.41000366210938,83.4800033569336,85
2023-05-08 06:00:00+00:00,84.11000061035156,84.11000061035156,83.72000122070312,83.77999877929688,221
2023-05-08 07:00:00+00:00,83.88999938964844,84.1500015258789,83.87000274658203,84.12000274658203,221
2023-05-08 08:00:00+00:00,83.98999786376953,84.22000122070312,83.91000366210938,83.97000122070312,203
2023-05-08 09:00:00+00:00,84.08000183105469,84.19999694824219,84.0199966430664,84.02999877929688,149
2023-05-08 10:00:00+00:00,84.13999938964844,84.18000030517578,84.05999755859375,84.12000274658203,175
2023-05-08 11:00:00+00:00,84.72000122070312,84.80000305175781,84.11000061035156,84.13999938964844,1469
2023-05-08 12:00:00+00:00,84.0,84.87000274658203,83.8499984741211,84.7699966430664,1367
2023-05-08 13:00:00+00:00,84.19000244140625,84.48999786376953,83.88999938964844,83.98999786376953,1956
2023-05-08 14:00:00+00:00,83.55000305175781,84.36000061035156,83.30000305175781,84.16000366210938,2683
2023-05-08 15:00:00+00:00,83.36000061035156,83.72000122070312,83.18000030517578,83.55000305175781,1313
2023-05-08 16:00:00+00:00,83.56999969482422,83.80000305175781,83.13999938964844,83.38999938964844,1352
2023-05-08 17:00:00+00:00,83.37000274658203,83.63999938964844,83.33999633789062,83.5999984741211,1348
2023-05-08 18:00:00+00:00,83.16999816894531,83.52999877929688,83.16999816894531,83.36000061035156,2627
2023-05-09 01:00:00+00:00,82.26000213623047,83.18000030517578,82.13999938964844,83.18000030517578,0
2023-05-09 02:00:00+00:00,82.33999633789062,82.37000274658203,82.05000305175781,82.25,218
2023-05-09 03:00:00+00:00,81.98999786376953,82.27999877929688,81.91000366210938,82.23999786376953,205
2023-05-09 04:00:00+00:00,82.01000213623047,82.11000061035156,82.0,82.01000213623047,97
2023-05-09 05:00:00+00:00,81.5999984741211,82.12000274658203,81.55000305175781,82.0,657
2023-05-09 06:00:00+00:00,81.63999938964844,81.75,81.4000015258789,81.5999984741211,477
2023-05-09 07:00:00+00:00,81.58000183105469,81.80999755859375,81.48999786376953,81.6500015258789,307
2023-05-09 08:00:00+00:00,81.3499984741211,81.66999816894531,81.29000091552734,81.61000061035156,269
2023-05-09 09:00:00+00:00,81.29000091552734,81.41999816894531,81.05000305175781,81.33999633789062,1051
2023-05-09 10:00:00+00:00,81.18000030517578,81.29000091552734,81.11000061035156,81.2699966430664,255
2023-05-09 11:00:00+00:00,80.75,81.25,80.5999984741211,81.1500015258789,1343
2023-05-09 12:00:00+00:00,81.11000061035156,81.31999969482422,80.55000305175781,80.70999908447266,2332
2023-05-09 13:00:00+00:00,81.27999877929688,81.6500015258789,80.66999816894531,81.1500015258789,2307
2023-05-09 14:00:00+00:00,80.87999725341797,81.45999908447266,80.68000030517578,81.27999877929688,3037
2023-05-09 15:00:00+00:00,80.79000091552734,81.19999694824219,80.4000015258789,81.0199966430664,2241
2023-05-09 16:00:00+00:00,80.87000274658203,81.11000061035156,80.79000091552734,80.79000091552734,1309
2023-05-09 17:00:00+00:00,81.29000091552734,81.31999969482422,80.75,80.87000274658203,1546
2023-05-09 18:00:00+00:00,80.87000274658203,81.41000366210938,80.80999755859375,81.30999755859375,2482
2023-05-10 01:00:00+00:00,81.05999755859375,81.22000122070312,80.7699966430664,80.95999908447266,0
2023-05-10 02:00:00+00:00,81.05000305175781,81.41000366210938,81.05000305175781,81.05000305175781,215
2023-05-10 03:00:00+00:00,81.19000244140625,81.23999786376953,81.05000305175781,81.05000305175781,38
2023-05-10 04:00:00+00:00,81.26000213623047,81.27999877929688,81.22000122070312,81.25,35
2023-05-10 05:00:00+00:00,81.12999725341797,81.30999755859375,81.08000183105469,81.25,103
2023-05-10 06:00:00+00:00,81.19000244140625,81.19999694824219,81.0,81.13999938964844,148
2023-05-10 07:00:00+00:00,81.12000274658203,81.43000030517578,81.05000305175781,81.19999694824219,245
2023-05-10 08:00:00+00:00,80.88999938964844,81.0999984741211,80.6500015258789,81.08999633789062,248
2023-05-10 09:00:00+00:00,80.79000091552734,80.87000274658203,80.62000274658203,80.80000305175781,187
2023-05-10 10:00:00+00:00,80.8499984741211,80.91000366210938,80.68000030517578,80.76000213623047,168
2023-05-10 11:00:00+00:00,80.5999984741211,80.83999633789062,80.19999694824219,80.80000305175781,1031
2023-05-10 12:00:00+00:00,81.41000366210938,81.5999984741211,80.45999908447266,80.5999984741211,1469
2023-05-10 13:00:00+00:00,80.5,81.44999694824219,80.37999725341797,81.44999694824219,1732
2023-05-10 14:00:00+00:00,81.11000061035156,81.19000244140625,80.4800033569336,80.5,2209
2023-05-10 15:00:00+00:00,81.22000122070312,81.55999755859375,81.05999755859375,81.11000061035156,1619
2023-05-10 16:00:00+00:00,81.20999908447266,81.54000091552734,81.04000091552734,81.16000366210938,1034
2023-05-10 17:00:00+00:00,80.80999755859375,81.22000122070312,80.7300033569336,81.19000244140625,1594
2023-05-10 18:00:00+00:00,80.62000274658203,80.94999694824219,80.62000274658203,80.81999969482422,0
2023-05-11 01:00:00+00:00,80.68000030517578,81.0199966430664,80.68000030517578,80.7300033569336,189
2023-05-11 02:00:00+00:00,80.70999908447266,80.80999755859375,80.5999984741211,80.5999984741211,26
2023-05-11 03:00:00+00:00,80.73999786376953,80.94000244140625,80.7300033569336,80.7300033569336,97
2023-05-11 04:00:00+00:00,80.6500015258789,80.80000305175781,80.6500015258789,80.7300033569336,88
2023-05-11 05:00:00+00:00,80.91999816894531,80.9800033569336,80.70999908447266,80.70999908447266,65
2023-05-11 06:00:00+00:00,80.27999877929688,80.81999969482422,80.23999786376953,80.81999969482422,352
2023-05-11 07:00:00+00:00,80.37000274658203,80.58999633789062,80.30000305175781,80.30999755859375,144
2023-05-11 08:00:00+00:00,80.4800033569336,80.56999969482422,80.33999633789062,80.41000366210938,85
2023-05-11 09:00:00+00:00,80.55999755859375,80.63999938964844,80.4000015258789,80.55999755859375,113
2023-05-11 10:00:00+00:00,80.63999938964844,80.73999786376953,80.44000244140625,80.55000305175781,138
2023-05-11 11:00:00+00:00,80.80000305175781,80.86000061035156,80.55999755859375,80.62999725341797,288
2023-05-11 12:00:00+00:00,80.16999816894531,81.19000244140625,80.16000366210938,80.77999877929688,2235
2023-05-11 13:00:00+00:00,80.12000274658203,80.33999633789062,79.55999755859375,80.19000244140625,3935
2023-05-11 14:00:00+00:00,80.52999877929688,81.23999786376953,80.02999877929688,80.12000274658203,2592
2023-05-11 15:00:00+00:00,80.1500015258789,80.83000183105469,80.05000305175781,80.55000305175781,1562
2023-05-11 16:00:00+00:00,79.73999786376953,80.23999786376953,79.6500015258789,80.1500015258789,2347
2023-05-11 17:00:00+00:00,79.75,79.87000274658203,79.5199966430664,79.75,1453
2023-05-11 18:00:00+00:00,79.66999816894531,79.7699966430664,79.55999755859375,79.7300033569336,2084
2023-05-12 01:00:00+00:00,79.9000015258789,80.0,79.5999984741211,79.5999984741211,0
2023-05-12 02:00:00+00:00,79.77999877929688,79.91999816894531,79.7699966430664,79.81999969482422,118
2023-05-12 03:00:00+00:00,79.80000305175781,79.83999633789062,79.72000122070312,79.80000305175781,49
2023-05-12 04:00:00+00:00,79.87999725341797,79.91000366210938,79.83999633789062,79.83999633789062,16
2023-05-12 05:00:00+00:00,79.69999694824219,79.83999633789062,79.66000366210938,79.83999633789062,95
2023-05-12 06:00:00+00:00,79.79000091552734,79.87999725341797,79.5999984741211,79.69999694824219,196
2023-05-12 07:00:00+00:00,80.05999755859375,80.2300033569336,79.7699966430664,79.79000091552734,491
2023-05-12 08:00:00+00:00,80.2300033569336,80.25,79.94999694824219,80.05000305175781,187
2023-05-12 09:00:00+00:00,80.08999633789062,80.26000213623047,79.95999908447266,80.19999694824219,201
2023-05-12 10:00:00+00:00,79.87999725341797,80.22000122070312,79.8499984741211,80.05999755859375,175
2023-05-12 11:00:00+00:00,80.06999969482422,80.12000274658203,79.73999786376953,79.87999725341797,390
2023-05-12 12:00:00+00:00,79.91999816894531,80.12999725341797,79.66000366210938,80.05999755859375,576
2023-05-12 13:00:00+00:00,80.22000122070312,80.55999755859375,79.69999694824219,79.91999816894531,1286
2023-05-12 14:00:00+00:00,80.08000183105469,80.4000015258789,79.86000061035156,80.19999694824219,1701
2023-05-12 15:00:00+00:00,80.25,80.68000030517578,79.9000015258789,80.06999969482422,1867
2023-05-12 16:00:00+00:00,80.9800033569336,81.76000213623047,80.44000244140625,80.44000244140625,4078
2023-05-12 17:00:00+00:00,80.69000244140625,81.08000183105469,80.55999755859375,80.9800033569336,1770
2023-05-12 18:00:00+00:00,80.36000061035156,80.72000122070312,80.25,80.68000030517578,2624
2023-05-15 01:00:00+00:00,81.0999984741211,81.13999938964844,80.52999877929688,80.54000091552734,435
2023-05-15 02:00:00+00:00,81.0999984741211,81.55999755859375,81.04000091552734,81.0999984741211,212
2023-05-15 03:00:00+00:00,80.83000183105469,81.12999725341797,80.7699966430664,81.08000183105469,221
2023-05-15 04:00:00+00:00,80.86000061035156,80.93000030517578,80.81999969482422,80.83000183105469,34
2023-05-15 05:00:00+00:00,81.41999816894531,81.4800033569336,80.86000061035156,80.93000030517578,176
2023-05-15 06:00:00+00:00,81.41999816894531,81.4800033569336,81.12000274658203,81.33999633789062,143
2023-05-15 07:00:00+00:00,81.72000122070312,81.7300033569336,81.37999725341797,81.41000366210938,497
2023-05-15 08:00:00+00:00,81.72000122070312,82.0,81.68000030517578,81.68000030517578,444
2023-05-15 09:00:00+00:00,81.83999633789062,81.93000030517578,81.66000366210938,81.75,244
2023-05-15 10:00:00+00:00,82.06999969482422,82.18000030517578,81.7699966430664,81.83999633789062,557
2023-05-15 11:00:00+00:00,82.30999755859375,82.37999725341797,81.91999816894531,82.08000183105469,666
2023-05-15 12:00:00+00:00,82.25,82.41999816894531,81.94999694824219,82.29000091552734,1137
2023-05-15 13:00:00+00:00,82.05999755859375,82.51000213623047,81.7300033569336,82.22000122070312,1835
2023-05-15 14:00:00+00:00,82.27999877929688,82.72000122070312,81.75,82.04000091552734,2342
2023-05-15 15:00:00+00:00,82.69999694824219,82.94999694824219,82.30999755859375,82.33000183105469,1901
2023-05-15 16:00:00+00:00,82.7300033569336,83.23999786376953,82.5199966430664,82.7300033569336,2341
2023-05-15 17:00:00+00:00,82.6500015258789,82.88999938964844,82.45999908447266,82.80000305175781,1485
2023-05-15 18:00:00+00:00,82.54000091552734,82.72000122070312,82.04000091552734,82.6500015258789,2519
2023-05-16 01:00:00+00:00,82.22000122070312,82.56999969482422,82.12000274658203,82.3499984741211,0
2023-05-16 02:00:00+00:00,82.19000244140625,82.30000305175781,82.04000091552734,82.19999694824219,145
2023-05-16 03:00:00+00:00,82.11000061035156,82.2300033569336,82.11000061035156,82.2300033569336,25
2023-05-16 04:00:00+00:00,82.05999755859375,82.16999816894531,82.05999755859375,82.16999816894531,14
2023-05-16 05:00:00+00:00,81.66999816894531,82.08000183105469,81.56999969482422,82.08000183105469,216
2023-05-16 06:00:00+00:00,81.73999786376953,81.93000030517578,81.54000091552734,81.6500015258789,88
2023-05-16 07:00:00+00:00,81.97000122070312,82.05000305175781,81.6500015258789,81.72000122070312,317
2023-05-16 08:00:00+00:00,81.7699966430664,81.98999786376953,81.68000030517578,81.98999786376953,207
2023-05-16 09:00:00+00:00,81.66000366210938,81.80000305175781,81.5,81.76000213623047,277
2023-05-16 10:00:00+00:00,81.87999725341797,81.91999816894531,81.5999984741211,81.6500015258789,266
2023-05-16 11:00:00+00:00,81.61000061035156,81.8499984741211,81.52999877929688,81.8499984741211,355
2023-05-16 12:00:00+00:00,82.02999877929688,82.06999969482422,81.6500015258789,81.6500015258789,1617
2023-05-16 13:00:00+00:00,82.55000305175781,82.55999755859375,81.80000305175781,82.0,2839
2023-05-16 14:00:00+00:00,82.97000122070312,83.16000366210938,82.51000213623047,82.55999755859375,3972
2023-05-16 15:00:00+00:00,83.4800033569336,83.76000213623047,82.83999633789062,82.9800033569336,3820
2023-05-16 16:00:00+00:00,83.29000091552734,83.97000122070312,83.19999694824219,83.48999786376953,2497
2023-05-16 17:00:00+00:00,83.5,83.68000030517578,83.29000091552734,83.29000091552734,1610
2023-05-16 18:00:00+00:00,83.23999786376953,83.5,83.18000030517578,83.48999786376953,0
2023-05-17 01:00:00+00:00,83.08999633789062,83.33999633789062,82.9000015258789,83.19999694824219,543
2023-05-17 02:00:00+00:00,83.25,83.38999938964844,83.08000183105469,83.0999984741211,389
2023-05-17 03:00:00+00:00,82.9800033569336,83.23999786376953,82.91999816894531,83.23999786376953,354
2023-05-17 04:00:00+00:00,83.0199966430664,83.0199966430664,82.95999908447266,82.9800033569336,28
2023-05-17 05:00:00+00:00,82.9000015258789,83.05000305175781,82.83999633789062,83.0,443
2023-05-17 06:00:00+00:00,82.98999786376953,83.12000274658203,82.87000274658203,82.88999938964844,132
2023-05-17 07:00:00+00:00,83.12000274658203,83.2300033569336,82.9000015258789,83.01000213623047,400
2023-05-17 08:00:00+00:00,83.20999908447266,83.27999877929688,82.9800033569336,83.12000274658203,307
2023-05-17 09:00:00+00:00,83.62999725341797,83.6500015258789,83.18000030517578,83.2300033569336,685
2023-05-17 10:00:00+00:00,83.7699966430664,83.80000305175781,83.58999633789062,83.6500015258789,337
2023-05-17 11:00:00+00:00,83.63999938964844,83.88999938964844,83.58999633789062,83.80000305175781,1070
2023-05-17 12:00:00+00:00,83.88999938964844,83.91000366210938,83.52999877929688,83.66999816894531,843
2023-05-17 13:00:00+00:00,83.75,84.0999984741211,83.69999694824219,83.9000015258789,4002
2023-05-17 14:00:00+00:00,83.9000015258789,84.02999877929688,83.54000091552734,83.7699966430664,2892
2023-05-17 15:00:00+00:00,84.7300033569336,84.94999694824219,83.86000061035156,83.9000015258789,6534
2023-05-17 16:00:00+00:00,86.12999725341797,86.44999694824219,84.69999694824219,84.72000122070312,8880
2023-05-17 17:00:00+00:00,86.79000091552734,86.80000305175781,85.68000030517578,86.12000274658203,6984
2023-05-17 18:00:00+00:00,86.83999633789062,87.0,86.61000061035156,86.79000091552734,6404
2023-05-18 01:00:00+00:00,85.94000244140625,86.63999938964844,85.80000305175781,86.5,0
2023-05-18 02:00:00+00:00,86.47000122070312,86.5,85.87000274658203,85.94000244140625,538
2023-05-18 03:00:00+00:00,86.41000366210938,86.48999786376953,86.36000061035156,86.48999786376953,231
2023-05-18 04:00:00+00:00,86.4800033569336,86.4800033569336,86.30999755859375,86.33999633789062,92
2023-05-18 05:00:00+00:00,86.5,86.5999984741211,86.41000366210938,86.44999694824219,165
2023-05-18 06:00:00+00:00,86.61000061035156,86.75,86.4000015258789,86.5,472
2023-05-18 07:00:00+00:00,86.43000030517578,86.72000122070312,86.31999969482422,86.63999938964844,352
2023-05-18 08:00:00+00:00,86.12999725341797,86.61000061035156,86.05999755859375,86.44000244140625,873
2023-05-18 09:00:00+00:00,86.73999786376953,86.79000091552734,86.08999633789062,86.0999984741211,797
2023-05-18 10:00:00+00:00,86.66999816894531,86.86000061035156,86.5,86.73999786376953,716
2023-05-18 11:00:00+00:00,86.5999984741211,86.86000061035156,86.41999816894531,86.7300033569336,594
2023-05-18 12:00:00+00:00,85.94999694824219,86.9000015258789,85.62000274658203,86.61000061035156,5913
2023-05-18 13:00:00+00:00,86.43000030517578,86.75,85.69999694824219,85.91999816894531,3589
2023-05-18 14:00:00+00:00,86.2300033569336,86.58999633789062,85.80000305175781,86.44999694824219,3819
2023-05-18 15:00:00+00:00,86.62999725341797,87.16000366210938,86.02999877929688,86.2300033569336,5226
2023-05-18 16:00:00+00:00,86.47000122070312,86.83999633789062,86.1500015258789,86.6500015258789,3560
2023-05-18 17:00:00+00:00,86.80000305175781,86.9000015258789,86.41999816894531,86.4800033569336,2184
2023-05-18 18:00:00+00:00,86.55999755859375,86.83999633789062,86.44000244140625,86.80000305175781,0
2023-05-19 01:00:00+00:00,86.31999969482422,86.5,86.16999816894531,86.30000305175781,303
2023-05-19 02:00:00+00:00,86.5199966430664,86.56999969482422,86.31999969482422,86.31999969482422,77
2023-05-19 03:00:00+00:00,86.7300033569336,86.73999786376953,86.54000091552734,86.5999984741211,116
2023-05-19 04:00:00+00:00,86.7300033569336,86.75,86.68000030517578,86.72000122070312,117
2023-05-19 05:00:00+00:00,86.86000061035156,86.87999725341797,86.73999786376953,86.73999786376953,170
2023-05-19 06:00:00+00:00,86.87999725341797,86.9800033569336,86.80999755859375,86.83000183105469,446
2023-05-19 07:00:00+00:00,86.30000305175781,86.97000122070312,86.25,86.91000366210938,536
2023-05-19 08:00:00+00:00,86.4800033569336,86.5,86.12999725341797,86.33000183105469,471
2023-05-19 09:00:00+00:00,86.44999694824219,86.63999938964844,86.41000366210938,86.4800033569336,290
2023-05-19 10:00:00+00:00,86.41999816894531,86.58000183105469,86.3499984741211,86.45999908447266,205
2023-05-19 11:00:00+00:00,86.66000366210938,86.66000366210938,86.3499984741211,86.47000122070312,574
2023-05-19 12:00:00+00:00,86.8499984741211,86.93000030517578,86.56999969482422,86.66000366210938,1207
2023-05-19 13:00:00+00:00,87.73999786376953,87.75,86.6500015258789,86.87999725341797,3957
2023-05-19 14:00:00+00:00,87.91999816894531,87.94000244140625,87.37999725341797,87.73999786376953,4763
2023-05-19 15:00:00+00:00,87.0,87.9800033569336,86.5,87.91000366210938,4287
2023-05-19 16:00:00+00:00,86.95999908447266,87.02999877929688,86.44999694824219,86.97000122070312,2945
2023-05-19 17:00:00+00:00,86.5999984741211,87.22000122070312,86.58000183105469,86.97000122070312,1691
2023-05-19 18:00:00+00:00,86.6500015258789,86.87000274658203,86.5999984741211,86.5999984741211,1774
2023-05-22 01:00:00+00:00,86.83000183105469,86.9800033569336,86.45999908447266,86.72000122070312,477
2023-05-22 02:00:00+00:00,86.9000015258789,87.0,86.80000305175781,86.83999633789062,126
2023-05-22 03:00:00+00:00,86.94999694824219,86.94999694824219,86.79000091552734,86.94000244140625,53
2023-05-22 04:00:00+00:00,86.87999725341797,86.94999694824219,86.8499984741211,86.8499984741211,0
2023-05-22 05:00:00+00:00,86.87000274658203,86.91000366210938,86.69999694824219,86.9000015258789,831
2023-05-22 06:00:00+00:00,87.20999908447266,87.25,86.73999786376953,86.8499984741211,196
2023-05-22 07:00:00+00:00,87.18000030517578,87.22000122070312,86.93000030517578,87.20999908447266,392
2023-05-22 08:00:00+00:00,87.16000366210938,87.16999816894531,86.93000030517578,87.11000061035156,340
2023-05-22 09:00:00+00:00,86.94999694824219,87.18000030517578,86.94000244140625,87.16000366210938,236
2023-05-22 10:00:00+00:00,86.54000091552734,87.0199966430664,86.48999786376953,87.0,225
2023-05-22 11:00:00+00:00,86.6500015258789,86.80000305175781,86.36000061035156,86.54000091552734,406
2023-05-22 12:00:00+00:00,86.93000030517578,87.1500015258789,86.62999725341797,86.6500015258789,1137
2023-05-22 13:00:00+00:00,87.05000305175781,87.13999938964844,86.16000366210938,86.97000122070312,1819
2023-05-22 14:00:00+00:00,86.25,87.08000183105469,85.86000061035156,87.05000305175781,3243
2023-05-22 15:00:00+00:00,85.05000305175781,86.29000091552734,84.61000061035156,86.25,5672
2023-05-22 16:00:00+00:00,84.94000244140625,85.30000305175781,84.83000183105469,85.0199966430664,2277
2023-05-22 17:00:00+00:00,85.16999816894531,85.41000366210938,84.87999725341797,84.94000244140625,1748
2023-05-22 18:00:00+00:00,85.26000213623047,85.5,85.18000030517578,85.19000244140625,2021
2023-05-23 01:00:00+00:00,85.45999908447266,85.66000366210938,85.13999938964844,85.31999969482422,0
2023-05-23 02:00:00+00:00,85.37000274658203,85.51000213623047,85.22000122070312,85.51000213623047,65
2023-05-23 03:00:00+00:00,85.26000213623047,85.33999633789062,85.22000122070312,85.33000183105469,57
2023-05-23 04:00:00+00:00,85.30000305175781,85.30999755859375,85.1500015258789,85.19999694824219,75
2023-05-23 05:00:00+00:00,85.1500015258789,85.33999633789062,85.06999969482422,85.29000091552734,157
2023-05-23 06:00:00+00:00,85.16999816894531,85.38999938964844,85.08000183105469,85.19000244140625,162
2023-05-23 07:00:00+00:00,84.94000244140625,85.08000183105469,84.79000091552734,85.08000183105469,327
2023-05-23 08:00:00+00:00,84.68000030517578,84.93000030517578,84.68000030517578,84.91000366210938,348
2023-05-23 09:00:00+00:00,84.27999877929688,84.75,83.86000061035156,84.72000122070312,1373
2023-05-23 10:00:00+00:00,84.5999984741211,84.5999984741211,84.25,84.27999877929688,204
2023-05-23 11:00:00+00:00,84.27999877929688,84.75,84.2699966430664,84.69000244140625,271
2023-05-23 12:00:00+00:00,84.7300033569336,85.12999725341797,84.30999755859375,84.30999755859375,1127
2023-05-23 13:00:00+00:00,85.22000122070312,85.41999816894531,84.72000122070312,84.7699966430664,2002
2023-05-23 14:00:00+00:00,84.48999786376953,85.30999755859375,84.44999694824219,85.19000244140625,2068
2023-05-23 15:00:00+00:00,84.54000091552734,84.6500015258789,84.38999938964844,84.44999694824219,1775
2023-05-23 16:00:00+00:00,84.47000122070312,84.58999633789062,84.2300033569336,84.54000091552734,2000
2023-05-23 17:00:00+00:00,84.36000061035156,84.58000183105469,84.27999877929688,84.45999908447266,1456
2023-05-23 18:00:00+00:00,84.27999877929688,84.48999786376953,84.26000213623047,84.33999633789062,0
2023-05-24 01:00:00+00:00,84.18000030517578,84.4000015258789,84.12000274658203,84.3499984741211,168
2023-05-24 02:00:00+00:00,83.87000274658203,84.16000366210938,83.77999877929688,84.1500015258789,276
2023-05-24 03:00:00+00:00,83.5999984741211,83.79000091552734,83.5,83.79000091552734,143
2023-05-24 04:00:00+00:00,83.83000183105469,83.83000183105469,83.61000061035156,83.66000366210938,30
2023-05-24 05:00:00+00:00,83.72000122070312,83.9000015258789,83.70999908447266,83.83999633789062,100
2023-05-24 06:00:00+00:00,83.41999816894531,83.76000213623047,83.36000061035156,83.7300033569336,210
2023-05-24 07:00:00+00:00,83.94000244140625,83.94000244140625,83.36000061035156,83.41999816894531,222
2023-05-24 08:00:00+00:00,83.93000030517578,83.97000122070312,83.66000366210938,83.94000244140625,149
2023-05-24 09:00:00+00:00,83.77999877929688,83.9800033569336,83.68000030517578,83.91999816894531,126
2023-05-24 10:00:00+00:00,83.5999984741211,83.77999877929688,83.52999877929688,83.7699966430664,127
2023-05-24 11:00:00+00:00,83.22000122070312,83.69999694824219,83.22000122070312,83.62000274658203,469
2023-05-24 12:00:00+00:00,83.08000183105469,83.37000274658203,83.02999877929688,83.23999786376953,1364
2023-05-24 13:00:00+00:00,82.45999908447266,83.25,82.4000015258789,83.06999969482422,3675
2023-05-24 14:00:00+00:00,82.62000274658203,82.80999755859375,82.19999694824219,82.45999908447266,3551
2023-05-24 15:00:00+00:00,81.83999633789062,82.58999633789062,81.4000015258789,82.58999633789062,4803
2023-05-24 16:00:00+00:00,81.77999877929688,82.06999969482422,81.62999725341797,81.83999633789062,2316
2023-05-24 17:00:00+00:00,81.93000030517578,82.02999877929688,81.5,81.79000091552734,1828
2023-05-24 18:00:00+00:00,81.77999877929688,81.95999908447266,81.62999725341797,81.91999816894531,0
2023-05-25 01:00:00+00:00,81.79000091552734,82.0,81.5999984741211,81.70999908447266,428
2023-05-25 02:00:00+00:00,81.8499984741211,82.08000183105469,81.75,81.81999969482422,116
2023-05-25 03:00:00+00:00,81.80999755859375,81.91999816894531,81.72000122070312,81.8499984741211,64
2023-05-25 04:00:00+00:00,81.87000274658203,81.88999938964844,81.79000091552734,81.83000183105469,37
2023-05-25 05:00:00+00:00,81.41000366210938,81.81999969482422,81.36000061035156,81.81999969482422,372
2023-05-25 06:00:00+00:00,81.56999969482422,81.69000244140625,81.36000061035156,81.4000015258789,190
2023-05-25 07:00:00+00:00,81.30999755859375,81.62999725341797,81.2699966430664,81.62000274658203,266
2023-05-25 08:00:00+00:00,81.69999694824219,81.80000305175781,81.30999755859375,81.30999755859375,223
2023-05-25 09:00:00+00:00,82.2300033569336,82.41000366210938,81.63999938964844,81.7699966430664,773
2023-05-25 10:00:00+00:00,81.94999694824219,82.26000213623047,81.94999694824219,82.2300033569336,184
2023-05-25 11:00:00+00:00,82.0999984741211,82.18000030517578,81.77999877929688,81.91000366210938,588
2023-05-25 12:00:00+00:00,82.0,82.13999938964844,81.52999877929688,82.0999984741211,1768
2023-05-25 13:00:00+00:00,82.08000183105469,82.12000274658203,81.31999969482422,82.0,2100
2023-05-25 14:00:00+00:00,82.19999694824219,82.69000244140625,82.0,82.0199966430664,3092
2023-05-25 15:00:00+00:00,80.2699966430664,82.33000183105469,80.20999908447266,82.19999694824219,6296
2023-05-25 16:00:00+00:00,79.9800033569336,80.26000213623047,79.86000061035156,80.26000213623047,4531
2023-05-25 17:00:00+00:00,80.22000122070312,80.33000183105469,80.0,80.0,2853
2023-05-25 18:00:00+00:00,80.13999938964844,80.3499984741211,80.04000091552734,80.20999908447266,0
2023-05-26 01:00:00+00:00,80.69999694824219,80.75,80.11000061035156,80.11000061035156,607
2023-05-26 02:00:00+00:00,81.0199966430664,81.05999755859375,80.70999908447266,80.76000213623047,187
2023-05-26 03:00:00+00:00,81.19999694824219,81.27999877929688,81.0199966430664,81.0199966430664,191
2023-05-26 04:00:00+00:00,81.25,81.37000274658203,81.1500015258789,81.20999908447266,52
2023-05-26 05:00:00+00:00,81.36000061035156,81.4800033569336,81.22000122070312,81.2300033569336,94
2023-05-26 06:00:00+00:00,81.5,81.69000244140625,81.27999877929688,81.30999755859375,245
2023-05-26 07:00:00+00:00,80.98999786376953,81.48999786376953,80.9800033569336,81.37999725341797,328
2023-05-26 08:00:00+00:00,81.08999633789062,81.19000244140625,80.8499984741211,80.98999786376953,322
2023-05-26 09:00:00+00:00,81.0,81.0199966430664,80.8499984741211,81.0,173
2023-05-26 10:00:00+00:00,80.86000061035156,81.01000213623047,80.62999725341797,81.0,209
2023-05-26 11:00:00+00:00,80.83999633789062,80.91000366210938,80.66000366210938,80.87999725341797,303
2023-05-26 12:00:00+00:00,80.7300033569336,81.30000305175781,80.47000122070312,80.83999633789062,1639
2023-05-26 13:00:00+00:00,80.83000183105469,81.12000274658203,80.41999816894531,80.75,1906
2023-05-26 14:00:00+00:00,81.52999877929688,81.83000183105469,80.6500015258789,80.83000183105469,3823
2023-05-26 15:00:00+00:00,81.4800033569336,81.7300033569336,81.2699966430664,81.5199966430664,3092
2023-05-26 16:00:00+00:00,82.87000274658203,83.0199966430664,81.26000213623047,81.47000122070312,5524
2023-05-26 17:00:00+00:00,83.30000305175781,83.47000122070312,82.77999877929688,82.87999725341797,5779
2023-05-26 18:00:00+00:00,83.63999938964844,83.73999786376953,83.16000366210938,83.29000091552734,5087
2023-05-30 04:00:00+00:00,82.91999816894531,83.02999877929688,82.83000183105469,83.0,81
2023-05-30 05:00:00+00:00,82.83999633789062,83.0,82.76000213623047,82.91999816894531,153
2023-05-30 06:00:00+00:00,83.66999816894531,83.69999694824219,82.87000274658203,82.87000274658203,202
2023-05-30 07:00:00+00:00,83.63999938964844,83.7300033569336,83.12000274658203,83.63999938964844,232
2023-05-30 08:00:00+00:00,84.52999877929688,84.77999877929688,83.61000061035156,83.69000244140625,1498
2023-05-30 09:00:00+00:00,85.55999755859375,85.70999908447266,84.7300033569336,84.7300033569336,785
2023-05-30 10:00:00+00:00,86.18000030517578,86.54000091552734,85.51000213623047,85.55999755859375,2240
2023-05-30 11:00:00+00:00,85.69999694824219,86.22000122070312,85.56999969482422,86.13999938964844,1019
2023-05-30 12:00:00+00:00,85.63999938964844,85.80000305175781,85.06999969482422,85.69000244140625,2091
2023-05-30 13:00:00+00:00,84.37000274658203,85.79000091552734,84.36000061035156,85.5999984741211,3649
2023-05-30 14:00:00+00:00,84.93000030517578,85.4000015258789,84.16000366210938,84.37000274658203,3444
2023-05-30 15:00:00+00:00,84.27999877929688,85.04000091552734,84.19999694824219,84.91000366210938,2280
2023-05-30 16:00:00+00:00,84.3499984741211,84.68000030517578,83.86000061035156,84.27999877929688,2434
2023-05-30 17:00:00+00:00,83.87999725341797,84.5199966430664,83.86000061035156,84.37999725341797,1870
2023-05-30 18:00:00+00:00,84.20999908447266,84.29000091552734,83.6500015258789,83.88999938964844,0
2023-05-31 01:00:00+00:00,84.0199966430664,84.48999786376953,83.80000305175781,84.48999786376953,163
2023-05-31 02:00:00+00:00,83.47000122070312,83.93000030517578,83.41999816894531,83.93000030517578,33
2023-05-31 03:00:00+00:00,83.54000091552734,83.58999633789062,83.44999694824219,83.4800033569336,117
2023-05-31 04:00:00+00:00,83.73999786376953,83.73999786376953,83.54000091552734,83.54000091552734,12
2023-05-31 05:00:00+00:00,83.79000091552734,83.79000091552734,83.5999984741211,83.69999694824219,29
2023-05-31 06:00:00+00:00,83.91000366210938,83.94000244140625,83.70999908447266,83.7699966430664,89
2023-05-31 07:00:00+00:00,83.69999694824219,83.9800033569336,83.69999694824219,83.91000366210938,70
2023-05-31 08:00:00+00:00,83.70999908447266,84.0999984741211,83.55999755859375,83.69999694824219,150
2023-05-31 09:00:00+00:00,83.54000091552734,83.91000366210938,83.44999694824219,83.77999877929688,237
2023-05-31 10:00:00+00:00,82.62000274658203,83.58999633789062,82.55999755859375,83.54000091552734,3154
2023-05-31 11:00:00+00:00,82.76000213623047,83.0999984741211,82.66000366210938,82.66999816894531,509
2023-05-31 12:00:00+00:00,83.13999938964844,83.45999908447266,82.70999908447266,82.77999877929688,1414
2023-05-31 13:00:00+00:00,83.31999969482422,83.93000030517578,83.0199966430664,83.12000274658203,2597
2023-05-31 14:00:00+00:00,83.41000366210938,83.81999969482422,82.94999694824219,83.30000305175781,2987
2023-05-31 15:00:00+00:00,83.2300033569336,83.55000305175781,83.05000305175781,83.41999816894531,1743
2023-05-31 16:00:00+00:00,83.02999877929688,83.3499984741211,82.97000122070312,83.23999786376953,1640
2023-05-31 17:00:00+00:00,83.41000366210938,83.43000030517578,82.94000244140625,83.02999877929688,1798
2023-05-31 18:00:00+00:00,83.58999633789062,83.63999938964844,83.31999969482422,83.38999938964844,0
2023-06-01 01:00:00+00:00,84.04000091552734,84.04000091552734,83.55000305175781,83.7699966430664,353
2023-06-01 02:00:00+00:00,84.30000305175781,84.30000305175781,84.04000091552734,84.04000091552734,178
2023-06-01 03:00:00+00:00,84.7699966430664,84.83000183105469,84.30000305175781,84.3499984741211,341
2023-06-01 04:00:00+00:00,84.69999694824219,84.79000091552734,84.62000274658203,84.76000213623047,38
2023-06-01 05:00:00+00:00,85.16999816894531,85.16999816894531,84.75,84.76000213623047,391
2023-06-01 06:00:00+00:00,85.44999694824219,85.5999984741211,85.12999725341797,85.2300033569336,755
2023-06-01 07:00:00+00:00,85.3499984741211,85.5999984741211,85.3499984741211,85.44000244140625,252
2023-06-01 08:00:00+00:00,85.44000244140625,85.47000122070312,84.94999694824219,85.36000061035156,415
2023-06-01 09:00:00+00:00,84.98999786376953,85.52999877929688,84.87000274658203,85.43000030517578,402
2023-06-01 10:00:00+00:00,85.08000183105469,85.16999816894531,84.91999816894531,85.01000213623047,192
2023-06-01 11:00:00+00:00,85.69000244140625,85.79000091552734,85.04000091552734,85.04000091552734,1884
2023-06-01 12:00:00+00:00,85.5,85.9000015258789,85.0999984741211,85.70999908447266,2007
2023-06-01 13:00:00+00:00,85.9800033569336,85.9800033569336,85.18000030517578,85.51000213623047,2156
2023-06-01 14:00:00+00:00,86.4800033569336,86.5999984741211,85.63999938964844,85.9800033569336,5257
2023-06-01 15:00:00+00:00,86.80000305175781,86.88999938964844,86.19000244140625,86.47000122070312,3794
2023-06-01 16:00:00+00:00,86.86000061035156,86.88999938964844,86.6500015258789,86.76000213623047,767
2023-06-02 09:00:00+00:00,81.9000015258789,81.9000015258789,81.9000015258789,81.9000015258789,0
2023-06-02 13:00:00+00:00,82.69999694824219,82.69999694824219,82.69999694824219,82.69999694824219,1
2023-06-06 13:00:00+00:00,84.2300033569336,84.2300033569336,84.2300033569336,84.2300033569336,0
2023-06-06 14:00:00+00:00,82.19999694824219,86.41999816894531,82.18000030517578,84.31999969482422,50
2023-06-06 15:00:00+00:00,84.80999755859375,84.80999755859375,82.12999725341797,82.26000213623047,35
2023-06-08 14:00:00+00:00,84.08999633789062,84.08999633789062,84.08999633789062,84.08999633789062,5
2023-06-09 11:00:00+00:00,83.62999725341797,83.73999786376953,83.62999725341797,83.73999786376953,1
2023-06-09 12:00:00+00:00,84.37999725341797,84.37999725341797,83.48999786376953,83.48999786376953,3
2023-06-12 01:00:00+00:00,83.80000305175781,83.80000305175781,83.80000305175781,83.80000305175781,1
2023-06-12 09:00:00+00:00,83.5,83.5,83.5,83.5,0
2023-06-12 14:00:00+00:00,84.12000274658203,84.12000274658203,83.80999755859375,83.80999755859375,2
2023-06-13 14:00:00+00:00,83.3499984741211,83.3499984741211,83.3499984741211,83.3499984741211,0
2023-06-14 13:00:00+00:00,82.75,82.75,82.75,82.75,1
2023-06-14 16:00:00+00:00,82.0,82.0,82.0,82.0,0
2023-06-15 13:00:00+00:00,82.04000091552734,82.04000091552734,82.04000091552734,82.04000091552734,2
2023-06-15 14:00:00+00:00,81.81999969482422,81.81999969482422,81.81999969482422,81.81999969482422,1
2023-06-15 16:00:00+00:00,81.68000030517578,81.68000030517578,81.4000015258789,81.4000015258789,0
2023-06-16 01:00:00+00:00,81.37000274658203,81.37000274658203,81.37000274658203,81.37000274658203,0
2023-06-16 05:00:00+00:00,81.87999725341797,81.87999725341797,81.87999725341797,81.87999725341797,2
2023-06-16 15:00:00+00:00,82.0,82.05000305175781,82.0,82.05000305175781,3
2023-06-20 07:00:00+00:00,82.19999694824219,82.19999694824219,82.19999694824219,82.19999694824219,0
2023-06-20 10:00:00+00:00,82.19999694824219,82.19999694824219,82.19999694824219,82.19999694824219,1
2023-06-20 13:00:00+00:00,82.2300033569336,82.2300033569336,82.20999908447266,82.20999908447266,5
2023-06-20 14:00:00+00:00,82.75,82.75,82.19000244140625,82.19000244140625,3
2023-06-20 15:00:00+00:00,83.01000213623047,83.08999633789062,83.01000213623047,83.08999633789062,9
2023-06-21 14:00:00+00:00,81.7300033569336,81.7300033569336,81.7300033569336,81.7300033569336,0
2023-06-21 16:00:00+00:00,81.7699966430664,82.19999694824219,81.7699966430664,81.83999633789062,4
2023-06-22 01:00:00+00:00,81.44999694824219,81.44999694824219,81.44999694824219,81.44999694824219,0
2023-06-22 05:00:00+00:00,81.62000274658203,81.62000274658203,81.62000274658203,81.62000274658203,1
2023-06-22 06:00:00+00:00,81.58000183105469,81.58000183105469,81.43000030517578,81.43000030517578,11
2023-06-22 11:00:00+00:00,81.16000366210938,81.16000366210938,81.16000366210938,81.16000366210938,1
2023-06-22 12:00:00+00:00,81.0,81.0,81.0,81.0,2
2023-06-22 13:00:00+00:00,81.0,81.0,81.0,81.0,1
2023-06-22 14:00:00+00:00,81.66000366210938,81.66000366210938,80.62000274658203,80.62000274658203,5
2023-06-22 15:00:00+00:00,81.36000061035156,81.36000061035156,81.36000061035156,81.36000061035156,0
2023-06-22 18:00:00+00:00,82.05000305175781,82.05000305175781,82.05000305175781,82.05000305175781,26
2023-06-23 07:00:00+00:00,81.5199966430664,81.5199966430664,81.5199966430664,81.5199966430664,0
2023-06-23 12:00:00+00:00,81.0999984741211,81.0999984741211,80.44000244140625,80.5199966430664,11
2023-06-23 13:00:00+00:00,80.33999633789062,80.58999633789062,80.33999633789062,80.58999633789062,6
2023-06-23 14:00:00+00:00,79.98999786376953,80.62999725341797,79.98999786376953,80.12999725341797,16
2023-06-23 15:00:00+00:00,80.58999633789062,80.58999633789062,80.55000305175781,80.55000305175781,2
2023-06-23 16:00:00+00:00,79.80000305175781,79.83999633789062,79.80000305175781,79.83999633789062,3
2023-06-23 17:00:00+00:00,79.38999938964844,79.56999969482422,79.38999938964844,79.56999969482422,11
2023-06-26 01:00:00+00:00,79.3499984741211,79.3499984741211,79.3499984741211,79.3499984741211,0
2023-06-26 05:00:00+00:00,79.3499984741211,79.3499984741211,79.3499984741211,79.3499984741211,1
2023-06-26 06:00:00+00:00,80.33999633789062,80.33999633789062,79.0,79.0,3
2023-06-26 13:00:00+00:00,77.81999969482422,78.61000061035156,77.81999969482422,78.61000061035156,40
2023-06-26 14:00:00+00:00,76.83000183105469,78.11000061035156,76.83000183105469,77.73999786376953,41
2023-06-26 15:00:00+00:00,76.83000183105469,76.83000183105469,76.83000183105469,76.83000183105469,14
2023-06-26 16:00:00+00:00,76.83000183105469,76.83000183105469,76.83000183105469,76.83000183105469,15
2023-06-26 17:00:00+00:00,76.94999694824219,76.94999694824219,76.83000183105469,76.91999816894531,12
2023-06-26 18:00:00+00:00,76.9000015258789,76.9000015258789,76.9000015258789,76.9000015258789,0
2023-06-27 01:00:00+00:00,77.54000091552734,77.54000091552734,77.54000091552734,77.54000091552734,1
2023-06-27 09:00:00+00:00,76.91000366210938,76.94999694824219,76.91000366210938,76.94999694824219,2
2023-06-27 11:00:00+00:00,77.1500015258789,77.1500015258789,77.1500015258789,77.1500015258789,1
2023-06-27 13:00:00+00:00,76.66000366210938,76.66000366210938,76.66000366210938,76.66000366210938,0
2023-06-27 15:00:00+00:00,76.27999877929688,76.66000366210938,76.27999877929688,76.66000366210938,15
2023-06-27 16:00:00+00:00,76.72000122070312,76.72000122070312,76.72000122070312,76.72000122070312,1
2023-06-27 17:00:00+00:00,76.31999969482422,76.31999969482422,76.31999969482422,76.31999969482422,1
2023-06-28 01:00:00+00:00,76.19000244140625,76.19000244140625,76.19000244140625,76.19000244140625,0
2023-06-28 05:00:00+00:00,76.8499984741211,76.87000274658203,76.8499984741211,76.87000274658203,4
2023-06-28 06:00:00+00:00,76.9000015258789,76.9000015258789,76.9000015258789,76.9000015258789,12
2023-06-28 13:00:00+00:00,77.23999786376953,77.23999786376953,77.23999786376953,77.23999786376953,4
2023-06-28 14:00:00+00:00,77.80999755859375,78.0199966430664,77.2699966430664,77.4000015258789,41
2023-06-28 15:00:00+00:00,77.98999786376953,77.98999786376953,77.61000061035156,77.81999969482422,14
2023-06-28 16:00:00+00:00,78.13999938964844,78.19999694824219,77.9000015258789,78.02999877929688,10
2023-06-28 17:00:00+00:00,78.22000122070312,78.22000122070312,78.12999725341797,78.12999725341797,0
2023-06-29 13:00:00+00:00,78.0999984741211,78.0999984741211,78.0999984741211,78.0999984741211,1
2023-06-29 14:00:00+00:00,78.23999786376953,78.23999786376953,77.29000091552734,77.29000091552734,9
2023-06-29 15:00:00+00:00,78.81999969482422,78.81999969482422,78.81999969482422,78.81999969482422,1
2023-06-29 17:00:00+00:00,80.0999984741211,80.0999984741211,80.0999984741211,80.0999984741211,0
2023-06-30 03:00:00+00:00,79.80000305175781,79.80000305175781,79.80000305175781,79.80000305175781,1
2023-06-30 09:00:00+00:00,80.61000061035156,80.61000061035156,80.30999755859375,80.30999755859375,5
2023-06-30 10:00:00+00:00,80.56999969482422,80.56999969482422,80.52999877929688,80.52999877929688,6
2023-06-30 14:00:00+00:00,82.0,82.0,81.0,81.0,31
2023-06-30 15:00:00+00:00,82.20999908447266,82.20999908447266,82.06999969482422,82.06999969482422,5
2023-06-30 17:00:00+00:00,81.25,81.25,81.25,81.25,1
2023-07-03 02:00:00+00:00,82.1500015258789,82.1500015258789,82.1500015258789,82.1500015258789,0
2023-07-03 15:30:00+00:00,82.55999755859375,83.0,82.55999755859375,82.68000030517578,2
2023-07-05 12:00:00+00:00,81.77999877929688,82.55999755859375,81.77999877929688,82.19999694824219,2
2023-07-05 13:00:00+00:00,81.22000122070312,81.73999786376953,81.22000122070312,81.44000244140625,4
2023-07-05 14:00:00+00:00,81.70999908447266,81.70999908447266,81.70999908447266,81.70999908447266,0
2023-07-05 15:00:00+00:00,81.37999725341797,81.37999725341797,81.37999725341797,81.37999725341797,18
2023-07-05 18:00:00+00:00,81.66000366210938,81.66000366210938,81.51000213623047,81.51000213623047,21
2023-07-06 12:00:00+00:00,80.83000183105469,80.83000183105469,80.83000183105469,80.83000183105469,0
2023-07-06 13:00:00+00:00,81.62000274658203,81.94000244140625,81.0,81.0,6
2023-07-06 14:00:00+00:00,81.77999877929688,81.77999877929688,81.25,81.56999969482422,0
2023-07-06 15:00:00+00:00,82.43000030517578,82.43000030517578,81.73999786376953,81.7699966430664,26
2023-07-06 16:00:00+00:00,82.3499984741211,82.4000015258789,82.2300033569336,82.4000015258789,5
2023-07-06 17:00:00+00:00,82.4000015258789,82.5199966430664,82.37000274658203,82.37000274658203,3
2023-07-06 18:00:00+00:00,84.0,84.0,81.58999633789062,81.58999633789062,0
2023-07-07 12:00:00+00:00,83.08000183105469,83.0999984741211,83.08000183105469,83.0999984741211,2
2023-07-07 13:00:00+00:00,83.6500015258789,84.12000274658203,82.6500015258789,82.70999908447266,23
2023-07-07 14:00:00+00:00,82.48999786376953,82.93000030517578,82.3499984741211,82.93000030517578,14
2023-07-07 15:00:00+00:00,82.62000274658203,82.73999786376953,82.31999969482422,82.58000183105469,10
2023-07-07 16:00:00+00:00,82.55000305175781,82.55000305175781,82.20999908447266,82.51000213623047,22
2023-07-07 17:00:00+00:00,81.58000183105469,82.52999877929688,81.58000183105469,82.52999877929688,11
2023-07-07 18:00:00+00:00,81.5,81.80999755859375,81.19000244140625,81.62999725341797,17
2023-07-10 15:00:00+00:00,80.41999816894531,80.76000213623047,80.41999816894531,80.76000213623047,2
2023-07-11 14:00:00+00:00,81.83000183105469,82.87999725341797,81.83000183105469,82.87999725341797,3
2023-07-11 15:00:00+00:00,81.87000274658203,82.94999694824219,81.87000274658203,82.94000244140625,0
2023-07-11 17:00:00+00:00,82.94999694824219,82.94999694824219,82.94999694824219,82.94999694824219,0
2023-07-12 01:00:00+00:00,83.97000122070312,83.97000122070312,83.52999877929688,83.52999877929688,6
2023-07-12 06:00:00+00:00,83.43000030517578,83.43000030517578,83.3499984741211,83.3499984741211,2
2023-07-12 08:00:00+00:00,83.2300033569336,83.2300033569336,83.2300033569336,83.2300033569336,2
2023-07-12 11:00:00+00:00,82.8499984741211,82.8499984741211,82.8499984741211,82.8499984741211,0
2023-07-12 13:00:00+00:00,83.38999938964844,83.38999938964844,83.38999938964844,83.38999938964844,13
2023-07-12 14:00:00+00:00,83.41000366210938,83.41000366210938,83.41000366210938,83.41000366210938,0
2023-07-12 15:00:00+00:00,83.51000213623047,83.51000213623047,83.51000213623047,83.51000213623047,15
2023-07-12 16:00:00+00:00,83.1500015258789,83.16000366210938,83.1500015258789,83.16000366210938,0
2023-07-12 17:00:00+00:00,82.30999755859375,82.33999633789062,82.26000213623047,82.33999633789062,0
2023-07-13 01:00:00+00:00,82.11000061035156,82.54000091552734,82.11000061035156,82.11000061035156,9
2023-07-13 07:00:00+00:00,82.66000366210938,82.66000366210938,82.66000366210938,82.66000366210938,110
2023-07-13 09:00:00+00:00,82.4800033569336,82.4800033569336,82.4800033569336,82.4800033569336,105
2023-07-13 18:00:00+00:00,82.66000366210938,82.66000366210938,82.66000366210938,82.66000366210938,11
2023-07-14 06:00:00+00:00,82.16000366210938,82.4800033569336,82.16000366210938,82.4800033569336,2
2023-07-14 07:00:00+00:00,83.22000122070312,83.22000122070312,82.66000366210938,83.22000122070312,3
2023-07-14 08:00:00+00:00,83.0,83.5,83.0,83.5,9
2023-07-14 10:00:00+00:00,84.88999938964844,84.88999938964844,83.69999694824219,83.69999694824219,142
2023-07-14 12:00:00+00:00,85.23999786376953,85.23999786376953,85.0,85.0,4
2023-07-14 13:00:00+00:00,84.9000015258789,84.98999786376953,84.68000030517578,84.70999908447266,8
2023-07-14 14:00:00+00:00,83.2300033569336,84.88999938964844,83.2300033569336,84.62999725341797,47
2023-07-14 15:00:00+00:00,82.91000366210938,83.1500015258789,82.69000244140625,82.69000244140625,14
2023-07-14 16:00:00+00:00,82.81999969482422,82.81999969482422,82.33999633789062,82.63999938964844,27
2023-07-14 17:00:00+00:00,82.69999694824219,82.95999908447266,82.69999694824219,82.87999725341797,6
2023-07-17 01:00:00+00:00,82.2699966430664,82.2699966430664,82.2699966430664,82.2699966430664,0
2023-07-17 02:00:00+00:00,83.29000091552734,83.29000091552734,83.29000091552734,83.29000091552734,1
2023-07-17 03:00:00+00:00,82.36000061035156,82.36000061035156,82.36000061035156,82.36000061035156,1
2023-07-18 05:00:00+00:00,84.0,84.0,83.9000015258789,83.9000015258789,2
2023-07-18 08:00:00+00:00,84.5,84.5,84.5,84.5,3
2023-07-18 11:00:00+00:00,84.0,84.0,84.0,84.0,2
2023-07-18 12:00:00+00:00,83.5,83.5,83.5,83.5,2
2023-07-18 13:00:00+00:00,83.44999694824219,83.44999694824219,83.44999694824219,83.44999694824219,0
2023-07-18 14:00:00+00:00,84.02999877929688,84.02999877929688,84.02999877929688,84.02999877929688,12
2023-07-18 16:00:00+00:00,83.70999908447266,84.0,83.70999908447266,84.0,0
2023-07-19 11:00:00+00:00,84.19999694824219,84.19999694824219,84.19999694824219,84.19999694824219,1
2023-07-19 13:00:00+00:00,84.68000030517578,84.68000030517578,84.44000244140625,84.44000244140625,6
2023-07-19 14:00:00+00:00,86.06999969482422,86.06999969482422,85.44999694824219,85.44999694824219,13
2023-07-19 16:00:00+00:00,85.04000091552734,85.62000274658203,85.04000091552734,85.04000091552734,0
2023-07-20 11:00:00+00:00,86.31999969482422,86.31999969482422,86.31999969482422,86.31999969482422,1
2023-07-20 13:00:00+00:00,86.27999877929688,86.27999877929688,86.27999877929688,86.27999877929688,1
2023-07-20 14:00:00+00:00,85.93000030517578,85.93000030517578,85.93000030517578,85.93000030517578,1
2023-07-20 15:00:00+00:00,86.18000030517578,86.18000030517578,86.18000030517578,86.18000030517578,0
2023-07-21 12:00:00+00:00,86.5199966430664,86.9000015258789,86.5199966430664,86.87999725341797,5
2023-07-21 13:00:00+00:00,85.38999938964844,85.38999938964844,85.19999694824219,85.19999694824219,3
2023-07-21 14:00:00+00:00,84.54000091552734,85.30999755859375,84.52999877929688,85.12000274658203,19
2023-07-21 15:00:00+00:00,85.13999938964844,85.13999938964844,84.25,84.55000305175781,9
2023-07-21 16:00:00+00:00,84.81999969482422,85.13999938964844,84.75,85.13999938964844,8
2023-07-21 17:00:00+00:00,84.79000091552734,85.06999969482422,84.79000091552734,85.06999969482422,4
2023-07-24 09:00:00+00:00,84.76000213623047,84.76000213623047,84.76000213623047,84.76000213623047,0
2023-07-24 13:00:00+00:00,85.20999908447266,85.2699966430664,84.80000305175781,85.12000274658203,15
2023-07-24 14:00:00+00:00,85.12999725341797,85.29000091552734,84.97000122070312,85.01000213623047,24
2023-07-24 15:00:00+00:00,85.61000061035156,85.61000061035156,85.06999969482422,85.06999969482422,9
2023-07-24 16:00:00+00:00,85.66999816894531,85.69000244140625,85.33999633789062,85.58000183105469,13
2023-07-24 17:00:00+00:00,85.80000305175781,85.80000305175781,85.62999725341797,85.62999725341797,0
2023-07-25 13:00:00+00:00,87.0,87.0,86.05000305175781,86.18000030517578,17
2023-07-25 14:00:00+00:00,87.37000274658203,87.37000274658203,86.86000061035156,87.04000091552734,13
2023-07-25 15:00:00+00:00,87.44999694824219,87.47000122070312,87.0,87.47000122070312,8
2023-07-25 16:00:00+00:00,87.48999786376953,87.5999984741211,87.41999816894531,87.41999816894531,6
2023-07-25 17:00:00+00:00,88.12999725341797,88.12999725341797,87.44999694824219,87.44999694824219,7
2023-07-25 18:00:00+00:00,88.68000030517578,88.68000030517578,88.68000030517578,88.68000030517578,0
2023-07-26 01:00:00+00:00,88.23999786376953,88.23999786376953,88.23999786376953,88.23999786376953,1
2023-07-26 07:00:00+00:00,87.9000015258789,87.9000015258789,87.9000015258789,87.9000015258789,1
2023-07-26 08:00:00+00:00,88.0,88.0,88.0,88.0,1
2023-07-26 13:00:00+00:00,89.08999633789062,89.08999633789062,88.9000015258789,88.9000015258789,4
2023-07-26 14:00:00+00:00,90.33000183105469,90.33000183105469,89.8499984741211,89.8499984741211,13
2023-07-26 15:00:00+00:00,90.04000091552734,90.04000091552734,89.91999816894531,89.91999816894531,0
2023-07-26 16:00:00+00:00,89.43000030517578,89.43000030517578,89.43000030517578,89.43000030517578,0
2023-07-27 04:00:00+00:00,89.76000213623047,89.76000213623047,89.76000213623047,89.76000213623047,1
2023-07-27 10:00:00+00:00,88.58000183105469,88.58000183105469,88.58000183105469,88.58000183105469,1
2023-07-27 13:00:00+00:00,88.0999984741211,88.55000305175781,87.79000091552734,88.55000305175781,17
2023-07-27 14:00:00+00:00,88.29000091552734,88.48999786376953,87.62000274658203,87.86000061035156,10
2023-07-27 15:00:00+00:00,87.66999816894531,88.22000122070312,87.66000366210938,88.22000122070312,8
2023-07-27 16:00:00+00:00,86.86000061035156,87.70999908447266,86.8499984741211,87.70999908447266,17
2023-07-27 17:00:00+00:00,86.2300033569336,86.75,86.2300033569336,86.5999984741211,0
2023-07-28 06:00:00+00:00,87.8499984741211,87.8499984741211,87.80999755859375,87.81999969482422,5
2023-07-28 07:00:00+00:00,87.23999786376953,87.23999786376953,87.23999786376953,87.23999786376953,1
2023-07-28 12:00:00+00:00,86.63999938964844,86.86000061035156,86.63999938964844,86.86000061035156,2
2023-07-28 13:00:00+00:00,86.47000122070312,86.95999908447266,86.19000244140625,86.5999984741211,18
2023-07-28 14:00:00+00:00,85.87000274658203,86.5,85.58000183105469,86.5,15
2023-07-28 15:00:00+00:00,85.33000183105469,85.87000274658203,85.33000183105469,85.5999984741211,10
2023-07-28 16:00:00+00:00,85.37000274658203,85.37000274658203,85.12999725341797,85.30000305175781,7
2023-07-28 17:00:00+00:00,85.04000091552734,85.18000030517578,85.0199966430664,85.18000030517578,7
2023-07-31 01:00:00+00:00,84.80000305175781,85.04000091552734,84.80000305175781,85.04000091552734,1
2023-07-31 02:00:00+00:00,85.5,85.5,84.5,84.55999755859375,10
2023-07-31 06:00:00+00:00,86.06999969482422,86.11000061035156,86.06999969482422,86.11000061035156,5
2023-07-31 07:00:00+00:00,86.87000274658203,86.87000274658203,86.87000274658203,86.87000274658203,0
2023-07-31 08:00:00+00:00,87.19999694824219,87.19999694824219,87.08000183105469,87.08000183105469,0
2023-07-31 09:00:00+00:00,86.94999694824219,86.94999694824219,86.94999694824219,86.94999694824219,20
2023-07-31 11:00:00+00:00,85.7699966430664,86.23999786376953,85.7699966430664,86.23999786376953,2
2023-07-31 14:00:00+00:00,84.9000015258789,85.58000183105469,84.9000015258789,85.58000183105469,4
2023-07-31 15:00:00+00:00,85.0999984741211,85.0999984741211,85.0999984741211,85.0999984741211,1
2023-07-31 17:00:00+00:00,85.5199966430664,85.5199966430664,85.5199966430664,85.5199966430664,0
2023-08-01 05:00:00+00:00,86.5999984741211,86.5999984741211,86.5999984741211,86.5999984741211,1
2023-08-01 13:00:00+00:00,85.94999694824219,85.94999694824219,85.94999694824219,85.94999694824219,0
2023-08-01 15:00:00+00:00,86.68000030517578,86.68000030517578,86.29000091552734,86.29000091552734,6
2023-08-01 16:00:00+00:00,86.62999725341797,86.62999725341797,86.62999725341797,86.62999725341797,0
2023-08-02 14:00:00+00:00,85.8499984741211,85.87000274658203,85.83000183105469,85.83000183105469,5
2023-08-02 15:00:00+00:00,84.86000061035156,84.86000061035156,84.86000061035156,84.86000061035156,1
2023-08-02 16:00:00+00:00,84.80000305175781,84.80000305175781,84.80000305175781,84.80000305175781,1
2023-08-02 17:00:00+00:00,84.86000061035156,84.86000061035156,84.86000061035156,84.86000061035156,0
2023-08-03 01:00:00+00:00,84.87000274658203,84.94000244140625,84.87000274658203,84.94000244140625,5
2023-08-03 04:00:00+00:00,85.0199966430664,85.0199966430664,85.0199966430664,85.0199966430664,4
2023-08-03 07:00:00+00:00,84.58999633789062,84.58999633789062,84.58999633789062,84.58999633789062,1
2023-08-03 12:00:00+00:00,83.8499984741211,83.8499984741211,83.8499984741211,83.8499984741211,0
2023-08-03 15:00:00+00:00,84.61000061035156,84.61000061035156,84.61000061035156,84.61000061035156,15
2023-08-03 16:00:00+00:00,85.25,85.25,85.25,85.25,0
2023-08-04 11:00:00+00:00,85.05000305175781,85.05000305175781,85.0,85.0,2
2023-08-04 12:00:00+00:00,85.0,85.0,85.0,85.0,2
2023-08-04 13:00:00+00:00,85.4800033569336,85.4800033569336,85.0,85.0,4
2023-08-04 15:00:00+00:00,86.05000305175781,86.05000305175781,86.05000305175781,86.05000305175781,2
2023-08-07 15:00:00+00:00,86.76000213623047,86.76000213623047,86.76000213623047,86.76000213623047,0
2023-08-08 06:00:00+00:00,85.68000030517578,85.68000030517578,85.5,85.5,3
2023-08-08 10:00:00+00:00,85.5,85.55999755859375,85.5,85.55999755859375,5
2023-08-08 12:00:00+00:00,85.26000213623047,85.8499984741211,85.26000213623047,85.8499984741211,2
2023-08-08 13:00:00+00:00,85.2699966430664,85.70999908447266,85.2699966430664,85.70999908447266,0
2023-08-08 15:00:00+00:00,86.18000030517578,86.18000030517578,86.18000030517578,86.18000030517578,0
2023-08-09 15:00:00+00:00,85.43000030517578,85.43000030517578,85.43000030517578,85.43000030517578,0
2023-08-10 15:00:00+00:00,87.55000305175781,87.55000305175781,86.66999816894531,86.66999816894531,10
2023-08-10 16:00:00+00:00,87.68000030517578,87.68000030517578,87.54000091552734,87.54000091552734,14
2023-08-10 17:00:00+00:00,87.19000244140625,87.19000244140625,87.19000244140625,87.19000244140625,0
2023-08-11 01:00:00+00:00,87.30999755859375,87.30999755859375,87.30999755859375,87.30999755859375,0
2023-08-11 15:00:00+00:00,87.04000091552734,87.04000091552734,87.04000091552734,87.04000091552734,2
2023-08-11 16:00:00+00:00,90.16000366210938,90.16000366210938,87.55000305175781,87.55000305175781,5
2023-08-11 17:00:00+00:00,89.79000091552734,89.79000091552734,89.79000091552734,89.79000091552734,2
2023-08-14 01:00:00+00:00,88.5999984741211,88.5999984741211,88.5999984741211,88.5999984741211,0
2023-08-14 08:00:00+00:00,87.25,87.25,87.25,87.25,1
2023-08-14 09:00:00+00:00,86.69000244140625,86.69999694824219,86.69000244140625,86.69999694824219,2
2023-08-14 11:00:00+00:00,87.08999633789062,87.08999633789062,87.08999633789062,87.08999633789062,0
2023-08-14 13:00:00+00:00,87.30000305175781,87.4800033569336,87.16999816894531,87.27999877929688,11
2023-08-14 15:00:00+00:00,87.52999877929688,87.52999877929688,87.52999877929688,87.52999877929688,0
2023-08-15 11:00:00+00:00,86.41999816894531,86.41999816894531,86.41999816894531,86.41999816894531,0
2023-08-15 14:00:00+00:00,85.83999633789062,86.51000213623047,85.83999633789062,86.51000213623047,7
2023-08-15 15:00:00+00:00,86.12999725341797,86.12999725341797,86.12999725341797,86.12999725341797,0
2023-08-16 05:00:00+00:00,86.06999969482422,86.06999969482422,86.06999969482422,86.06999969482422,0
2023-08-16 15:00:00+00:00,85.33999633789062,85.33999633789062,85.33999633789062,85.33999633789062,4
2023-08-16 16:00:00+00:00,85.2699966430664,85.2699966430664,85.2699966430664,85.2699966430664,0
2023-08-17 02:00:00+00:00,85.0999984741211,85.0999984741211,85.0999984741211,85.0999984741211,1
2023-08-17 07:00:00+00:00,84.77999877929688,84.77999877929688,84.77999877929688,84.77999877929688,1
2023-08-17 14:00:00+00:00,84.9000015258789,84.9000015258789,84.9000015258789,84.9000015258789,1
2023-08-17 15:00:00+00:00,84.94999694824219,84.94999694824219,84.9000015258789,84.9000015258789,0
2023-08-18 06:00:00+00:00,84.76000213623047,85.16000366210938,84.76000213623047,85.1500015258789,5
2023-08-18 15:00:00+00:00,84.52999877929688,84.52999877929688,84.52999877929688,84.52999877929688,1
2023-08-21 12:00:00+00:00,85.56999969482422,85.56999969482422,85.56999969482422,85.56999969482422,0
2023-08-22 01:00:00+00:00,84.9000015258789,84.9000015258789,84.9000015258789,84.9000015258789,1
2023-08-22 07:00:00+00:00,84.61000061035156,84.61000061035156,84.61000061035156,84.61000061035156,0
2023-08-23 14:00:00+00:00,84.93000030517578,84.93000030517578,84.93000030517578,84.93000030517578,0
2023-08-23 15:00:00+00:00,86.23999786376953,86.23999786376953,86.23999786376953,86.23999786376953,0
2023-08-24 02:00:00+00:00,86.94000244140625,86.94000244140625,86.7699966430664,86.7699966430664,4
2023-08-24 06:00:00+00:00,86.68000030517578,86.68000030517578,86.62000274658203,86.62000274658203,2
2023-08-24 08:00:00+00:00,86.4000015258789,86.4000015258789,86.4000015258789,86.4000015258789,13
2023-08-24 15:00:00+00:00,86.08000183105469,86.08999633789062,85.98999786376953,85.98999786376953,0
2023-08-25 01:00:00+00:00,86.05000305175781,86.05000305175781,86.05000305175781,86.05000305175781,1
2023-08-25 02:00:00+00:00,86.2300033569336,86.2300033569336,86.2300033569336,86.2300033569336,0
2023-08-25 15:00:00+00:00,87.68000030517578,87.68000030517578,87.66999816894531,87.66999816894531,7
2023-08-28 15:00:00+00:00,87.0999984741211,87.0999984741211,87.0999984741211,87.0999984741211,0
2023-08-29 01:00:00+00:00,86.4000015258789,86.4000015258789,86.4000015258789,86.4000015258789,0
2023-08-29 15:00:00+00:00,86.81999969482422,86.81999969482422,86.81999969482422,86.81999969482422,0
2023-08-30 09:00:00+00:00,87.83999633789062,87.83999633789062,87.83999633789062,87.83999633789062,1
2023-08-30 11:00:00+00:00,87.18000030517578,87.18000030517578,87.18000030517578,87.18000030517578,1
2023-08-30 14:00:00+00:00,87.91000366210938,88.08999633789062,87.62999725341797,87.62999725341797,25
2023-08-30 15:00:00+00:00,87.55000305175781,87.55000305175781,87.55000305175781,87.55000305175781,1
2023-08-30 18:00:00+00:00,88.30000305175781,88.30000305175781,88.30000305175781,88.30000305175781,0
2023-08-31 01:00:00+00:00,87.94999694824219,87.94999694824219,87.94999694824219,87.94999694824219,1
2023-08-31 02:00:00+00:00,87.94999694824219,87.94999694824219,87.94999694824219,87.94999694824219,1
2023-08-31 13:00:00+00:00,88.55000305175781,88.55000305175781,88.55000305175781,88.55000305175781,2
2023-08-31 15:00:00+00:00,88.54000091552734,88.54000091552734,88.45999908447266,88.45999908447266,2
2023-08-31 17:00:00+00:00,87.80999755859375,87.80999755859375,87.80999755859375,87.80999755859375,0
2023-09-01 01:00:00+00:00,88.4000015258789,88.80999755859375,88.4000015258789,88.79000091552734,3
2023-09-01 07:00:00+00:00,88.27999877929688,88.5199966430664,88.22000122070312,88.5199966430664,3790
2023-09-01 08:00:00+00:00,88.41000366210938,88.41000366210938,88.1500015258789,88.2699966430664,222
2023-09-01 09:00:00+00:00,88.66000366210938,88.66000366210938,88.37999725341797,88.41999816894531,352
2023-09-01 10:00:00+00:00,88.68000030517578,88.75,88.6500015258789,88.66999816894531,607
2023-09-01 11:00:00+00:00,88.9800033569336,89.44000244140625,88.58000183105469,88.66999816894531,3154
2023-09-01 12:00:00+00:00,89.13999938964844,89.41000366210938,88.83000183105469,88.9800033569336,2583
2023-09-01 13:00:00+00:00,89.29000091552734,89.44000244140625,88.6500015258789,89.1500015258789,4014
2023-09-01 14:00:00+00:00,89.56999969482422,90.13999938964844,89.08999633789062,89.26000213623047,5781
2023-09-01 15:00:00+00:00,89.70999908447266,89.87999725341797,89.5199966430664,89.5999984741211,3913
2023-09-01 16:00:00+00:00,89.88999938964844,89.9000015258789,89.61000061035156,89.72000122070312,3862
2023-09-01 17:00:00+00:00,89.8499984741211,90.0199966430664,89.80000305175781,89.9000015258789,4519
2023-09-01 18:00:00+00:00,90.0,90.04000091552734,89.61000061035156,89.8499984741211,3189
2023-09-05 04:00:00+00:00,88.12000274658203,88.19000244140625,87.91000366210938,87.98999786376953,72
2023-09-05 05:00:00+00:00,87.94999694824219,88.45999908447266,87.80999755859375,88.23999786376953,280
2023-09-05 06:00:00+00:00,87.29000091552734,88.05999755859375,86.87999725341797,87.91999816894531,1649
2023-09-05 07:00:00+00:00,87.47000122070312,87.61000061035156,87.20999908447266,87.27999877929688,1641
2023-09-05 08:00:00+00:00,87.25,87.5,86.79000091552734,87.45999908447266,974
2023-09-05 09:00:00+00:00,87.45999908447266,87.45999908447266,87.22000122070312,87.25,746
2023-09-05 10:00:00+00:00,87.91000366210938,88.04000091552734,87.37000274658203,87.44999694824219,784
2023-09-05 11:00:00+00:00,87.83000183105469,88.12999725341797,87.0,87.9000015258789,902
2023-09-05 12:00:00+00:00,87.97000122070312,88.27999877929688,87.81999969482422,87.87000274658203,1532
2023-09-05 13:00:00+00:00,88.18000030517578,88.41000366210938,87.5,87.94999694824219,5460
2023-09-05 14:00:00+00:00,88.33000183105469,88.3499984741211,87.0,88.19999694824219,3520
2023-09-05 15:00:00+00:00,88.55999755859375,88.58000183105469,87.87999725341797,88.31999969482422,2465
2023-09-05 16:00:00+00:00,88.5,88.5999984741211,88.1500015258789,88.55000305175781,1995
2023-09-05 17:00:00+00:00,88.66999816894531,88.70999908447266,88.47000122070312,88.5,2476
2023-09-05 18:00:00+00:00,88.86000061035156,88.9800033569336,88.38999938964844,88.66000366210938,0
2023-09-06 01:00:00+00:00,88.47000122070312,89.0199966430664,88.30000305175781,88.83000183105469,492
2023-09-06 02:00:00+00:00,88.4000015258789,88.62999725341797,88.4000015258789,88.47000122070312,108
2023-09-06 03:00:00+00:00,88.38999938964844,88.55000305175781,88.3499984741211,88.5,72
2023-09-06 04:00:00+00:00,88.48999786376953,88.48999786376953,88.48999786376953,88.48999786376953,2
2023-09-06 05:00:00+00:00,88.58999633789062,88.68000030517578,88.44999694824219,88.47000122070312,118
2023-09-06 06:00:00+00:00,88.31999969482422,88.55999755859375,88.25,88.55999755859375,300
2023-09-06 07:00:00+00:00,88.41000366210938,88.55000305175781,88.33000183105469,88.36000061035156,281
2023-09-06 08:00:00+00:00,88.54000091552734,88.58000183105469,88.33999633789062,88.41999816894531,518
2023-09-06 09:00:00+00:00,88.55000305175781,88.68000030517578,88.43000030517578,88.48999786376953,416
2023-09-06 10:00:00+00:00,88.44000244140625,88.55999755859375,88.4000015258789,88.54000091552734,344
2023-09-06 11:00:00+00:00,88.38999938964844,88.51000213623047,88.25,88.41999816894531,411
2023-09-06 12:00:00+00:00,88.16000366210938,88.58999633789062,88.0,88.43000030517578,1655
2023-09-06 13:00:00+00:00,88.36000061035156,88.47000122070312,88.0,88.16999816894531,3615
2023-09-06 14:00:00+00:00,87.66999816894531,88.41000366210938,87.0,88.36000061035156,3927
2023-09-06 15:00:00+00:00,87.80999755859375,88.08000183105469,86.61000061035156,87.66999816894531,3991
2023-09-06 16:00:00+00:00,87.0,87.80000305175781,86.0,87.80000305175781,5132
2023-09-06 17:00:00+00:00,86.87000274658203,87.0999984741211,86.75,87.01000213623047,1914
2023-09-06 18:00:00+00:00,87.01000213623047,87.23999786376953,86.83999633789062,86.88999938964844,0
2023-09-07 01:00:00+00:00,87.31999969482422,87.55000305175781,87.0999984741211,87.0999984741211,475
2023-09-07 02:00:00+00:00,86.22000122070312,87.37000274658203,86.20999908447266,87.29000091552734,790
2023-09-07 03:00:00+00:00,86.12000274658203,86.44000244140625,85.83999633789062,86.22000122070312,1811
2023-09-07 04:00:00+00:00,86.05000305175781,86.36000061035156,85.2300033569336,86.19000244140625,133
2023-09-07 05:00:00+00:00,85.44999694824219,86.16000366210938,85.02999877929688,86.02999877929688,2600
2023-09-07 06:00:00+00:00,86.12000274658203,86.43000030517578,84.04000091552734,85.41999816894531,1059
2023-09-07 07:00:00+00:00,86.12999725341797,86.36000061035156,86.0,86.16000366210938,119
2023-09-07 08:00:00+00:00,85.83999633789062,86.11000061035156,84.27999877929688,86.11000061035156,419
2023-09-07 09:00:00+00:00,85.81999969482422,85.91000366210938,85.68000030517578,85.81999969482422,513
2023-09-07 10:00:00+00:00,86.02999877929688,86.11000061035156,84.27999877929688,85.81999969482422,574
2023-09-07 11:00:00+00:00,85.91000366210938,86.12000274658203,85.80999755859375,86.0,479
2023-09-07 12:00:00+00:00,85.9000015258789,85.94000244140625,85.69999694824219,85.91999816894531,1676
2023-09-07 13:00:00+00:00,85.66000366210938,85.94999694824219,85.51000213623047,85.91000366210938,3531
2023-09-07 14:00:00+00:00,85.41999816894531,85.94999694824219,84.69999694824219,85.62999725341797,4231
2023-09-07 15:00:00+00:00,85.31999969482422,85.54000091552734,83.41000366210938,85.41999816894531,3380
2023-09-07 16:00:00+00:00,85.37999725341797,85.47000122070312,85.16000366210938,85.31999969482422,2738
2023-09-07 17:00:00+00:00,85.44000244140625,85.5999984741211,85.30000305175781,85.4000015258789,1970
2023-09-07 18:00:00+00:00,85.51000213623047,85.56999969482422,83.58999633789062,85.44000244140625,0
2023-09-08 01:00:00+00:00,85.55999755859375,85.7699966430664,85.5,85.5,251
2023-09-08 02:00:00+00:00,85.25,85.63999938964844,83.61000061035156,85.55000305175781,221
2023-09-08 03:00:00+00:00,85.37000274658203,85.37000274658203,85.23999786376953,85.25,104
2023-09-08 04:00:00+00:00,85.4000015258789,85.48999786376953,85.33999633789062,85.33999633789062,46
2023-09-08 05:00:00+00:00,85.55999755859375,85.55999755859375,85.3499984741211,85.44000244140625,97
2023-09-08 06:00:00+00:00,85.4000015258789,85.75,85.31999969482422,85.5999984741211,478
2023-09-08 07:00:00+00:00,85.47000122070312,85.58000183105469,85.33000183105469,85.38999938964844,235
2023-09-08 08:00:00+00:00,85.22000122070312,85.47000122070312,85.22000122070312,85.47000122070312,248
2023-09-08 09:00:00+00:00,85.62999725341797,85.68000030517578,85.22000122070312,85.22000122070312,305
2023-09-08 10:00:00+00:00,85.6500015258789,85.83999633789062,85.5999984741211,85.5999984741211,314
2023-09-08 11:00:00+00:00,85.93000030517578,85.94999694824219,85.61000061035156,85.68000030517578,435
2023-09-08 12:00:00+00:00,86.13999938964844,86.27999877929688,84.30999755859375,85.88999938964844,1527
2023-09-08 13:00:00+00:00,86.22000122070312,86.2300033569336,85.81999969482422,86.12999725341797,2296
2023-09-08 14:00:00+00:00,86.11000061035156,86.43000030517578,86.0999984741211,86.2300033569336,1636
2023-09-08 15:00:00+00:00,86.05000305175781,86.63999938964844,84.72000122070312,86.0999984741211,1679
2023-09-08 16:00:00+00:00,86.19999694824219,86.30999755859375,85.94999694824219,86.06999969482422,1227
2023-09-08 17:00:00+00:00,86.12999725341797,86.19999694824219,85.94999694824219,86.16999816894531,1930
2023-09-08 18:00:00+00:00,86.01000213623047,86.12999725341797,84.63999938964844,86.12999725341797,1838
2023-09-11 01:00:00+00:00,86.08000183105469,86.37999725341797,85.88999938964844,86.19000244140625,382
2023-09-11 02:00:00+00:00,86.2300033569336,86.30000305175781,85.93000030517578,86.08000183105469,118
2023-09-11 03:00:00+00:00,86.31999969482422,86.4000015258789,86.02999877929688,86.30000305175781,183
2023-09-11 04:00:00+00:00,86.68000030517578,86.68000030517578,86.44000244140625,86.44000244140625,110
2023-09-11 05:00:00+00:00,86.51000213623047,86.9000015258789,86.48999786376953,86.66999816894531,221
2023-09-11 06:00:00+00:00,86.5199966430664,86.5999984741211,86.44999694824219,86.5,197
2023-09-11 07:00:00+00:00,86.7699966430664,86.83000183105469,86.5199966430664,86.5199966430664,190
2023-09-11 08:00:00+00:00,86.72000122070312,86.83999633789062,86.63999938964844,86.79000091552734,259
2023-09-11 09:00:00+00:00,86.83000183105469,86.91999816894531,86.69000244140625,86.76000213623047,282
2023-09-11 10:00:00+00:00,86.81999969482422,86.86000061035156,86.69000244140625,86.81999969482422,280
2023-09-11 11:00:00+00:00,87.0999984741211,87.12000274658203,86.79000091552734,86.79000091552734,529
2023-09-11 12:00:00+00:00,87.1500015258789,87.44999694824219,86.25,87.0999984741211,1393
2023-09-11 13:00:00+00:00,87.33000183105469,87.37999725341797,87.0,87.1500015258789,2740
2023-09-11 14:00:00+00:00,87.55999755859375,87.9000015258789,86.12999725341797,87.30999755859375,2646
2023-09-11 15:00:00+00:00,88.12000274658203,88.1500015258789,86.4800033569336,87.5,3207
2023-09-11 16:00:00+00:00,88.0999984741211,88.44000244140625,86.9000015258789,88.11000061035156,2693
2023-09-11 17:00:00+00:00,87.58999633789062,88.1500015258789,86.80000305175781,88.12999725341797,1774
2023-09-11 18:00:00+00:00,87.91000366210938,87.91000366210938,87.5,87.58000183105469,0
2023-09-12 01:00:00+00:00,88.2300033569336,88.25,87.70999908447266,87.7300033569336,286
2023-09-12 02:00:00+00:00,88.19999694824219,88.23999786376953,86.68000030517578,88.2300033569336,64
2023-09-12 03:00:00+00:00,88.30000305175781,88.31999969482422,88.16000366210938,88.18000030517578,59
2023-09-12 04:00:00+00:00,88.23999786376953,88.30000305175781,88.19999694824219,88.30000305175781,17
2023-09-12 05:00:00+00:00,88.2699966430664,88.2699966430664,88.20999908447266,88.23999786376953,37
2023-09-12 06:00:00+00:00,88.20999908447266,88.30000305175781,88.0,88.27999877929688,217
2023-09-12 07:00:00+00:00,87.83000183105469,88.20999908447266,87.77999877929688,88.20999908447266,264
2023-09-12 08:00:00+00:00,87.95999908447266,87.98999786376953,87.77999877929688,87.83000183105469,183
2023-09-12 09:00:00+00:00,88.02999877929688,88.20999908447266,87.95999908447266,88.0,260
2023-09-12 10:00:00+00:00,88.08999633789062,88.1500015258789,88.0,88.02999877929688,182
2023-09-12 11:00:00+00:00,88.05000305175781,88.16999816894531,87.95999908447266,88.06999969482422,244
2023-09-12 12:00:00+00:00,88.4000015258789,88.55999755859375,88.05999755859375,88.08000183105469,1134
2023-09-12 13:00:00+00:00,87.55999755859375,88.4000015258789,87.4800033569336,88.4000015258789,2257
2023-09-12 14:00:00+00:00,87.41999816894531,87.5999984741211,87.2300033569336,87.55999755859375,2202
2023-09-12 15:00:00+00:00,88.11000061035156,88.19999694824219,86.20999908447266,86.20999908447266,2471
2023-09-12 16:00:00+00:00,88.12000274658203,88.61000061035156,87.55000305175781,88.11000061035156,4333
2023-09-12 17:00:00+00:00,88.4000015258789,88.45999908447266,87.6500015258789,88.16999816894531,1831
2023-09-12 18:00:00+00:00,88.30000305175781,88.37999725341797,88.19000244140625,88.37999725341797,0
2023-09-13 01:00:00+00:00,87.68000030517578,88.2300033569336,87.51000213623047,88.04000091552734,809
2023-09-13 02:00:00+00:00,87.51000213623047,87.75,87.51000213623047,87.61000061035156,229
2023-09-13 03:00:00+00:00,87.52999877929688,87.54000091552734,87.33000183105469,87.44999694824219,322
2023-09-13 04:00:00+00:00,87.63999938964844,87.63999938964844,87.44000244140625,87.5,36
2023-09-13 05:00:00+00:00,87.1500015258789,87.66000366210938,87.1500015258789,87.66000366210938,905
2023-09-13 06:00:00+00:00,87.05999755859375,87.16999816894531,86.7699966430664,87.1500015258789,1314
2023-09-13 07:00:00+00:00,87.27999877929688,87.48999786376953,87.0,87.08000183105469,497
2023-09-13 08:00:00+00:00,87.36000061035156,87.43000030517578,87.26000213623047,87.33999633789062,205
2023-09-13 09:00:00+00:00,87.37000274658203,87.4000015258789,87.26000213623047,87.33999633789062,72
2023-09-13 10:00:00+00:00,87.41999816894531,87.5199966430664,87.33000183105469,87.36000061035156,213
2023-09-13 11:00:00+00:00,87.41999816894531,87.44999694824219,86.30000305175781,87.43000030517578,238
2023-09-13 12:00:00+00:00,87.1500015258789,87.43000030517578,86.20999908447266,87.43000030517578,1097
2023-09-13 13:00:00+00:00,86.91999816894531,87.2300033569336,86.05999755859375,87.1500015258789,2094
2023-09-13 14:00:00+00:00,86.94000244140625,87.0199966430664,85.05999755859375,86.93000030517578,3167
2023-09-13 15:00:00+00:00,86.8499984741211,87.04000091552734,86.80000305175781,86.91999816894531,2172
2023-09-13 16:00:00+00:00,86.80000305175781,86.95999908447266,85.2300033569336,86.93000030517578,1545
2023-09-13 17:00:00+00:00,86.9800033569336,87.0999984741211,86.75,86.80999755859375,1854
2023-09-13 18:00:00+00:00,86.94000244140625,87.05999755859375,86.8499984741211,87.0,0
2023-09-14 01:00:00+00:00,86.9800033569336,87.0999984741211,86.81999969482422,86.88999938964844,103
2023-09-14 02:00:00+00:00,86.80000305175781,86.93000030517578,86.63999938964844,86.93000030517578,117
2023-09-14 03:00:00+00:00,87.19000244140625,87.19000244140625,86.8499984741211,86.87000274658203,79
2023-09-14 04:00:00+00:00,87.3499984741211,87.3499984741211,87.16000366210938,87.22000122070312,63
2023-09-14 05:00:00+00:00,87.13999938964844,87.41000366210938,87.0,87.30999755859375,227
2023-09-14 06:00:00+00:00,86.93000030517578,87.05999755859375,86.80999755859375,87.05999755859375,140
2023-09-14 07:00:00+00:00,87.0,87.01000213623047,86.80000305175781,86.88999938964844,83
2023-09-14 08:00:00+00:00,86.94000244140625,87.19999694824219,86.94000244140625,86.94000244140625,239
2023-09-14 09:00:00+00:00,86.81999969482422,87.0,86.80000305175781,86.9000015258789,243
2023-09-14 10:00:00+00:00,86.91000366210938,86.9800033569336,86.80000305175781,86.80000305175781,248
2023-09-14 11:00:00+00:00,86.8499984741211,86.94999694824219,86.69000244140625,86.93000030517578,345
2023-09-14 12:00:00+00:00,87.25,87.33999633789062,86.80000305175781,86.87000274658203,1059
2023-09-14 13:00:00+00:00,87.5999984741211,87.63999938964844,87.01000213623047,87.25,1601
2023-09-14 14:00:00+00:00,87.41999816894531,87.61000061035156,86.4000015258789,87.55999755859375,1612
2023-09-14 15:00:00+00:00,87.54000091552734,87.70999908447266,86.05999755859375,87.41000366210938,1314
2023-09-14 16:00:00+00:00,87.5999984741211,87.8499984741211,87.47000122070312,87.54000091552734,1354
2023-09-14 17:00:00+00:00,87.80999755859375,87.80999755859375,87.52999877929688,87.61000061035156,946
2023-09-14 18:00:00+00:00,87.83000183105469,87.9000015258789,87.75,87.80000305175781,0
2023-09-15 01:00:00+00:00,88.22000122070312,88.25,86.75,86.75,488
2023-09-15 02:00:00+00:00,88.2300033569336,88.2300033569336,88.02999877929688,88.19999694824219,148
2023-09-15 03:00:00+00:00,88.27999877929688,88.29000091552734,87.98999786376953,88.2300033569336,107
2023-09-15 04:00:00+00:00,88.08000183105469,88.30000305175781,88.05999755859375,88.2699966430664,71
2023-09-15 05:00:00+00:00,87.98999786376953,88.18000030517578,87.94999694824219,88.13999938964844,62
2023-09-15 06:00:00+00:00,88.0999984741211,88.13999938964844,87.95999908447266,87.95999908447266,103
2023-09-15 07:00:00+00:00,88.06999969482422,88.18000030517578,88.01000213623047,88.1500015258789,195
2023-09-15 08:00:00+00:00,88.20999908447266,88.2300033569336,88.05000305175781,88.08999633789062,185
2023-09-15 09:00:00+00:00,87.87999725341797,88.19999694824219,87.87999725341797,88.16000366210938,156
2023-09-15 10:00:00+00:00,87.5,87.88999938964844,87.47000122070312,87.88999938964844,255
2023-09-15 11:00:00+00:00,87.55999755859375,87.62000274658203,87.26000213623047,87.5,317
2023-09-15 12:00:00+00:00,87.33999633789062,87.6500015258789,87.27999877929688,87.6500015258789,583
2023-09-15 13:00:00+00:00,87.22000122070312,87.41000366210938,86.75,87.37999725341797,2388
2023-09-15 14:00:00+00:00,87.11000061035156,87.5,87.04000091552734,87.29000091552734,2533
2023-09-15 15:00:00+00:00,86.91999816894531,87.13999938964844,85.62000274658203,87.06999969482422,2436
2023-09-15 16:00:00+00:00,86.98999786376953,87.19999694824219,86.93000030517578,86.94000244140625,1317
2023-09-15 17:00:00+00:00,86.41000366210938,87.02999877929688,85.19999694824219,87.0,3098
2023-09-15 18:00:00+00:00,86.69999694824219,86.69999694824219,86.36000061035156,86.41999816894531,2585
2023-09-18 01:00:00+00:00,87.4000015258789,87.5,86.55000305175781,86.55000305175781,676
2023-09-18 02:00:00+00:00,87.25,87.44000244140625,87.20999908447266,87.41999816894531,105
2023-09-18 03:00:00+00:00,87.16000366210938,87.25,87.16000366210938,87.25,53
2023-09-18 04:00:00+00:00,87.20999908447266,87.25,87.18000030517578,87.25,39
2023-09-18 05:00:00+00:00,87.26000213623047,87.4000015258789,87.1500015258789,87.1500015258789,185
2023-09-18 06:00:00+00:00,87.01000213623047,87.30999755859375,86.95999908447266,87.22000122070312,278
2023-09-18 07:00:00+00:00,87.0999984741211,87.16999816894531,86.97000122070312,87.05999755859375,173
2023-09-18 08:00:00+00:00,87.05000305175781,87.20999908447266,87.01000213623047,87.06999969482422,224
2023-09-18 09:00:00+00:00,86.80000305175781,87.06999969482422,86.80000305175781,87.05000305175781,127
2023-09-18 10:00:00+00:00,86.7699966430664,86.95999908447266,86.7300033569336,86.83000183105469,184
2023-09-18 11:00:00+00:00,86.76000213623047,86.80999755859375,86.52999877929688,86.76000213623047,771
2023-09-18 12:00:00+00:00,87.0999984741211,87.1500015258789,86.45999908447266,86.76000213623047,901
2023-09-18 13:00:00+00:00,87.04000091552734,87.41000366210938,86.83000183105469,87.06999969482422,1056
2023-09-18 14:00:00+00:00,87.54000091552734,87.6500015258789,86.69000244140625,87.02999877929688,2840
2023-09-18 15:00:00+00:00,87.55000305175781,87.61000061035156,85.77999877929688,87.55000305175781,1359
2023-09-18 16:00:00+00:00,87.23999786376953,87.55000305175781,87.23999786376953,87.55000305175781,1200
2023-09-18 17:00:00+00:00,87.08999633789062,87.3499984741211,86.91999816894531,87.25,1165
2023-09-18 18:00:00+00:00,87.0199966430664,87.08999633789062,86.94999694824219,87.08000183105469,0
2023-09-19 01:00:00+00:00,86.80000305175781,87.12999725341797,86.79000091552734,87.0,200
2023-09-19 02:00:00+00:00,87.68000030517578,87.94999694824219,86.83000183105469,86.83000183105469,1244
2023-09-19 03:00:00+00:00,87.98999786376953,88.18000030517578,87.69999694824219,87.72000122070312,1035
2023-09-19 04:00:00+00:00,87.8499984741211,87.95999908447266,87.80999755859375,87.95999908447266,46
2023-09-19 05:00:00+00:00,87.73999786376953,87.86000061035156,87.62999725341797,87.8499984741211,447
2023-09-19 06:00:00+00:00,87.8499984741211,88.0,87.66000366210938,87.7699966430664,420
2023-09-19 07:00:00+00:00,87.87000274658203,87.91000366210938,87.80000305175781,87.8499984741211,286
2023-09-19 08:00:00+00:00,88.0,88.0,87.87999725341797,87.87999725341797,63
2023-09-19 09:00:00+00:00,88.05000305175781,88.13999938964844,87.91000366210938,87.94000244140625,253
2023-09-19 10:00:00+00:00,87.80999755859375,88.05999755859375,87.77999877929688,88.04000091552734,171
2023-09-19 11:00:00+00:00,88.06999969482422,88.13999938964844,87.80999755859375,87.80999755859375,684
2023-09-19 12:00:00+00:00,87.86000061035156,88.41999816894531,87.83000183105469,88.06999969482422,1728
2023-09-19 13:00:00+00:00,87.4800033569336,87.97000122070312,87.4000015258789,87.8499984741211,1816
2023-09-19 14:00:00+00:00,87.68000030517578,87.7300033569336,87.30999755859375,87.5199966430664,1473
2023-09-19 15:00:00+00:00,87.66000366210938,87.7300033569336,87.5,87.66999816894531,854
2023-09-19 16:00:00+00:00,87.43000030517578,87.77999877929688,87.41000366210938,87.6500015258789,941
2023-09-19 17:00:00+00:00,87.51000213623047,87.5999984741211,87.41000366210938,87.43000030517578,831
2023-09-19 18:00:00+00:00,87.48999786376953,87.58999633789062,87.44000244140625,87.5199966430664,0
2023-09-20 01:00:00+00:00,87.38999938964844,87.5999984741211,87.33000183105469,87.5,215
2023-09-20 02:00:00+00:00,87.26000213623047,87.41999816894531,87.13999938964844,87.41000366210938,225
2023-09-20 03:00:00+00:00,87.01000213623047,87.18000030517578,86.91000366210938,87.12000274658203,218
2023-09-20 04:00:00+00:00,87.02999877929688,87.02999877929688,86.91999816894531,87.01000213623047,16
2023-09-20 05:00:00+00:00,87.12000274658203,87.16000366210938,87.11000061035156,87.16000366210938,10
2023-09-20 06:00:00+00:00,87.05999755859375,87.29000091552734,87.05999755859375,87.20999908447266,65
2023-09-20 07:00:00+00:00,87.1500015258789,87.19000244140625,87.06999969482422,87.08999633789062,80
2023-09-20 08:00:00+00:00,87.08999633789062,87.19000244140625,87.05999755859375,87.1500015258789,149
2023-09-20 09:00:00+00:00,87.05999755859375,87.12000274658203,87.01000213623047,87.0999984741211,187
2023-09-20 10:00:00+00:00,87.12999725341797,87.13999938964844,87.04000091552734,87.04000091552734,146
2023-09-20 11:00:00+00:00,87.0199966430664,87.25,87.0,87.12999725341797,236
2023-09-20 12:00:00+00:00,87.33999633789062,87.4800033569336,87.0,87.04000091552734,782
2023-09-20 13:00:00+00:00,87.23999786376953,87.4800033569336,87.05999755859375,87.3499984741211,1657
2023-09-20 14:00:00+00:00,87.44000244140625,87.48999786376953,87.16000366210938,87.2300033569336,1697
2023-09-20 15:00:00+00:00,87.02999877929688,87.66000366210938,86.93000030517578,87.45999908447266,2132
2023-09-20 16:00:00+00:00,87.1500015258789,87.27999877929688,86.94999694824219,87.01000213623047,1350
2023-09-20 17:00:00+00:00,86.9800033569336,87.2300033569336,86.91999816894531,87.13999938964844,1355
2023-09-20 18:00:00+00:00,86.91000366210938,87.0,86.81999969482422,86.95999908447266,0
2023-09-21 01:00:00+00:00,86.48999786376953,86.83000183105469,86.37999725341797,86.79000091552734,941
2023-09-21 02:00:00+00:00,86.7699966430664,86.7699966430664,86.43000030517578,86.5,257
2023-09-21 03:00:00+00:00,86.69999694824219,86.79000091552734,86.66999816894531,86.75,59
2023-09-21 04:00:00+00:00,86.7300033569336,86.83999633789062,86.69999694824219,86.69999694824219,49
2023-09-21 05:00:00+00:00,86.80000305175781,86.91999816894531,86.77999877929688,86.8499984741211,35
2023-09-21 06:00:00+00:00,86.55000305175781,86.9000015258789,86.4800033569336,86.79000091552734,411
2023-09-21 07:00:00+00:00,86.6500015258789,86.7300033569336,86.58000183105469,86.62000274658203,91
2023-09-21 08:00:00+00:00,86.75,86.83000183105469,86.68000030517578,86.68000030517578,143
2023-09-21 09:00:00+00:00,86.87000274658203,86.88999938964844,86.69999694824219,86.73999786376953,83
2023-09-21 10:00:00+00:00,86.77999877929688,86.83999633789062,86.66999816894531,86.83000183105469,153
2023-09-21 11:00:00+00:00,86.54000091552734,86.87000274658203,86.51000213623047,86.73999786376953,503
2023-09-21 12:00:00+00:00,86.26000213623047,86.63999938964844,86.06999969482422,86.55000305175781,2854
2023-09-21 13:00:00+00:00,86.0999984741211,86.44000244140625,86.05999755859375,86.27999877929688,2089
2023-09-21 14:00:00+00:00,86.08000183105469,86.43000030517578,85.87999725341797,86.0999984741211,2997
2023-09-21 15:00:00+00:00,86.02999877929688,86.33999633789062,86.0,86.08000183105469,1321
2023-09-21 16:00:00+00:00,86.11000061035156,86.1500015258789,85.91000366210938,86.02999877929688,1486
2023-09-21 17:00:00+00:00,86.62000274658203,86.73999786376953,86.11000061035156,86.13999938964844,1615
2023-09-21 18:00:00+00:00,86.4000015258789,86.69000244140625,86.37999725341797,86.61000061035156,0
2023-09-22 01:00:00+00:00,86.69000244140625,86.69999694824219,86.05000305175781,86.30000305175781,205
2023-09-22 02:00:00+00:00,86.69999694824219,86.95999908447266,86.68000030517578,86.69999694824219,305
2023-09-22 03:00:00+00:00,86.77999877929688,86.87999725341797,86.66999816894531,86.70999908447266,19
2023-09-22 04:00:00+00:00,86.66999816894531,86.7699966430664,86.66999816894531,86.7699966430664,10
2023-09-22 05:00:00+00:00,86.66000366210938,86.79000091552734,86.55999755859375,86.79000091552734,73
2023-09-22 06:00:00+00:00,86.41000366210938,86.9000015258789,86.27999877929688,86.66999816894531,394
2023-09-22 07:00:00+00:00,86.69999694824219,86.69999694824219,86.36000061035156,86.43000030517578,79
2023-09-22 08:00:00+00:00,87.12999725341797,87.2300033569336,86.6500015258789,86.69999694824219,521
2023-09-22 09:00:00+00:00,86.87999725341797,87.11000061035156,86.80999755859375,87.11000061035156,205
2023-09-22 10:00:00+00:00,87.02999877929688,87.1500015258789,86.83999633789062,86.83999633789062,197
2023-09-22 11:00:00+00:00,87.02999877929688,87.0999984741211,86.9000015258789,87.01000213623047,621
2023-09-22 12:00:00+00:00,87.08999633789062,87.38999938964844,86.56999969482422,87.04000091552734,1344
2023-09-22 13:00:00+00:00,86.38999938964844,87.08999633789062,86.29000091552734,87.08000183105469,1962
2023-09-22 14:00:00+00:00,85.94000244140625,86.33999633789062,85.7699966430664,86.31999969482422,3533
2023-09-22 15:00:00+00:00,85.68000030517578,86.0999984741211,85.6500015258789,85.95999908447266,2349
2023-09-22 16:00:00+00:00,85.9800033569336,86.12999725341797,85.55000305175781,85.69000244140625,1897
2023-09-22 17:00:00+00:00,85.94999694824219,86.02999877929688,85.75,85.9800033569336,878
2023-09-22 18:00:00+00:00,85.94000244140625,86.05000305175781,85.75,85.94000244140625,1614
2023-09-25 01:00:00+00:00,86.3499984741211,86.62000274658203,85.80000305175781,85.91000366210938,133
2023-09-25 02:00:00+00:00,86.43000030517578,86.47000122070312,86.36000061035156,86.47000122070312,23
2023-09-25 03:00:00+00:00,86.33000183105469,86.4000015258789,86.16000366210938,86.4000015258789,23
2023-09-25 04:00:00+00:00,86.31999969482422,86.37999725341797,86.25,86.26000213623047,23
2023-09-25 05:00:00+00:00,86.16999816894531,86.26000213623047,86.12000274658203,86.25,27
2023-09-25 06:00:00+00:00,86.33999633789062,86.4000015258789,85.97000122070312,86.18000030517578,164
2023-09-25 07:00:00+00:00,86.27999877929688,86.3499984741211,86.12000274658203,86.33000183105469,46
2023-09-25 08:00:00+00:00,85.9800033569336,86.33000183105469,85.97000122070312,86.33000183105469,208
2023-09-25 09:00:00+00:00,86.0,86.06999969482422,85.9000015258789,85.9800033569336,316
2023-09-25 10:00:00+00:00,85.93000030517578,86.02999877929688,85.9000015258789,85.98999786376953,127
2023-09-25 11:00:00+00:00,86.02999877929688,86.0999984741211,85.8499984741211,85.93000030517578,324
2023-09-25 12:00:00+00:00,86.62000274658203,86.62999725341797,85.8499984741211,86.02999877929688,1344
2023-09-25 13:00:00+00:00,86.52999877929688,86.7300033569336,86.3499984741211,86.63999938964844,1555
2023-09-25 14:00:00+00:00,86.11000061035156,86.52999877929688,86.08000183105469,86.5199966430664,2302
2023-09-25 15:00:00+00:00,86.38999938964844,86.45999908447266,85.8499984741211,86.0999984741211,1452
2023-09-25 16:00:00+00:00,88.12999725341797,88.2300033569336,86.4000015258789,86.4000015258789,7089
2023-09-25 17:00:00+00:00,88.05000305175781,88.33000183105469,87.81999969482422,88.12999725341797,4370
2023-09-25 18:00:00+00:00,88.12999725341797,88.33000183105469,88.04000091552734,88.05000305175781,0
2023-09-26 01:00:00+00:00,87.5199966430664,88.08000183105469,87.4000015258789,88.0,1561
2023-09-26 02:00:00+00:00,87.31999969482422,87.80999755859375,87.30000305175781,87.55999755859375,541
2023-09-26 03:00:00+00:00,87.33000183105469,87.44999694824219,87.20999908447266,87.33000183105469,417
2023-09-26 04:00:00+00:00,87.4000015258789,87.43000030517578,87.25,87.25,46
2023-09-26 05:00:00+00:00,87.30999755859375,87.41999816894531,87.27999877929688,87.4000015258789,110
2023-09-26 06:00:00+00:00,87.30000305175781,87.31999969482422,87.19999694824219,87.30000305175781,151
2023-09-26 07:00:00+00:00,87.37999725341797,87.4000015258789,87.19999694824219,87.30000305175781,296
2023-09-26 08:00:00+00:00,87.48999786376953,87.5999984741211,87.36000061035156,87.4000015258789,336
2023-09-26 09:00:00+00:00,87.66000366210938,87.70999908447266,87.43000030517578,87.4800033569336,236
2023-09-26 10:00:00+00:00,87.80999755859375,87.83000183105469,87.54000091552734,87.66000366210938,367
2023-09-26 11:00:00+00:00,87.52999877929688,87.80999755859375,87.5,87.80000305175781,283
2023-09-26 12:00:00+00:00,87.41999816894531,87.76000213623047,87.27999877929688,87.54000091552734,1001
2023-09-26 13:00:00+00:00,87.87999725341797,87.98999786376953,87.22000122070312,87.41000366210938,2180
2023-09-26 14:00:00+00:00,87.94000244140625,88.20999908447266,87.73999786376953,87.9000015258789,4598
2023-09-26 15:00:00+00:00,88.33999633789062,88.80999755859375,87.86000061035156,87.94999694824219,4777
2023-09-26 16:00:00+00:00,88.25,88.44000244140625,88.12000274658203,88.3499984741211,1895
2023-09-26 17:00:00+00:00,88.08999633789062,88.37000274658203,88.04000091552734,88.2699966430664,1578
2023-09-26 18:00:00+00:00,88.37000274658203,88.4000015258789,88.06999969482422,88.0999984741211,0
2023-09-27 01:00:00+00:00,88.0,88.19999694824219,87.76000213623047,88.0,483
2023-09-27 02:00:00+00:00,87.87999725341797,88.05000305175781,87.87999725341797,88.05000305175781,74
2023-09-27 03:00:00+00:00,87.91000366210938,87.91999816894531,87.86000061035156,87.88999938964844,88
2023-09-27 04:00:00+00:00,87.94000244140625,87.94999694824219,87.9000015258789,87.94000244140625,29
2023-09-27 05:00:00+00:00,88.12999725341797,88.1500015258789,87.8499984741211,87.94999694824219,172
2023-09-27 06:00:00+00:00,88.62999725341797,88.72000122070312,88.12999725341797,88.12999725341797,552
2023-09-27 07:00:00+00:00,88.55999755859375,88.6500015258789,88.41000366210938,88.6500015258789,253
2023-09-27 08:00:00+00:00,88.80000305175781,88.80000305175781,88.58000183105469,88.58000183105469,454
2023-09-27 09:00:00+00:00,88.8499984741211,88.94999694824219,88.77999877929688,88.79000091552734,632
2023-09-27 10:00:00+00:00,89.05999755859375,89.16000366210938,88.83999633789062,88.83999633789062,810
2023-09-27 11:00:00+00:00,89.05999755859375,89.1500015258789,88.95999908447266,89.05000305175781,501
2023-09-27 12:00:00+00:00,89.02999877929688,89.44999694824219,88.7300033569336,89.05999755859375,2440
2023-09-27 13:00:00+00:00,88.62999725341797,89.05000305175781,88.56999969482422,89.05000305175781,2360
2023-09-27 14:00:00+00:00,88.83000183105469,89.41999816894531,88.43000030517578,88.66999816894531,4312
2023-09-27 15:00:00+00:00,88.31999969482422,88.87000274658203,88.20999908447266,88.80999755859375,3962
2023-09-27 16:00:00+00:00,88.54000091552734,88.80999755859375,88.30999755859375,88.31999969482422,1911
2023-09-27 17:00:00+00:00,88.2699966430664,88.55000305175781,88.0999984741211,88.54000091552734,2000
2023-09-27 18:00:00+00:00,88.19999694824219,88.44000244140625,88.19000244140625,88.25,0
2023-09-28 01:00:00+00:00,88.55000305175781,88.91999816894531,88.45999908447266,88.63999938964844,416
2023-09-28 02:00:00+00:00,88.61000061035156,88.75,88.45999908447266,88.5,108
2023-09-28 03:00:00+00:00,88.8499984741211,88.94999694824219,88.5199966430664,88.58999633789062,312
2023-09-28 04:00:00+00:00,88.62999725341797,88.80000305175781,88.61000061035156,88.80000305175781,70
2023-09-28 05:00:00+00:00,88.86000061035156,88.88999938964844,88.51000213623047,88.5199966430664,90
2023-09-28 06:00:00+00:00,89.27999877929688,89.27999877929688,88.72000122070312,88.86000061035156,641
2023-09-28 07:00:00+00:00,89.08000183105469,89.27999877929688,88.98999786376953,89.27999877929688,142
2023-09-28 08:00:00+00:00,89.23999786376953,89.33000183105469,89.0,89.02999877929688,453
2023-09-28 09:00:00+00:00,89.23999786376953,89.25,89.06999969482422,89.25,96
2023-09-28 10:00:00+00:00,89.4000015258789,89.41999816894531,89.23999786376953,89.25,672
2023-09-28 11:00:00+00:00,89.41000366210938,89.56999969482422,89.12000274658203,89.37999725341797,1191
2023-09-28 12:00:00+00:00,89.04000091552734,89.5999984741211,88.91000366210938,89.41000366210938,1949
2023-09-28 13:00:00+00:00,89.13999938964844,89.30000305175781,88.83000183105469,89.0999984741211,1820
2023-09-28 14:00:00+00:00,89.68000030517578,89.73999786376953,88.97000122070312,89.13999938964844,3135
2023-09-28 15:00:00+00:00,89.2699966430664,89.88999938964844,89.20999908447266,89.68000030517578,3753
2023-09-28 16:00:00+00:00,89.02999877929688,89.27999877929688,88.8499984741211,89.25,2210
2023-09-28 17:00:00+00:00,88.58999633789062,89.02999877929688,88.55000305175781,89.02999877929688,2207
2023-09-28 18:00:00+00:00,88.83999633789062,88.83999633789062,88.55999755859375,88.62999725341797,0
2023-09-29 01:00:00+00:00,88.87999725341797,88.93000030517578,88.5,88.83000183105469,206
2023-09-29 02:00:00+00:00,88.94999694824219,89.16000366210938,88.86000061035156,88.88999938964844,134
2023-09-29 03:00:00+00:00,88.91999816894531,88.95999908447266,88.79000091552734,88.91999816894531,74
2023-09-29 04:00:00+00:00,88.98999786376953,89.06999969482422,88.93000030517578,88.93000030517578,18
2023-09-29 05:00:00+00:00,88.7300033569336,88.97000122070312,88.68000030517578,88.97000122070312,45
2023-09-29 06:00:00+00:00,88.80999755859375,88.88999938964844,88.75,88.75,44
2023-09-29 07:00:00+00:00,88.97000122070312,89.06999969482422,88.8499984741211,88.8499984741211,158
2023-09-29 08:00:00+00:00,89.1500015258789,89.25,88.97000122070312,88.9800033569336,288
2023-09-29 09:00:00+00:00,89.16999816894531,89.29000091552734,89.01000213623047,89.19000244140625,289
2023-09-29 10:00:00+00:00,89.05000305175781,89.29000091552734,88.9800033569336,89.16000366210938,244
2023-09-29 11:00:00+00:00,88.83000183105469,89.06999969482422,88.83000183105469,89.0199966430664,254
2023-09-29 12:00:00+00:00,88.9000015258789,89.01000213623047,88.66999816894531,88.83999633789062,992
2023-09-29 13:00:00+00:00,88.12000274658203,89.04000091552734,88.02999877929688,88.88999938964844,1872
2023-09-29 14:00:00+00:00,87.55000305175781,88.13999938964844,87.5,88.0999984741211,3692
2023-09-29 15:00:00+00:00,87.41999816894531,87.6500015258789,87.05999755859375,87.55999755859375,3450
2023-09-29 16:00:00+00:00,87.08999633789062,87.44000244140625,87.0199966430664,87.44000244140625,2176
2023-09-29 17:00:00+00:00,87.13999938964844,87.2300033569336,87.0199966430664,87.0999984741211,1534
2023-09-29 18:00:00+00:00,87.19000244140625,87.19999694824219,87.06999969482422,87.12999725341797,2934
2023-10-02 01:00:00+00:00,87.76000213623047,87.95999908447266,87.30000305175781,87.30000305175781,428
2023-10-02 02:00:00+00:00,87.80999755859375,87.81999969482422,87.72000122070312,87.76000213623047,56
2023-10-02 03:00:00+00:00,87.56999969482422,87.81999969482422,87.55000305175781,87.81999969482422,40
2023-10-02 04:00:00+00:00,87.56999969482422,87.62999725341797,87.54000091552734,87.62000274658203,51
2023-10-02 05:00:00+00:00,87.33000183105469,87.58999633789062,87.30000305175781,87.56999969482422,111
2023-10-02 06:00:00+00:00,87.48999786376953,87.55999755859375,87.30000305175781,87.33000183105469,78
2023-10-02 07:00:00+00:00,87.54000091552734,87.5999984741211,87.48999786376953,87.48999786376953,82
2023-10-02 08:00:00+00:00,87.12000274658203,87.63999938964844,87.05000305175781,87.52999877929688,193
2023-10-02 09:00:00+00:00,87.19000244140625,87.27999877929688,87.05000305175781,87.12999725341797,168
2023-10-02 10:00:00+00:00,86.77999877929688,87.27999877929688,86.69999694824219,87.16000366210938,968
2023-10-02 11:00:00+00:00,86.81999969482422,86.94000244140625,86.69999694824219,86.81999969482422,395
2023-10-02 12:00:00+00:00,87.08000183105469,87.13999938964844,86.70999908447266,86.81999969482422,1334
2023-10-02 13:00:00+00:00,87.48999786376953,87.5199966430664,86.8499984741211,87.08000183105469,1656
2023-10-02 14:00:00+00:00,87.54000091552734,87.80999755859375,86.97000122070312,87.4800033569336,2225
2023-10-02 15:00:00+00:00,87.70999908447266,87.87000274658203,87.43000030517578,87.51000213623047,1881
2023-10-02 16:00:00+00:00,87.72000122070312,87.91000366210938,87.5999984741211,87.69999694824219,1539
2023-10-02 17:00:00+00:00,87.76000213623047,87.9000015258789,87.62000274658203,87.70999908447266,1601
2023-10-02 18:00:00+00:00,87.7699966430664,87.80000305175781,87.61000061035156,87.76000213623047,0
2023-10-03 01:00:00+00:00,87.63999938964844,87.80000305175781,87.54000091552734,87.75,146
2023-10-03 02:00:00+00:00,87.69999694824219,87.69999694824219,87.55999755859375,87.6500015258789,44
2023-10-03 03:00:00+00:00,87.66999816894531,87.83999633789062,87.66999816894531,87.75,29
2023-10-03 04:00:00+00:00,87.63999938964844,87.68000030517578,87.5999984741211,87.66999816894531,20
2023-10-03 05:00:00+00:00,87.63999938964844,87.7300033569336,87.61000061035156,87.69999694824219,28
2023-10-03 06:00:00+00:00,87.5,87.66999816894531,87.5,87.66999816894531,135
2023-10-03 07:00:00+00:00,87.51000213623047,87.63999938964844,87.44999694824219,87.47000122070312,55
2023-10-03 08:00:00+00:00,87.47000122070312,87.66999816894531,87.4000015258789,87.5,214
2023-10-03 09:00:00+00:00,87.4800033569336,87.56999969482422,87.47000122070312,87.5,87
2023-10-03 10:00:00+00:00,87.4800033569336,87.55999755859375,87.44000244140625,87.52999877929688,110
2023-10-03 11:00:00+00:00,87.33000183105469,87.51000213623047,87.20999908447266,87.48999786376953,394
2023-10-03 12:00:00+00:00,87.37000274658203,87.41999816894531,87.05999755859375,87.31999969482422,1364
2023-10-03 13:00:00+00:00,87.51000213623047,87.7300033569336,87.2699966430664,87.38999938964844,1386
2023-10-03 14:00:00+00:00,87.2300033569336,87.63999938964844,87.18000030517578,87.51000213623047,1420
2023-10-03 15:00:00+00:00,87.31999969482422,87.36000061035156,87.04000091552734,87.2300033569336,1853
2023-10-03 16:00:00+00:00,87.48999786376953,87.55999755859375,87.30000305175781,87.3499984741211,1354
2023-10-03 17:00:00+00:00,87.45999908447266,87.62000274658203,87.3499984741211,87.51000213623047,1532
2023-10-03 18:00:00+00:00,87.51000213623047,87.51000213623047,87.38999938964844,87.44999694824219,0
2023-10-04 01:00:00+00:00,87.30000305175781,87.73999786376953,87.30000305175781,87.73999786376953,174
2023-10-04 02:00:00+00:00,87.41999816894531,87.44000244140625,87.30999755859375,87.30999755859375,36
2023-10-04 03:00:00+00:00,87.30000305175781,87.41000366210938,87.30000305175781,87.38999938964844,31
2023-10-04 04:00:00+00:00,87.4000015258789,87.41000366210938,87.33999633789062,87.33999633789062,28
2023-10-04 05:00:00+00:00,87.31999969482422,87.31999969482422,87.31999969482422,87.31999969482422,1
2023-10-04 06:00:00+00:00,87.36000061035156,87.44999694824219,87.2699966430664,87.30999755859375,181
2023-10-04 07:00:00+00:00,87.48999786376953,87.48999786376953,87.29000091552734,87.36000061035156,234
2023-10-04 08:00:00+00:00,87.80999755859375,87.93000030517578,87.41999816894531,87.47000122070312,379
2023-10-04 09:00:00+00:00,87.62999725341797,87.83000183105469,87.62000274658203,87.79000091552734,115
2023-10-04 10:00:00+00:00,87.66999816894531,87.69999694824219,87.54000091552734,87.5999984741211,175
2023-10-04 11:00:00+00:00,87.5,87.6500015258789,87.44999694824219,87.62000274658203,205
2023-10-04 12:00:00+00:00,87.62000274658203,87.66000366210938,87.33000183105469,87.4800033569336,665
2023-10-04 13:00:00+00:00,87.19000244140625,87.69999694824219,87.18000030517578,87.61000061035156,1260
2023-10-04 14:00:00+00:00,87.08000183105469,87.25,86.63999938964844,87.19999694824219,3369
2023-10-04 15:00:00+00:00,87.2300033569336,87.47000122070312,87.0999984741211,87.12000274658203,1393
2023-10-04 16:00:00+00:00,87.30000305175781,87.44999694824219,87.01000213623047,87.23999786376953,896
2023-10-04 17:00:00+00:00,87.1500015258789,87.4800033569336,87.12000274658203,87.30999755859375,817
2023-10-04 18:00:00+00:00,87.01000213623047,87.18000030517578,86.91000366210938,87.16999816894531,0
2023-10-05 01:00:00+00:00,87.25,87.33999633789062,87.12999725341797,87.16000366210938,182
2023-10-05 02:00:00+00:00,87.43000030517578,87.44000244140625,87.30999755859375,87.33000183105469,69
2023-10-05 03:00:00+00:00,87.44000244140625,87.44000244140625,87.36000061035156,87.36000061035156,3
2023-10-05 04:00:00+00:00,87.41999816894531,87.48999786376953,87.41999816894531,87.44999694824219,39
2023-10-05 05:00:00+00:00,87.37000274658203,87.44999694824219,87.36000061035156,87.44999694824219,12
2023-10-05 06:00:00+00:00,87.31999969482422,87.5,87.29000091552734,87.41000366210938,203
2023-10-05 07:00:00+00:00,87.4000015258789,87.4000015258789,87.16999816894531,87.27999877929688,112
2023-10-05 08:00:00+00:00,87.16000366210938,87.41999816894531,87.12000274658203,87.37000274658203,221
2023-10-05 09:00:00+00:00,87.12000274658203,87.1500015258789,87.05000305175781,87.13999938964844,232
2023-10-05 10:00:00+00:00,87.13999938964844,87.19000244140625,87.08999633789062,87.12000274658203,123
2023-10-05 11:00:00+00:00,86.94000244140625,87.12999725341797,86.86000061035156,87.12999725341797,599
2023-10-05 12:00:00+00:00,87.02999877929688,87.29000091552734,86.75,86.9000015258789,1681
2023-10-05 13:00:00+00:00,87.5999984741211,88.05999755859375,86.87000274658203,87.01000213623047,3786
2023-10-05 14:00:00+00:00,87.12999725341797,87.66000366210938,87.0199966430664,87.61000061035156,2070
2023-10-05 15:00:00+00:00,86.7300033569336,87.19999694824219,86.44999694824219,87.11000061035156,3794
2023-10-05 16:00:00+00:00,86.68000030517578,86.83000183105469,86.4800033569336,86.7300033569336,1672
2023-10-05 17:00:00+00:00,86.80000305175781,86.88999938964844,86.55000305175781,86.69999694824219,2293
2023-10-05 18:00:00+00:00,86.5999984741211,86.79000091552734,86.51000213623047,86.7699966430664,0
2023-10-06 01:00:00+00:00,86.77999877929688,86.80000305175781,86.56999969482422,86.5999984741211,166
2023-10-06 02:00:00+00:00,86.70999908447266,86.98999786376953,86.70999908447266,86.80000305175781,75
2023-10-06 03:00:00+00:00,86.77999877929688,86.77999877929688,86.6500015258789,86.70999908447266,50
2023-10-06 04:00:00+00:00,86.81999969482422,86.87999725341797,86.7699966430664,86.77999877929688,57
2023-10-06 05:00:00+00:00,86.5999984741211,86.83999633789062,86.5999984741211,86.83000183105469,55
2023-10-06 06:00:00+00:00,86.69000244140625,86.69000244140625,86.55000305175781,86.55999755859375,60
2023-10-06 07:00:00+00:00,86.86000061035156,86.95999908447266,86.6500015258789,86.69000244140625,109
2023-10-06 08:00:00+00:00,87.47000122070312,87.47000122070312,86.8499984741211,86.86000061035156,387
2023-10-06 09:00:00+00:00,87.37000274658203,87.44999694824219,87.2300033569336,87.43000030517578,267
2023-10-06 10:00:00+00:00,87.38999938964844,87.5,87.29000091552734,87.3499984741211,312
2023-10-06 11:00:00+00:00,87.04000091552734,87.36000061035156,86.88999938964844,87.36000061035156,442
2023-10-06 12:00:00+00:00,86.88999938964844,87.04000091552734,86.55999755859375,87.04000091552734,2097
2023-10-06 13:00:00+00:00,86.75,87.08999633789062,86.62000274658203,86.88999938964844,1227
2023-10-06 14:00:00+00:00,86.87000274658203,86.9800033569336,86.5999984741211,86.73999786376953,1761
2023-10-06 15:00:00+00:00,87.31999969482422,87.45999908447266,86.81999969482422,86.83999633789062,1772
2023-10-06 16:00:00+00:00,87.05999755859375,87.33999633789062,86.94999694824219,87.33000183105469,850
2023-10-06 17:00:00+00:00,87.16999816894531,87.3499984741211,87.0,87.08000183105469,1349
2023-10-06 18:00:00+00:00,87.22000122070312,87.4000015258789,87.05000305175781,87.19000244140625,1925
2023-10-09 01:00:00+00:00,88.5,88.76000213623047,87.30999755859375,87.30999755859375,3241
2023-10-09 02:00:00+00:00,88.11000061035156,88.61000061035156,87.94000244140625,88.58000183105469,626
2023-10-09 03:00:00+00:00,88.33999633789062,88.37999725341797,88.12000274658203,88.12000274658203,245
2023-10-09 04:00:00+00:00,88.37999725341797,88.37999725341797,88.19999694824219,88.27999877929688,168
2023-10-09 05:00:00+00:00,88.27999877929688,88.48999786376953,88.19999694824219,88.3499984741211,378
2023-10-09 06:00:00+00:00,88.33999633789062,88.44999694824219,88.26000213623047,88.26000213623047,229
2023-10-09 07:00:00+00:00,88.26000213623047,88.47000122070312,88.26000213623047,88.33999633789062,218
2023-10-09 08:00:00+00:00,88.5,88.5999984741211,88.29000091552734,88.29000091552734,604
2023-10-09 09:00:00+00:00,88.55999755859375,88.5999984741211,88.44000244140625,88.4800033569336,366
2023-10-09 10:00:00+00:00,88.48999786376953,88.6500015258789,88.44999694824219,88.55000305175781,313
2023-10-09 11:00:00+00:00,88.52999877929688,88.58000183105469,88.36000061035156,88.51000213623047,289
2023-10-09 12:00:00+00:00,88.25,88.68000030517578,88.19999694824219,88.5999984741211,1034
2023-10-09 13:00:00+00:00,88.01000213623047,88.56999969482422,87.9000015258789,88.23999786376953,1936
2023-10-09 14:00:00+00:00,87.62000274658203,88.11000061035156,87.51000213623047,88.0,2632
2023-10-09 15:00:00+00:00,87.0,87.58000183105469,86.8499984741211,87.58000183105469,3860
2023-10-09 16:00:00+00:00,87.08999633789062,87.1500015258789,86.91000366210938,87.0,2269
2023-10-09 17:00:00+00:00,87.16000366210938,87.30000305175781,86.9000015258789,87.06999969482422,1659
2023-10-09 18:00:00+00:00,87.05000305175781,87.1500015258789,86.77999877929688,87.12999725341797,0
2023-10-10 01:00:00+00:00,86.91000366210938,87.37000274658203,86.77999877929688,87.0999984741211,678
2023-10-10 02:00:00+00:00,86.45999908447266,87.0199966430664,86.19999694824219,86.94000244140625,1028
2023-10-10 03:00:00+00:00,86.4000015258789,86.44999694824219,86.20999908447266,86.4000015258789,604
2023-10-10 04:00:00+00:00,86.58000183105469,86.58000183105469,86.4000015258789,86.47000122070312,64
2023-10-10 05:00:00+00:00,86.30999755859375,86.5999984741211,86.30000305175781,86.55999755859375,184
2023-10-10 06:00:00+00:00,86.16999816894531,86.3499984741211,86.1500015258789,86.30000305175781,609
2023-10-10 07:00:00+00:00,86.48999786376953,86.54000091552734,86.18000030517578,86.19999694824219,561
2023-10-10 08:00:00+00:00,86.41999816894531,86.52999877929688,86.33999633789062,86.52999877929688,290
2023-10-10 09:00:00+00:00,86.12000274658203,86.38999938964844,86.0999984741211,86.36000061035156,365
2023-10-10 10:00:00+00:00,85.9800033569336,86.13999938964844,85.91999816894531,86.12999725341797,1098
2023-10-10 11:00:00+00:00,86.0199966430664,86.18000030517578,85.95999908447266,85.95999908447266,450
2023-10-10 12:00:00+00:00,85.9000015258789,86.08999633789062,85.86000061035156,86.01000213623047,1708
2023-10-10 13:00:00+00:00,85.97000122070312,86.20999908447266,85.81999969482422,85.91999816894531,3337
2023-10-10 14:00:00+00:00,86.02999877929688,86.30000305175781,85.94999694824219,85.98999786376953,2111
2023-10-10 15:00:00+00:00,85.72000122070312,86.06999969482422,85.68000030517578,86.02999877929688,3571
2023-10-10 16:00:00+00:00,85.44000244140625,85.73999786376953,85.36000061035156,85.72000122070312,5225
2023-10-10 17:00:00+00:00,85.51000213623047,85.77999877929688,85.36000061035156,85.44000244140625,2994
2023-10-10 18:00:00+00:00,85.44999694824219,85.5,85.36000061035156,85.5,0
2023-10-11 01:00:00+00:00,85.77999877929688,86.06999969482422,85.5,85.5,702
2023-10-11 02:00:00+00:00,85.77999877929688,85.93000030517578,85.62000274658203,85.8499984741211,469
2023-10-11 03:00:00+00:00,85.77999877929688,85.80999755859375,85.5199966430664,85.76000213623047,234
2023-10-11 04:00:00+00:00,85.9800033569336,86.1500015258789,85.81999969482422,85.81999969482422,372
2023-10-11 05:00:00+00:00,85.69999694824219,86.0,85.66999816894531,85.9800033569336,125
2023-10-11 06:00:00+00:00,85.20999908447266,85.66000366210938,85.19999694824219,85.63999938964844,1565
2023-10-11 07:00:00+00:00,85.31999969482422,85.4000015258789,85.25,85.29000091552734,329
2023-10-11 08:00:00+00:00,85.05999755859375,85.30999755859375,85.01000213623047,85.30999755859375,1402
2023-10-11 09:00:00+00:00,85.04000091552734,85.1500015258789,85.02999877929688,85.06999969482422,206
2023-10-11 10:00:00+00:00,85.01000213623047,85.08000183105469,85.01000213623047,85.04000091552734,364
2023-10-11 11:00:00+00:00,85.0999984741211,85.13999938964844,84.9000015258789,85.01000213623047,1424
2023-10-11 12:00:00+00:00,84.93000030517578,85.0999984741211,84.80000305175781,85.0999984741211,1781
2023-10-11 13:00:00+00:00,84.9000015258789,85.26000213623047,84.76000213623047,84.94999694824219,3334
2023-10-11 14:00:00+00:00,84.62000274658203,85.1500015258789,84.55000305175781,84.86000061035156,4256
2023-10-11 15:00:00+00:00,85.11000061035156,85.11000061035156,84.37999725341797,84.62999725341797,4905
2023-10-11 16:00:00+00:00,85.43000030517578,85.5999984741211,85.12999725341797,85.12999725341797,3077
2023-10-11 17:00:00+00:00,85.02999877929688,85.45999908447266,84.9800033569336,85.45999908447266,2046
2023-10-11 18:00:00+00:00,85.19999694824219,85.2300033569336,84.88999938964844,85.05000305175781,0
2023-10-12 01:00:00+00:00,85.04000091552734,85.19000244140625,84.68000030517578,85.01000213623047,725
2023-10-12 02:00:00+00:00,84.72000122070312,85.04000091552734,84.66999816894531,85.04000091552734,677
2023-10-12 03:00:00+00:00,84.97000122070312,84.97000122070312,84.55000305175781,84.7300033569336,352
2023-10-12 04:00:00+00:00,85.01000213623047,85.04000091552734,84.95999908447266,84.97000122070312,28
2023-10-12 05:00:00+00:00,84.5999984741211,85.27999877929688,84.5,85.04000091552734,597
2023-10-12 06:00:00+00:00,85.19999694824219,85.33000183105469,84.55999755859375,84.5999984741211,387
2023-10-12 07:00:00+00:00,85.23999786376953,85.3499984741211,85.13999938964844,85.19000244140625,109
2023-10-12 08:00:00+00:00,85.29000091552734,85.31999969482422,85.16999816894531,85.22000122070312,164
2023-10-12 09:00:00+00:00,85.13999938964844,85.30000305175781,85.05000305175781,85.30000305175781,240
2023-10-12 10:00:00+00:00,85.6500015258789,85.69999694824219,85.12999725341797,85.12999725341797,524
2023-10-12 11:00:00+00:00,85.47000122070312,85.69999694824219,85.41000366210938,85.6500015258789,419
2023-10-12 12:00:00+00:00,85.19999694824219,85.51000213623047,85.04000091552734,85.44999694824219,1142
2023-10-12 13:00:00+00:00,84.62999725341797,85.31999969482422,84.44000244140625,85.20999908447266,2768
2023-10-12 14:00:00+00:00,85.19000244140625,85.41999816894531,84.62000274658203,84.62999725341797,2964
2023-10-12 15:00:00+00:00,84.2300033569336,85.19999694824219,84.13999938964844,85.19999694824219,3969
2023-10-12 16:00:00+00:00,85.20999908447266,85.4000015258789,84.23999786376953,84.23999786376953,3712
2023-10-12 17:00:00+00:00,84.93000030517578,85.20999908447266,84.80999755859375,85.20999908447266,2190
2023-10-12 18:00:00+00:00,84.93000030517578,84.98999786376953,84.83999633789062,84.94999694824219,0
2023-10-13 01:00:00+00:00,84.88999938964844,85.19999694824219,84.7300033569336,85.0999984741211,372
2023-10-13 02:00:00+00:00,84.91999816894531,85.0,84.80000305175781,84.83000183105469,95
2023-10-13 03:00:00+00:00,85.05000305175781,85.0999984741211,84.94999694824219,84.95999908447266,141
2023-10-13 04:00:00+00:00,85.0999984741211,85.16999816894531,85.05000305175781,85.0999984741211,59
2023-10-13 05:00:00+00:00,85.30000305175781,85.30000305175781,85.0,85.05999755859375,122
2023-10-13 06:00:00+00:00,85.70999908447266,85.80000305175781,85.26000213623047,85.2699966430664,598
2023-10-13 07:00:00+00:00,85.76000213623047,85.8499984741211,85.61000061035156,85.6500015258789,125
2023-10-13 08:00:00+00:00,85.79000091552734,85.91999816894531,85.66999816894531,85.66999816894531,218
2023-10-13 09:00:00+00:00,85.94999694824219,85.95999908447266,85.66999816894531,85.76000213623047,225
2023-10-13 10:00:00+00:00,85.9000015258789,85.95999908447266,85.7699966430664,85.94999694824219,477
2023-10-13 11:00:00+00:00,85.87999725341797,85.9800033569336,85.69000244140625,85.87999725341797,478
2023-10-13 12:00:00+00:00,85.95999908447266,85.97000122070312,85.5,85.83000183105469,1596
2023-10-13 13:00:00+00:00,85.54000091552734,86.22000122070312,85.44000244140625,85.94999694824219,3389
2023-10-13 14:00:00+00:00,85.88999938964844,85.94999694824219,85.25,85.51000213623047,3600
2023-10-13 15:00:00+00:00,86.12000274658203,86.48999786376953,85.83999633789062,85.87999725341797,2772
2023-10-13 16:00:00+00:00,86.27999877929688,86.45999908447266,86.08999633789062,86.0999984741211,1574
2023-10-13 17:00:00+00:00,86.13999938964844,86.30999755859375,86.11000061035156,86.27999877929688,2070
2023-10-13 18:00:00+00:00,86.1500015258789,86.20999908447266,86.0,86.12999725341797,1921
2023-10-16 01:00:00+00:00,85.93000030517578,86.2300033569336,85.81999969482422,86.19999694824219,737
2023-10-16 02:00:00+00:00,86.0,86.08000183105469,85.8499984741211,85.8499984741211,103
2023-10-16 03:00:00+00:00,85.77999877929688,86.0,85.6500015258789,86.0,133
2023-10-16 04:00:00+00:00,86.06999969482422,86.06999969482422,85.77999877929688,85.80000305175781,0
2023-10-16 05:00:00+00:00,85.69000244140625,86.05999755859375,85.5999984741211,86.0,1240
2023-10-16 06:00:00+00:00,85.54000091552734,85.76000213623047,85.43000030517578,85.63999938964844,409
2023-10-16 07:00:00+00:00,85.45999908447266,85.66000366210938,85.41000366210938,85.55000305175781,110
2023-10-16 08:00:00+00:00,85.1500015258789,85.51000213623047,85.12999725341797,85.47000122070312,704
2023-10-16 09:00:00+00:00,85.22000122070312,85.30000305175781,85.12999725341797,85.1500015258789,220
2023-10-16 10:00:00+00:00,85.37999725341797,85.45999908447266,85.22000122070312,85.25,232
2023-10-16 11:00:00+00:00,85.33000183105469,85.4800033569336,85.2699966430664,85.37999725341797,238
2023-10-16 12:00:00+00:00,85.02999877929688,85.44999694824219,85.01000213623047,85.3499984741211,1268
2023-10-16 13:00:00+00:00,84.7699966430664,85.19999694824219,84.58000183105469,85.05999755859375,4498
2023-10-16 14:00:00+00:00,85.44000244140625,85.79000091552734,84.69999694824219,84.77999877929688,3748
2023-10-16 15:00:00+00:00,85.5999984741211,86.01000213623047,85.47000122070312,85.47000122070312,2380
2023-10-16 16:00:00+00:00,85.30999755859375,85.58999633789062,85.20999908447266,85.58999633789062,1958
2023-10-16 17:00:00+00:00,85.4000015258789,85.44000244140625,85.0999984741211,85.31999969482422,3948
2023-10-16 18:00:00+00:00,85.13999938964844,85.37999725341797,85.08000183105469,85.37999725341797,0
2023-10-17 01:00:00+00:00,84.5,85.08000183105469,84.5,84.93000030517578,1151
2023-10-17 02:00:00+00:00,84.55999755859375,84.69000244140625,84.5,84.52999877929688,243
2023-10-17 03:00:00+00:00,84.8499984741211,84.8499984741211,84.5199966430664,84.5999984741211,109
2023-10-17 04:00:00+00:00,84.7699966430664,84.97000122070312,84.7699966430664,84.87000274658203,98
2023-10-17 05:00:00+00:00,84.55000305175781,84.77999877929688,84.51000213623047,84.77999877929688,200
2023-10-17 06:00:00+00:00,84.54000091552734,84.69000244140625,84.44000244140625,84.61000061035156,379
2023-10-17 07:00:00+00:00,84.44000244140625,84.75,84.4000015258789,84.48999786376953,272
2023-10-17 08:00:00+00:00,84.4000015258789,84.4800033569336,84.30000305175781,84.4000015258789,308
2023-10-17 09:00:00+00:00,84.36000061035156,84.41999816894531,84.3499984741211,84.4000015258789,154
2023-10-17 10:00:00+00:00,84.33000183105469,84.38999938964844,84.2699966430664,84.38999938964844,246
2023-10-17 11:00:00+00:00,84.38999938964844,84.44000244140625,84.26000213623047,84.33000183105469,403
2023-10-17 12:00:00+00:00,84.44999694824219,84.61000061035156,84.20999908447266,84.33000183105469,1292
2023-10-17 13:00:00+00:00,84.0999984741211,84.47000122070312,84.08000183105469,84.44000244140625,3608
2023-10-17 14:00:00+00:00,83.62000274658203,84.20999908447266,83.61000061035156,84.08999633789062,5250
2023-10-17 15:00:00+00:00,83.02999877929688,83.81999969482422,83.01000213623047,83.4000015258789,7222
2023-10-17 16:00:00+00:00,83.08000183105469,83.4000015258789,82.97000122070312,83.02999877929688,4381
2023-10-17 17:00:00+00:00,83.51000213623047,83.69999694824219,83.05999755859375,83.06999969482422,2442
2023-10-17 18:00:00+00:00,83.11000061035156,83.58000183105469,83.08999633789062,83.5199966430664,0
2023-10-18 01:00:00+00:00,83.01000213623047,83.37999725341797,82.91000366210938,83.30999755859375,1263
2023-10-18 02:00:00+00:00,83.04000091552734,83.5199966430664,82.93000030517578,83.04000091552734,377
2023-10-18 03:00:00+00:00,83.37000274658203,83.38999938964844,83.06999969482422,83.06999969482422,132
2023-10-18 04:00:00+00:00,83.25,83.44000244140625,83.18000030517578,83.44000244140625,99
2023-10-18 05:00:00+00:00,82.86000061035156,83.2300033569336,82.75,83.19999694824219,543
2023-10-18 06:00:00+00:00,83.08000183105469,83.12999725341797,82.75,82.79000091552734,670
2023-10-18 07:00:00+00:00,83.33000183105469,83.33999633789062,83.0,83.08000183105469,459
2023-10-18 08:00:00+00:00,83.08999633789062,83.30999755859375,83.08999633789062,83.2699966430664,404
2023-10-18 09:00:00+00:00,83.20999908447266,83.23999786376953,83.0199966430664,83.08000183105469,389
2023-10-18 10:00:00+00:00,82.98999786376953,83.23999786376953,82.91999816894531,83.19999694824219,425
2023-10-18 11:00:00+00:00,82.56999969482422,82.98999786376953,82.54000091552734,82.95999908447266,1363
2023-10-18 12:00:00+00:00,82.26000213623047,82.68000030517578,82.20999908447266,82.58000183105469,4732
2023-10-18 13:00:00+00:00,82.19000244140625,82.4000015258789,82.01000213623047,82.22000122070312,3713
2023-10-18 14:00:00+00:00,83.2300033569336,83.41000366210938,82.08999633789062,82.19000244140625,6819
2023-10-18 15:00:00+00:00,83.72000122070312,83.80000305175781,83.20999908447266,83.4800033569336,5542
2023-10-18 16:00:00+00:00,83.7699966430664,83.9800033569336,83.66999816894531,83.72000122070312,3061
2023-10-18 17:00:00+00:00,84.26000213623047,84.5,83.75,83.76000213623047,3360
2023-10-18 18:00:00+00:00,84.31999969482422,84.41999816894531,84.08000183105469,84.25,0
2023-10-19 01:00:00+00:00,83.7699966430664,84.23999786376953,83.38999938964844,84.18000030517578,1123
2023-10-19 02:00:00+00:00,83.87999725341797,83.87999725341797,83.72000122070312,83.80000305175781,45
2023-10-19 03:00:00+00:00,83.69999694824219,83.87999725341797,83.69999694824219,83.87999725341797,28
2023-10-19 04:00:00+00:00,83.77999877929688,83.77999877929688,83.69999694824219,83.7300033569336,13
2023-10-19 05:00:00+00:00,83.58000183105469,83.94999694824219,83.52999877929688,83.80000305175781,167
2023-10-19 06:00:00+00:00,83.48999786376953,83.69000244140625,83.48999786376953,83.62000274658203,100
2023-10-19 07:00:00+00:00,83.4000015258789,83.56999969482422,83.33000183105469,83.4800033569336,1486
2023-10-19 08:00:00+00:00,83.4000015258789,83.51000213623047,83.3499984741211,83.36000061035156,107
2023-10-19 09:00:00+00:00,83.31999969482422,83.5,83.31999969482422,83.41000366210938,250
2023-10-19 10:00:00+00:00,83.43000030517578,83.51000213623047,83.31999969482422,83.36000061035156,141
2023-10-19 11:00:00+00:00,83.0,83.47000122070312,82.9000015258789,83.44000244140625,726
2023-10-19 12:00:00+00:00,82.55000305175781,83.27999877929688,82.41000366210938,83.06999969482422,1679
2023-10-19 13:00:00+00:00,82.75,82.9800033569336,82.5,82.52999877929688,2582
2023-10-19 14:00:00+00:00,83.54000091552734,83.66999816894531,82.7300033569336,82.73999786376953,3337
2023-10-19 15:00:00+00:00,84.12999725341797,84.2300033569336,83.51000213623047,83.51000213623047,3896
2023-10-19 16:00:00+00:00,84.16999816894531,84.27999877929688,83.93000030517578,84.11000061035156,1739
2023-10-19 17:00:00+00:00,84.05999755859375,84.38999938964844,84.05999755859375,84.1500015258789,1526
2023-10-19 18:00:00+00:00,84.2699966430664,84.37000274658203,84.04000091552734,84.0999984741211,0
2023-10-20 01:00:00+00:00,83.61000061035156,84.12999725341797,83.61000061035156,84.11000061035156,534
2023-10-20 02:00:00+00:00,83.37999725341797,83.77999877929688,83.30000305175781,83.5999984741211,361
2023-10-20 03:00:00+00:00,83.69000244140625,83.69000244140625,83.36000061035156,83.36000061035156,97
2023-10-20 04:00:00+00:00,83.7300033569336,83.73999786376953,83.5,83.61000061035156,100
2023-10-20 05:00:00+00:00,83.3499984741211,83.75,83.30000305175781,83.68000030517578,841
2023-10-20 06:00:00+00:00,82.9800033569336,83.4000015258789,82.91999816894531,83.3499984741211,911
2023-10-20 07:00:00+00:00,83.12999725341797,83.20999908447266,82.87999725341797,82.97000122070312,376
2023-10-20 08:00:00+00:00,83.11000061035156,83.19000244140625,83.06999969482422,83.11000061035156,239
2023-10-20 09:00:00+00:00,82.75,83.11000061035156,82.75,83.0999984741211,826
2023-10-20 10:00:00+00:00,82.9000015258789,83.08999633789062,82.80000305175781,82.80000305175781,401
2023-10-20 11:00:00+00:00,82.8499984741211,82.97000122070312,82.76000213623047,82.91000366210938,552
2023-10-20 12:00:00+00:00,82.55000305175781,82.87999725341797,82.3499984741211,82.83000183105469,3264
2023-10-20 13:00:00+00:00,82.11000061035156,82.68000030517578,82.05000305175781,82.52999877929688,4321
2023-10-20 14:00:00+00:00,82.33999633789062,82.36000061035156,81.51000213623047,82.12000274658203,8835
2023-10-20 15:00:00+00:00,82.48999786376953,82.55000305175781,81.98999786376953,82.36000061035156,2827
2023-10-20 16:00:00+00:00,82.61000061035156,82.81999969482422,82.27999877929688,82.48999786376953,2185
2023-10-20 17:00:00+00:00,82.44999694824219,82.58999633789062,82.27999877929688,82.58999633789062,1837
2023-10-20 18:00:00+00:00,82.44000244140625,82.56999969482422,82.3499984741211,82.45999908447266,2859
2023-10-23 01:00:00+00:00,81.69000244140625,82.29000091552734,81.69000244140625,82.29000091552734,1030
2023-10-23 02:00:00+00:00,82.0,82.0999984741211,81.73999786376953,81.76000213623047,190
2023-10-23 03:00:00+00:00,81.80999755859375,82.13999938964844,81.80000305175781,82.0999984741211,59
2023-10-23 04:00:00+00:00,81.87000274658203,81.87000274658203,81.87000274658203,81.87000274658203,6
2023-10-23 05:00:00+00:00,81.81999969482422,81.87999725341797,81.7699966430664,81.81999969482422,59
2023-10-23 06:00:00+00:00,81.79000091552734,81.94999694824219,81.68000030517578,81.81999969482422,246
2023-10-23 07:00:00+00:00,81.83000183105469,81.83999633789062,81.73999786376953,81.73999786376953,48
2023-10-23 08:00:00+00:00,81.98999786376953,81.98999786376953,81.7699966430664,81.81999969482422,155
2023-10-23 09:00:00+00:00,81.7300033569336,81.97000122070312,81.69999694824219,81.94000244140625,399
2023-10-23 10:00:00+00:00,81.80000305175781,81.80000305175781,81.68000030517578,81.70999908447266,282
2023-10-23 11:00:00+00:00,82.19000244140625,82.19999694824219,81.76000213623047,81.80000305175781,517
2023-10-23 12:00:00+00:00,83.20999908447266,83.36000061035156,82.11000061035156,82.19000244140625,3335
2023-10-23 13:00:00+00:00,82.79000091552734,83.26000213623047,82.79000091552734,83.20999908447266,4549
2023-10-23 14:00:00+00:00,84.79000091552734,84.9000015258789,82.80000305175781,82.80000305175781,9366
2023-10-23 15:00:00+00:00,84.2300033569336,84.9000015258789,83.94999694824219,84.79000091552734,4443
2023-10-23 16:00:00+00:00,84.2699966430664,84.38999938964844,84.0,84.19999694824219,3009
2023-10-23 17:00:00+00:00,83.87000274658203,84.30000305175781,83.77999877929688,84.30000305175781,2339
2023-10-23 18:00:00+00:00,83.83000183105469,83.97000122070312,83.68000030517578,83.8499984741211,0
2023-10-24 01:00:00+00:00,83.5999984741211,83.98999786376953,83.3499984741211,83.7300033569336,376
2023-10-24 02:00:00+00:00,83.68000030517578,83.69000244140625,83.55000305175781,83.58999633789062,39
2023-10-24 03:00:00+00:00,84.08999633789062,84.16000366210938,83.69000244140625,83.69000244140625,86
2023-10-24 04:00:00+00:00,83.88999938964844,84.08999633789062,83.88999938964844,84.04000091552734,32
2023-10-24 05:00:00+00:00,83.9800033569336,84.0199966430664,83.69000244140625,83.98999786376953,87
2023-10-24 06:00:00+00:00,84.30000305175781,84.30000305175781,83.9000015258789,83.93000030517578,97
2023-10-24 07:00:00+00:00,84.19000244140625,84.44000244140625,84.1500015258789,84.30000305175781,87
2023-10-24 08:00:00+00:00,83.93000030517578,84.30000305175781,83.77999877929688,84.23999786376953,275
2023-10-24 09:00:00+00:00,83.61000061035156,83.97000122070312,83.41999816894531,83.87000274658203,421
2023-10-24 10:00:00+00:00,83.63999938964844,83.7699966430664,83.41000366210938,83.62999725341797,326
2023-10-24 11:00:00+00:00,83.91000366210938,83.94000244140625,83.4800033569336,83.63999938964844,310
2023-10-24 12:00:00+00:00,83.8499984741211,84.0999984741211,83.55000305175781,83.94999694824219,1410
2023-10-24 13:00:00+00:00,83.48999786376953,83.93000030517578,83.33999633789062,83.81999969482422,3169
2023-10-24 14:00:00+00:00,83.16999816894531,83.81999969482422,83.11000061035156,83.51000213623047,2781
2023-10-24 15:00:00+00:00,82.80000305175781,83.25,82.56999969482422,83.16999816894531,3152
2023-10-24 16:00:00+00:00,82.9800033569336,83.13999938964844,82.73999786376953,82.81999969482422,1622
2023-10-24 17:00:00+00:00,83.0,83.19999694824219,82.86000061035156,83.01000213623047,2101
2023-10-24 18:00:00+00:00,82.81999969482422,83.22000122070312,82.80000305175781,82.9800033569336,0
2023-10-25 01:00:00+00:00,82.8499984741211,83.22000122070312,82.77999877929688,82.77999877929688,194
2023-10-25 02:00:00+00:00,82.9000015258789,82.91000366210938,82.80000305175781,82.88999938964844,47
2023-10-25 03:00:00+00:00,82.88999938964844,82.93000030517578,82.83999633789062,82.87999725341797,20
2023-10-25 04:00:00+00:00,82.87999725341797,82.98999786376953,82.80000305175781,82.94000244140625,47
2023-10-25 05:00:00+00:00,82.7699966430664,82.8499984741211,82.7300033569336,82.83999633789062,108
2023-10-25 06:00:00+00:00,82.81999969482422,82.9000015258789,82.77999877929688,82.79000091552734,93
2023-10-25 07:00:00+00:00,82.98999786376953,83.05999755859375,82.81999969482422,82.87000274658203,106
2023-10-25 08:00:00+00:00,82.9800033569336,83.05999755859375,82.94000244140625,83.04000091552734,76
2023-10-25 09:00:00+00:00,83.1500015258789,83.1500015258789,82.86000061035156,82.95999908447266,128
2023-10-25 10:00:00+00:00,83.20999908447266,83.29000091552734,82.94999694824219,83.16999816894531,404
2023-10-25 11:00:00+00:00,83.37000274658203,83.55000305175781,82.88999938964844,83.19000244140625,511
2023-10-25 12:00:00+00:00,83.69000244140625,83.77999877929688,83.3499984741211,83.36000061035156,1532
2023-10-25 13:00:00+00:00,83.68000030517578,84.0,83.56999969482422,83.68000030517578,2700
2023-10-25 14:00:00+00:00,83.5199966430664,83.75,83.4000015258789,83.69000244140625,2200
2023-10-25 15:00:00+00:00,83.8499984741211,84.16000366210938,83.5,83.51000213623047,2016
2023-10-25 16:00:00+00:00,83.93000030517578,84.11000061035156,83.80999755859375,83.87000274658203,1665
2023-10-25 17:00:00+00:00,83.7699966430664,83.98999786376953,83.76000213623047,83.9000015258789,1303
2023-10-25 18:00:00+00:00,83.80000305175781,83.9000015258789,83.76000213623047,83.79000091552734,0
2023-10-26 01:00:00+00:00,83.7699966430664,83.8499984741211,83.51000213623047,83.76000213623047,203
2023-10-26 02:00:00+00:00,83.8499984741211,83.93000030517578,83.6500015258789,83.69000244140625,124
2023-10-26 03:00:00+00:00,83.77999877929688,83.87000274658203,83.77999877929688,83.87000274658203,4
2023-10-26 04:00:00+00:00,83.83999633789062,83.94000244140625,83.80000305175781,83.81999969482422,87
2023-10-26 05:00:00+00:00,83.77999877929688,83.9000015258789,83.75,83.83999633789062,86
2023-10-26 06:00:00+00:00,83.91000366210938,83.9800033569336,83.70999908447266,83.79000091552734,127
2023-10-26 07:00:00+00:00,83.9000015258789,83.95999908447266,83.80000305175781,83.94999694824219,78
2023-10-26 08:00:00+00:00,84.08000183105469,84.11000061035156,83.83000183105469,83.91000366210938,265
2023-10-26 09:00:00+00:00,84.4000015258789,84.41999816894531,84.05000305175781,84.06999969482422,263
2023-10-26 10:00:00+00:00,84.37999725341797,84.44999694824219,84.16000366210938,84.41000366210938,361
2023-10-26 11:00:00+00:00,83.95999908447266,84.30999755859375,83.66999816894531,84.30999755859375,753
2023-10-26 12:00:00+00:00,83.97000122070312,84.19999694824219,83.73999786376953,83.97000122070312,1141
2023-10-26 13:00:00+00:00,84.8499984741211,84.9800033569336,83.72000122070312,83.95999908447266,3056
2023-10-26 14:00:00+00:00,85.02999877929688,85.19999694824219,84.0,84.83000183105469,5597
2023-10-26 15:00:00+00:00,84.93000030517578,85.19999694824219,84.54000091552734,85.08999633789062,2368
2023-10-26 16:00:00+00:00,84.7699966430664,84.94999694824219,84.66999816894531,84.94000244140625,1212
2023-10-26 17:00:00+00:00,84.54000091552734,84.88999938964844,84.4000015258789,84.77999877929688,1571
2023-10-26 18:00:00+00:00,84.55000305175781,84.66000366210938,84.38999938964844,84.52999877929688,0
2023-10-27 01:00:00+00:00,84.4000015258789,84.77999877929688,84.29000091552734,84.77999877929688,202
2023-10-27 02:00:00+00:00,84.41999816894531,84.58000183105469,84.33000183105469,84.41999816894531,172
2023-10-27 03:00:00+00:00,84.37000274658203,84.5,84.26000213623047,84.45999908447266,114
2023-10-27 04:00:00+00:00,84.44000244140625,84.44000244140625,84.37000274658203,84.37000274658203,18
2023-10-27 05:00:00+00:00,84.76000213623047,84.79000091552734,84.37999725341797,84.37999725341797,216
2023-10-27 06:00:00+00:00,84.62999725341797,84.9000015258789,84.56999969482422,84.76000213623047,213
2023-10-27 07:00:00+00:00,84.76000213623047,84.76000213623047,84.52999877929688,84.63999938964844,68
2023-10-27 08:00:00+00:00,85.25,85.25,84.7300033569336,84.73999786376953,530
2023-10-27 09:00:00+00:00,85.1500015258789,85.3499984741211,85.0,85.23999786376953,395
2023-10-27 10:00:00+00:00,85.36000061035156,85.4000015258789,85.0999984741211,85.1500015258789,312
2023-10-27 11:00:00+00:00,85.11000061035156,85.30999755859375,85.05000305175781,85.30999755859375,277
2023-10-27 12:00:00+00:00,84.8499984741211,85.44000244140625,84.77999877929688,85.16000366210938,1577
2023-10-27 13:00:00+00:00,84.08999633789062,84.94999694824219,84.0,84.91999816894531,1727
2023-10-27 14:00:00+00:00,84.68000030517578,84.69000244140625,83.83000183105469,84.08999633789062,4650
2023-10-27 15:00:00+00:00,84.37999725341797,84.80999755859375,84.11000061035156,84.68000030517578,2538
2023-10-27 16:00:00+00:00,84.1500015258789,84.4000015258789,84.08999633789062,84.38999938964844,1600
2023-10-27 17:00:00+00:00,84.27999877929688,84.33000183105469,84.0199966430664,84.13999938964844,1142
2023-10-27 18:00:00+00:00,84.47000122070312,84.5,84.22000122070312,84.30000305175781,1394
2023-10-30 01:00:00+00:00,84.72000122070312,84.83000183105469,84.37999725341797,84.37999725341797,247
2023-10-30 02:00:00+00:00,84.5,84.66999816894531,84.5,84.66999816894531,51
2023-10-30 03:00:00+00:00,84.48999786376953,84.51000213623047,84.30000305175781,84.51000213623047,0
2023-10-30 04:00:00+00:00,84.44000244140625,84.5199966430664,84.44000244140625,84.5199966430664,618
2023-10-30 05:00:00+00:00,84.44999694824219,84.63999938964844,84.44999694824219,84.51000213623047,101
2023-10-30 06:00:00+00:00,84.56999969482422,84.5999984741211,84.5,84.5999984741211,34
2023-10-30 07:00:00+00:00,84.47000122070312,84.56999969482422,84.4000015258789,84.52999877929688,88
2023-10-30 08:00:00+00:00,84.62999725341797,84.66999816894531,84.44999694824219,84.47000122070312,402
2023-10-30 09:00:00+00:00,84.91000366210938,84.91000366210938,84.55999755859375,84.63999938964844,355
2023-10-30 10:00:00+00:00,84.97000122070312,85.12999725341797,84.9000015258789,84.91000366210938,667
2023-10-30 11:00:00+00:00,85.13999938964844,85.13999938964844,84.8499984741211,84.95999908447266,428
2023-10-30 12:00:00+00:00,85.13999938964844,85.25,84.94000244140625,85.13999938964844,1241
2023-10-30 13:00:00+00:00,84.73999786376953,85.16000366210938,84.56999969482422,85.12000274658203,1280
2023-10-30 14:00:00+00:00,83.68000030517578,84.7300033569336,83.66000366210938,84.7300033569336,3584
2023-10-30 15:00:00+00:00,83.56999969482422,83.81999969482422,83.36000061035156,83.68000030517578,2858
2023-10-30 16:00:00+00:00,83.29000091552734,83.58999633789062,83.2699966430664,83.56999969482422,2471
2023-10-30 17:00:00+00:00,83.11000061035156,83.2699966430664,83.01000213623047,83.26000213623047,2998
2023-10-30 18:00:00+00:00,82.87000274658203,83.13999938964844,82.79000091552734,83.11000061035156,0
2023-10-31 01:00:00+00:00,82.76000213623047,83.0999984741211,82.66999816894531,82.94999694824219,612
2023-10-31 02:00:00+00:00,82.47000122070312,82.87000274658203,82.44999694824219,82.76000213623047,766
2023-10-31 03:00:00+00:00,82.58000183105469,82.66000366210938,82.45999908447266,82.47000122070312,130
2023-10-31 04:00:00+00:00,82.68000030517578,82.68000030517578,82.55000305175781,82.63999938964844,29
2023-10-31 05:00:00+00:00,82.7699966430664,82.7699966430664,82.68000030517578,82.68000030517578,136
2023-10-31 06:00:00+00:00,82.91000366210938,82.97000122070312,82.73999786376953,82.79000091552734,256
2023-10-31 07:00:00+00:00,82.8499984741211,82.98999786376953,82.80000305175781,82.93000030517578,127
2023-10-31 08:00:00+00:00,82.81999969482422,82.93000030517578,82.80000305175781,82.87000274658203,220
2023-10-31 09:00:00+00:00,82.87999725341797,82.94000244140625,82.68000030517578,82.8499984741211,227
2023-10-31 10:00:00+00:00,82.7699966430664,82.87000274658203,82.6500015258789,82.86000061035156,239
2023-10-31 11:00:00+00:00,82.66000366210938,82.80999755859375,82.61000061035156,82.76000213623047,253
2023-10-31 12:00:00+00:00,82.75,82.97000122070312,82.55000305175781,82.62999725341797,1064
2023-10-31 13:00:00+00:00,82.16000366210938,82.81999969482422,82.11000061035156,82.75,3234
2023-10-31 14:00:00+00:00,81.86000061035156,82.56999969482422,81.86000061035156,82.1500015258789,4216
2023-10-31 15:00:00+00:00,81.80999755859375,82.2300033569336,81.7699966430664,81.87999725341797,3277
2023-10-31 16:00:00+00:00,81.62000274658203,81.83000183105469,81.58999633789062,81.80000305175781,2736
2023-10-31 17:00:00+00:00,81.22000122070312,81.75,81.16000366210938,81.63999938964844,5173
2023-10-31 18:00:00+00:00,81.2300033569336,81.31999969482422,81.1500015258789,81.20999908447266,0
2023-11-01 01:00:00+00:00,80.80000305175781,81.37999725341797,80.75,81.37999725341797,1005
2023-11-01 02:00:00+00:00,81.1500015258789,81.19999694824219,80.79000091552734,80.8499984741211,127
2023-11-01 03:00:00+00:00,81.05999755859375,81.22000122070312,80.93000030517578,81.13999938964844,103
2023-11-01 04:00:00+00:00,80.97000122070312,81.05999755859375,80.97000122070312,81.02999877929688,8
2023-11-01 05:00:00+00:00,81.0999984741211,81.12999725341797,81.0,81.01000213623047,86
2023-11-01 06:00:00+00:00,80.87999725341797,81.16000366210938,80.80999755859375,81.08999633789062,187
2023-11-01 07:00:00+00:00,80.91999816894531,83.26000213623047,80.87000274658203,80.94999694824219,104
2023-11-01 08:00:00+00:00,80.6500015258789,83.2300033569336,80.62000274658203,80.87999725341797,521
2023-11-01 09:00:00+00:00,80.69000244140625,83.19000244140625,80.51000213623047,80.62999725341797,545
2023-11-01 10:00:00+00:00,80.79000091552734,83.16000366210938,80.62999725341797,80.66999816894531,186
2023-11-01 11:00:00+00:00,82.98999786376953,83.16000366210938,80.55999755859375,80.79000091552734,0
2023-11-01 12:00:00+00:00,83.12000274658203,83.37000274658203,80.63999938964844,80.63999938964844,546
2023-11-01 13:00:00+00:00,82.98999786376953,83.18000030517578,82.61000061035156,83.13999938964844,2293
2023-11-01 14:00:00+00:00,82.58999633789062,83.08999633789062,82.44000244140625,83.02999877929688,3307
2023-11-01 15:00:00+00:00,81.97000122070312,82.62999725341797,81.91000366210938,82.58999633789062,2786
2023-11-01 16:00:00+00:00,81.77999877929688,82.16000366210938,81.7300033569336,81.94999694824219,2352
2023-11-01 17:00:00+00:00,81.91000366210938,81.98999786376953,81.62000274658203,81.76000213623047,2770
2023-11-01 18:00:00+00:00,81.63999938964844,81.94999694824219,81.62999725341797,81.93000030517578,0
2023-11-02 01:00:00+00:00,82.11000061035156,82.26000213623047,81.79000091552734,81.80000305175781,358
2023-11-02 02:00:00+00:00,81.94999694824219,82.11000061035156,81.94999694824219,82.11000061035156,134
2023-11-02 03:00:00+00:00,81.87999725341797,81.91999816894531,81.83000183105469,81.87999725341797,35
2023-11-02 04:00:00+00:00,81.80000305175781,81.94000244140625,81.80000305175781,81.9000015258789,33
2023-11-02 05:00:00+00:00,81.7300033569336,81.80000305175781,81.7300033569336,81.75,9
2023-11-02 06:00:00+00:00,81.94999694824219,82.0199966430664,81.68000030517578,81.69999694824219,118
2023-11-02 07:00:00+00:00,82.02999877929688,82.06999969482422,81.83000183105469,81.87000274658203,223
2023-11-02 08:00:00+00:00,82.18000030517578,82.31999969482422,82.0,82.04000091552734,211
2023-11-02 09:00:00+00:00,81.9800033569336,82.16000366210938,81.93000030517578,82.0999984741211,47
2023-11-02 10:00:00+00:00,82.05000305175781,82.05999755859375,81.94999694824219,81.97000122070312,125
2023-11-02 11:00:00+00:00,82.0,82.12000274658203,81.93000030517578,82.01000213623047,252
2023-11-02 12:00:00+00:00,82.4000015258789,82.62999725341797,81.93000030517578,81.93000030517578,1937
2023-11-02 13:00:00+00:00,82.16000366210938,82.44999694824219,81.80000305175781,82.3499984741211,2145
2023-11-02 14:00:00+00:00,82.9000015258789,82.9800033569336,82.13999938964844,82.13999938964844,2377
2023-11-02 15:00:00+00:00,82.80000305175781,82.87999725341797,82.44000244140625,82.87999725341797,1694
2023-11-02 16:00:00+00:00,82.27999877929688,82.88999938964844,82.27999877929688,82.80000305175781,2241
2023-11-02 17:00:00+00:00,82.30000305175781,82.37999725341797,82.12000274658203,82.30999755859375,1435
2023-11-02 18:00:00+00:00,82.2300033569336,82.31999969482422,82.16999816894531,82.29000091552734,0
2023-11-03 01:00:00+00:00,82.69999694824219,82.7699966430664,82.0,82.23999786376953,279
2023-11-03 02:00:00+00:00,82.80000305175781,82.8499984741211,82.70999908447266,82.70999908447266,120
2023-11-03 03:00:00+00:00,82.69000244140625,82.80000305175781,82.69000244140625,82.73999786376953,13
2023-11-03 05:00:00+00:00,82.69999694824219,82.75,82.69999694824219,82.69999694824219,95
2023-11-03 06:00:00+00:00,82.69999694824219,82.79000091552734,82.68000030517578,82.70999908447266,272
2023-11-03 07:00:00+00:00,82.5999984741211,82.72000122070312,82.5999984741211,82.69000244140625,87
2023-11-03 08:00:00+00:00,82.61000061035156,82.63999938964844,82.52999877929688,82.56999969482422,110
2023-11-03 09:00:00+00:00,82.45999908447266,82.61000061035156,82.27999877929688,82.5999984741211,216
2023-11-03 10:00:00+00:00,82.26000213623047,82.41000366210938,82.25,82.37999725341797,100
2023-11-03 11:00:00+00:00,82.30000305175781,82.44000244140625,82.30000305175781,82.31999969482422,129
2023-11-03 12:00:00+00:00,82.13999938964844,82.23999786376953,81.73999786376953,82.23999786376953,1593
2023-11-03 13:00:00+00:00,82.44000244140625,82.52999877929688,81.94999694824219,82.12999725341797,1233
2023-11-03 14:00:00+00:00,82.02999877929688,82.4800033569336,82.0199966430664,82.45999908447266,1300
2023-11-03 15:00:00+00:00,82.19999694824219,82.23999786376953,81.8499984741211,82.05000305175781,977
2023-11-03 16:00:00+00:00,82.0999984741211,82.26000213623047,81.88999938964844,82.22000122070312,1519
2023-11-03 17:00:00+00:00,82.16000366210938,82.2699966430664,82.06999969482422,82.12000274658203,1859
2023-11-03 18:00:00+00:00,82.06999969482422,82.19999694824219,81.98999786376953,82.16999816894531,1727
2023-11-06 02:00:00+00:00,82.1500015258789,82.47000122070312,81.91000366210938,82.0,164
2023-11-06 03:00:00+00:00,82.19999694824219,82.20999908447266,82.12000274658203,82.12000274658203,41
2023-11-06 04:00:00+00:00,82.0999984741211,82.0999984741211,82.0999984741211,82.0999984741211,1
2023-11-06 05:00:00+00:00,82.36000061035156,82.43000030517578,82.19000244140625,82.19000244140625,61
2023-11-06 06:00:00+00:00,82.2699966430664,82.30999755859375,82.19999694824219,82.30000305175781,43
2023-11-06 07:00:00+00:00,82.12999725341797,82.31999969482422,82.12999725341797,82.31999969482422,156
2023-11-06 08:00:00+00:00,82.20999908447266,82.25,82.12000274658203,82.12999725341797,90
2023-11-06 09:00:00+00:00,81.94000244140625,82.26000213623047,81.88999938964844,82.25,314
2023-11-06 10:00:00+00:00,81.86000061035156,82.02999877929688,81.83999633789062,81.87000274658203,196
2023-11-06 11:00:00+00:00,81.86000061035156,82.01000213623047,81.83999633789062,81.87000274658203,188
2023-11-06 12:00:00+00:00,81.56999969482422,81.86000061035156,81.4000015258789,81.86000061035156,748
2023-11-06 13:00:00+00:00,81.80000305175781,81.87000274658203,81.43000030517578,81.5199966430664,1237
2023-11-06 14:00:00+00:00,81.66999816894531,81.91999816894531,81.5999984741211,81.73999786376953,1117
2023-11-06 15:00:00+00:00,81.22000122070312,81.91000366210938,81.22000122070312,81.69000244140625,3505
2023-11-06 16:00:00+00:00,81.37000274658203,81.41000366210938,81.11000061035156,81.25,2131
2023-11-06 17:00:00+00:00,81.62999725341797,81.6500015258789,81.29000091552734,81.31999969482422,1662
2023-11-06 18:00:00+00:00,81.04000091552734,81.77999877929688,81.0,81.5999984741211,2073
2023-11-06 19:00:00+00:00,80.81999969482422,81.04000091552734,80.80000305175781,81.02999877929688,0
2023-11-07 02:00:00+00:00,81.08999633789062,81.16000366210938,80.75,80.88999938964844,859
2023-11-07 03:00:00+00:00,80.83999633789062,80.97000122070312,80.80000305175781,80.97000122070312,93
2023-11-07 04:00:00+00:00,80.86000061035156,80.94999694824219,80.86000061035156,80.86000061035156,33
2023-11-07 05:00:00+00:00,80.94000244140625,81.0,80.91000366210938,80.94999694824219,20
2023-11-07 06:00:00+00:00,80.80000305175781,80.97000122070312,80.68000030517578,80.94999694824219,308
2023-11-07 07:00:00+00:00,80.6500015258789,80.81999969482422,80.5999984741211,80.77999877929688,229
2023-11-07 08:00:00+00:00,80.62999725341797,80.66000366210938,80.55999755859375,80.62000274658203,253
2023-11-07 09:00:00+00:00,80.5999984741211,80.66999816894531,80.58000183105469,80.61000061035156,130
2023-11-07 10:00:00+00:00,80.58999633789062,80.66999816894531,80.55999755859375,80.58000183105469,358
2023-11-07 11:00:00+00:00,80.5199966430664,80.62000274658203,80.38999938964844,80.5999984741211,1599
2023-11-07 12:00:00+00:00,80.37000274658203,80.54000091552734,80.30999755859375,80.48999786376953,636
2023-11-07 13:00:00+00:00,80.31999969482422,80.47000122070312,80.12000274658203,80.36000061035156,2056
2023-11-07 14:00:00+00:00,80.13999938964844,80.30000305175781,79.70999908447266,80.29000091552734,4678
2023-11-07 15:00:00+00:00,79.75,80.31999969482422,79.68000030517578,80.16000366210938,3876
2023-11-07 16:00:00+00:00,79.62999725341797,79.93000030517578,79.55000305175781,79.7300033569336,4192
2023-11-07 17:00:00+00:00,79.5999984741211,79.7699966430664,79.52999877929688,79.62999725341797,2906
2023-11-07 18:00:00+00:00,79.54000091552734,79.66999816894531,79.5199966430664,79.5999984741211,2224
2023-11-07 19:00:00+00:00,79.20999908447266,79.54000091552734,79.16000366210938,79.5199966430664,0
2023-11-08 02:00:00+00:00,79.58999633789062,79.83000183105469,79.25,79.37000274658203,632
2023-11-08 03:00:00+00:00,79.51000213623047,79.5999984741211,79.45999908447266,79.51000213623047,175
2023-11-08 04:00:00+00:00,79.5,79.5999984741211,79.5,79.5,136
2023-11-08 05:00:00+00:00,79.5,79.5199966430664,79.44999694824219,79.5,58
2023-11-08 06:00:00+00:00,79.68000030517578,79.69999694824219,79.4800033569336,79.4800033569336,193
2023-11-08 07:00:00+00:00,79.6500015258789,79.6500015258789,79.55999755859375,79.63999938964844,67
2023-11-08 08:00:00+00:00,79.55000305175781,79.63999938964844,79.5,79.56999969482422,152
2023-11-08 09:00:00+00:00,79.3499984741211,79.54000091552734,79.30000305175781,79.51000213623047,703
2023-11-08 10:00:00+00:00,79.12000274658203,79.30000305175781,79.05000305175781,79.30000305175781,605
2023-11-08 11:00:00+00:00,78.94000244140625,79.51000213623047,78.91000366210938,79.12000274658203,902
2023-11-08 12:00:00+00:00,78.73999786376953,78.91999816894531,78.73999786376953,78.91000366210938,1049
2023-11-08 13:00:00+00:00,78.83000183105469,79.12000274658203,78.72000122070312,78.7699966430664,2519
2023-11-08 14:00:00+00:00,78.61000061035156,78.95999908447266,78.5,78.83999633789062,5950
2023-11-08 15:00:00+00:00,78.81999969482422,79.01000213623047,78.5,78.62999725341797,4281
2023-11-08 16:00:00+00:00,78.4000015258789,78.80000305175781,78.20999908447266,78.80000305175781,4256
2023-11-08 17:00:00+00:00,77.7699966430664,78.43000030517578,77.68000030517578,78.4000015258789,4425
2023-11-08 18:00:00+00:00,77.80000305175781,78.12999725341797,77.72000122070312,77.80000305175781,2962
2023-11-08 19:00:00+00:00,77.73999786376953,77.87000274658203,77.66000366210938,77.79000091552734,0
2023-11-09 02:00:00+00:00,77.95999908447266,78.11000061035156,77.69999694824219,78.05000305175781,746
2023-11-09 03:00:00+00:00,78.19999694824219,78.25,77.94999694824219,77.94999694824219,226
2023-11-09 04:00:00+00:00,78.13999938964844,78.26000213623047,78.0999984741211,78.19999694824219,386
2023-11-09 05:00:00+00:00,78.16999816894531,78.19000244140625,78.0999984741211,78.16000366210938,97
2023-11-09 06:00:00+00:00,78.22000122070312,78.23999786376953,78.12000274658203,78.13999938964844,277
2023-11-09 07:00:00+00:00,78.19999694824219,78.23999786376953,78.13999938964844,78.20999908447266,233
2023-11-09 08:00:00+00:00,78.2699966430664,78.30999755859375,77.94999694824219,78.20999908447266,612
2023-11-09 09:00:00+00:00,78.44000244140625,78.5199966430664,78.27999877929688,78.31999969482422,1063
2023-11-09 10:00:00+00:00,78.48999786376953,78.55999755859375,78.4000015258789,78.44000244140625,724
2023-11-09 11:00:00+00:00,78.5,78.55000305175781,78.41000366210938,78.45999908447266,669
2023-11-09 12:00:00+00:00,78.5999984741211,78.66999816894531,78.44000244140625,78.5,661
2023-11-09 13:00:00+00:00,79.0999984741211,79.37000274658203,78.54000091552734,78.58000183105469,3674
2023-11-09 14:00:00+00:00,79.31999969482422,79.48999786376953,78.94999694824219,79.0999984741211,4345
2023-11-09 15:00:00+00:00,79.37000274658203,79.88999938964844,79.25,79.30000305175781,4542
2023-11-09 16:00:00+00:00,79.69999694824219,79.8499984741211,79.33000183105469,79.38999938964844,2733
2023-11-09 17:00:00+00:00,79.5,79.68000030517578,78.4000015258789,79.62000274658203,4470
2023-11-09 18:00:00+00:00,79.33000183105469,79.69999694824219,79.30000305175781,79.48999786376953,3564
2023-11-09 19:00:00+00:00,79.08999633789062,79.44999694824219,79.08000183105469,79.30999755859375,0
2023-11-10 02:00:00+00:00,78.80000305175781,79.19000244140625,78.68000030517578,79.19000244140625,495
2023-11-10 03:00:00+00:00,78.76000213623047,78.86000061035156,78.69000244140625,78.83000183105469,404
2023-11-10 04:00:00+00:00,78.75,78.91000366210938,78.75,78.80000305175781,32
2023-11-10 05:00:00+00:00,78.81999969482422,78.83999633789062,78.72000122070312,78.77999877929688,78
2023-11-10 06:00:00+00:00,78.83000183105469,78.91000366210938,78.77999877929688,78.86000061035156,89
2023-11-10 07:00:00+00:00,78.79000091552734,78.87999725341797,78.7699966430664,78.83000183105469,109
2023-11-10 08:00:00+00:00,78.73999786376953,78.80000305175781,78.69999694824219,78.80000305175781,122
2023-11-10 09:00:00+00:00,78.83999633789062,78.8499984741211,78.68000030517578,78.69999694824219,264
2023-11-10 10:00:00+00:00,78.76000213623047,78.77999877929688,78.69999694824219,78.76000213623047,126
2023-11-10 11:00:00+00:00,78.94000244140625,78.94000244140625,78.7300033569336,78.76000213623047,352
2023-11-10 12:00:00+00:00,78.87999725341797,78.98999786376953,78.77999877929688,78.94000244140625,499
2023-11-10 13:00:00+00:00,78.2699966430664,78.87999725341797,78.25,78.86000061035156,2555
2023-11-10 14:00:00+00:00,78.55999755859375,78.5999984741211,78.0199966430664,78.26000213623047,3584
2023-11-10 15:00:00+00:00,79.66999816894531,79.8499984741211,78.37999725341797,78.55999755859375,5399
2023-11-10 16:00:00+00:00,79.72000122070312,80.16999816894531,79.5999984741211,79.70999908447266,4461
2023-11-10 17:00:00+00:00,79.7699966430664,79.9000015258789,79.38999938964844,79.72000122070312,4190
2023-11-10 18:00:00+00:00,79.80999755859375,79.8499984741211,79.5,79.77999877929688,4138
2023-11-10 19:00:00+00:00,79.5999984741211,79.83999633789062,79.44000244140625,79.80000305175781,4909
2023-11-13 02:00:00+00:00,79.30000305175781,79.69000244140625,79.0,79.58999633789062,592
2023-11-13 03:00:00+00:00,79.30000305175781,79.43000030517578,79.25,79.37000274658203,112
2023-11-13 04:00:00+00:00,79.16999816894531,79.25,79.16999816894531,79.25,19
2023-11-13 05:00:00+00:00,79.23999786376953,79.23999786376953,79.1500015258789,79.1500015258789,137
2023-11-13 06:00:00+00:00,79.33000183105469,79.37999725341797,79.23999786376953,79.23999786376953,41
2023-11-13 07:00:00+00:00,79.36000061035156,79.37999725341797,79.25,79.3499984741211,88
2023-11-13 08:00:00+00:00,79.62000274658203,79.6500015258789,79.30999755859375,79.31999969482422,250
2023-11-13 09:00:00+00:00,79.5,79.6500015258789,79.37000274658203,79.6500015258789,315
2023-11-13 10:00:00+00:00,79.6500015258789,79.76000213623047,79.45999908447266,79.48999786376953,320
2023-11-13 11:00:00+00:00,79.77999877929688,79.83999633789062,79.5999984741211,79.66999816894531,349
2023-11-13 12:00:00+00:00,79.69999694824219,79.83000183105469,79.62000274658203,79.80000305175781,850
2023-11-13 13:00:00+00:00,79.93000030517578,80.02999877929688,79.66999816894531,79.69999694824219,2147
2023-11-13 14:00:00+00:00,79.55000305175781,79.94999694824219,79.44000244140625,79.91999816894531,3072
2023-11-13 15:00:00+00:00,79.3499984741211,79.80000305175781,79.22000122070312,79.58999633789062,4792
2023-11-13 16:00:00+00:00,79.25,79.48999786376953,79.16000366210938,79.33999633789062,3119
2023-11-13 17:00:00+00:00,79.83999633789062,79.91000366210938,79.2300033569336,79.2699966430664,4183
2023-11-13 18:00:00+00:00,79.5199966430664,79.9000015258789,79.47000122070312,79.86000061035156,2998
2023-11-13 19:00:00+00:00,79.44999694824219,79.54000091552734,79.33999633789062,79.5,0
2023-11-14 02:00:00+00:00,79.66999816894531,79.69000244140625,79.30999755859375,79.48999786376953,257
2023-11-14 03:00:00+00:00,79.69999694824219,79.73999786376953,79.58999633789062,79.6500015258789,326
2023-11-14 04:00:00+00:00,80.05999755859375,80.18000030517578,79.70999908447266,79.70999908447266,875
2023-11-14 05:00:00+00:00,79.94000244140625,80.06999969482422,79.86000061035156,80.05000305175781,415
2023-11-14 06:00:00+00:00,79.91999816894531,79.98999786376953,79.8499984741211,79.91999816894531,222
2023-11-14 07:00:00+00:00,80.01000213623047,80.0199966430664,79.94000244140625,79.94000244140625,194
2023-11-14 08:00:00+00:00,80.31999969482422,80.41999816894531,79.98999786376953,79.98999786376953,513
2023-11-14 09:00:00+00:00,80.44999694824219,80.58000183105469,80.31999969482422,80.31999969482422,763
2023-11-14 10:00:00+00:00,80.80999755859375,80.86000061035156,80.44000244140625,80.4800033569336,371
2023-11-14 11:00:00+00:00,80.87000274658203,81.0199966430664,80.69000244140625,80.83000183105469,932
2023-11-14 12:00:00+00:00,80.91999816894531,81.25,80.83000183105469,80.87000274658203,1611
2023-11-14 13:00:00+00:00,80.94999694824219,81.11000061035156,80.80000305175781,80.93000030517578,2908
2023-11-14 14:00:00+00:00,81.2300033569336,81.2699966430664,80.7699966430664,80.94999694824219,4780
2023-11-14 15:00:00+00:00,81.55000305175781,81.7300033569336,81.02999877929688,81.2300033569336,7545
2023-11-14 16:00:00+00:00,81.61000061035156,81.91999816894531,81.38999938964844,81.54000091552734,6262
2023-11-14 17:00:00+00:00,81.56999969482422,81.69000244140625,81.4800033569336,81.5999984741211,2426
2023-11-14 18:00:00+00:00,81.36000061035156,81.6500015258789,81.27999877929688,81.56999969482422,2010
2023-11-14 19:00:00+00:00,81.08000183105469,81.41999816894531,80.94999694824219,81.37999725341797,0
2023-11-15 02:00:00+00:00,80.93000030517578,81.2699966430664,80.62000274658203,81.1500015258789,406
2023-11-15 03:00:00+00:00,80.75,81.12000274658203,80.73999786376953,81.0199966430664,168
2023-11-15 04:00:00+00:00,80.66000366210938,80.75,80.58999633789062,80.72000122070312,123
2023-11-15 05:00:00+00:00,80.68000030517578,80.7699966430664,80.55000305175781,80.55000305175781,64
2023-11-15 06:00:00+00:00,80.66000366210938,80.81999969482422,80.55000305175781,80.68000030517578,264
2023-11-15 07:00:00+00:00,80.87000274658203,80.95999908447266,80.69000244140625,80.73999786376953,0
2023-11-15 08:00:00+00:00,81.0199966430664,81.0999984741211,80.77999877929688,80.8499984741211,1266
2023-11-15 09:00:00+00:00,81.06999969482422,81.13999938964844,80.83999633789062,81.01000213623047,166
2023-11-15 10:00:00+00:00,81.12000274658203,81.18000030517578,81.02999877929688,81.08000183105469,410
2023-11-15 11:00:00+00:00,81.3499984741211,81.4000015258789,81.08999633789062,81.12999725341797,522
2023-11-15 12:00:00+00:00,81.02999877929688,81.44000244140625,80.9800033569336,81.3499984741211,416
2023-11-15 13:00:00+00:00,80.80000305175781,81.20999908447266,80.7300033569336,81.0,1932
2023-11-15 14:00:00+00:00,81.04000091552734,81.11000061035156,80.69000244140625,80.79000091552734,2642
2023-11-15 15:00:00+00:00,81.0999984741211,81.5,81.05000305175781,81.08000183105469,3849
2023-11-15 16:00:00+00:00,81.3499984741211,81.3499984741211,81.02999877929688,81.11000061035156,2856
2023-11-15 17:00:00+00:00,81.0,81.41999816894531,80.91000366210938,81.37000274658203,3237
2023-11-15 18:00:00+00:00,80.91000366210938,81.08000183105469,80.76000213623047,81.0,2271
2023-11-15 19:00:00+00:00,81.02999877929688,81.08000183105469,80.87999725341797,80.9000015258789,0
2023-11-16 02:00:00+00:00,80.79000091552734,80.94999694824219,80.75,80.94999694824219,181
2023-11-16 03:00:00+00:00,80.81999969482422,80.94999694824219,80.76000213623047,80.7699966430664,101
2023-11-16 04:00:00+00:00,81.02999877929688,81.02999877929688,80.80000305175781,80.86000061035156,133
2023-11-16 05:00:00+00:00,81.01000213623047,81.08999633789062,81.01000213623047,81.08000183105469,76
2023-11-16 06:00:00+00:00,81.33999633789062,81.37999725341797,81.01000213623047,81.01000213623047,177
2023-11-16 07:00:00+00:00,81.2300033569336,81.3499984741211,81.16000366210938,81.3499984741211,125
2023-11-16 08:00:00+00:00,81.2300033569336,81.30000305175781,81.13999938964844,81.26000213623047,135
2023-11-16 09:00:00+00:00,81.20999908447266,81.26000213623047,81.05999755859375,81.23999786376953,304
2023-11-16 10:00:00+00:00,81.19000244140625,81.37000274658203,81.19000244140625,81.20999908447266,375
2023-11-16 11:00:00+00:00,81.33000183105469,81.36000061035156,81.2300033569336,81.2300033569336,323
2023-11-16 12:00:00+00:00,81.3499984741211,81.43000030517578,81.2300033569336,81.30999755859375,590
2023-11-16 13:00:00+00:00,81.41000366210938,81.7699966430664,81.33000183105469,81.36000061035156,2269
2023-11-16 14:00:00+00:00,80.43000030517578,81.4000015258789,80.25,81.38999938964844,3506
2023-11-16 15:00:00+00:00,80.5199966430664,80.62999725341797,80.26000213623047,80.41999816894531,3427
2023-11-16 16:00:00+00:00,80.4800033569336,80.69999694824219,80.3499984741211,80.51000213623047,2290
2023-11-16 17:00:00+00:00,80.6500015258789,80.73999786376953,80.47000122070312,80.4800033569336,1341
2023-11-16 18:00:00+00:00,80.86000061035156,80.97000122070312,80.5199966430664,80.63999938964844,1782
2023-11-16 19:00:00+00:00,80.80000305175781,80.9800033569336,80.80000305175781,80.87999725341797,0
2023-11-17 02:00:00+00:00,80.86000061035156,80.9000015258789,80.43000030517578,80.87000274658203,213
2023-11-17 03:00:00+00:00,80.80000305175781,80.86000061035156,80.69999694824219,80.86000061035156,48
2023-11-17 04:00:00+00:00,80.8499984741211,80.8499984741211,80.83000183105469,80.83000183105469,5
2023-11-17 05:00:00+00:00,80.77999877929688,80.9000015258789,80.73999786376953,80.9000015258789,15
2023-11-17 06:00:00+00:00,80.76000213623047,80.87999725341797,80.6500015258789,80.79000091552734,66
2023-11-17 07:00:00+00:00,80.9000015258789,80.91999816894531,80.69999694824219,80.73999786376953,62
2023-11-17 08:00:00+00:00,80.97000122070312,80.97000122070312,80.81999969482422,80.91000366210938,102
2023-11-17 09:00:00+00:00,80.88999938964844,81.12000274658203,80.86000061035156,80.94000244140625,345
2023-11-17 10:00:00+00:00,81.02999877929688,81.08000183105469,80.87999725341797,80.87999725341797,120
2023-11-17 11:00:00+00:00,80.95999908447266,81.18000030517578,80.95999908447266,81.02999877929688,195
2023-11-17 12:00:00+00:00,80.9800033569336,81.08000183105469,80.93000030517578,80.95999908447266,342
2023-11-17 13:00:00+00:00,81.22000122070312,81.36000061035156,80.91000366210938,80.95999908447266,1551
2023-11-17 14:00:00+00:00,81.2699966430664,81.45999908447266,81.19000244140625,81.20999908447266,1587
2023-11-17 15:00:00+00:00,81.81999969482422,81.86000061035156,81.23999786376953,81.27999877929688,2761
2023-11-17 16:00:00+00:00,81.58999633789062,81.87000274658203,81.5,81.83999633789062,1722
2023-11-17 17:00:00+00:00,81.54000091552734,81.80999755859375,81.54000091552734,81.5999984741211,1257
2023-11-17 18:00:00+00:00,81.58999633789062,81.61000061035156,81.44999694824219,81.5199966430664,1202
2023-11-17 19:00:00+00:00,81.30000305175781,81.6500015258789,81.27999877929688,81.58999633789062,1806
2023-11-20 02:00:00+00:00,81.26000213623047,81.2699966430664,81.0,81.20999908447266,399
2023-11-20 03:00:00+00:00,81.55000305175781,81.56999969482422,81.26000213623047,81.26000213623047,90
2023-11-20 04:00:00+00:00,81.70999908447266,81.80000305175781,81.55000305175781,81.55000305175781,136
2023-11-20 05:00:00+00:00,81.47000122070312,81.75,81.45999908447266,81.69999694824219,99
2023-11-20 06:00:00+00:00,81.37999725341797,81.44000244140625,81.18000030517578,81.43000030517578,103
2023-11-20 07:00:00+00:00,81.44999694824219,81.58999633789062,81.38999938964844,81.38999938964844,159
2023-11-20 08:00:00+00:00,81.22000122070312,81.55999755859375,81.22000122070312,81.45999908447266,114
2023-11-20 09:00:00+00:00,81.27999877929688,81.36000061035156,81.19000244140625,81.2699966430664,158
2023-11-20 10:00:00+00:00,81.0999984741211,81.30000305175781,81.0999984741211,81.29000091552734,131
2023-11-20 11:00:00+00:00,81.25,81.27999877929688,81.04000091552734,81.06999969482422,101
2023-11-20 12:00:00+00:00,81.20999908447266,81.30000305175781,81.16999816894531,81.25,348
2023-11-20 13:00:00+00:00,79.87000274658203,81.52999877929688,79.75,81.20999908447266,4850
2023-11-20 14:00:00+00:00,80.11000061035156,80.19999694824219,79.69999694824219,79.8499984741211,2630
2023-11-20 15:00:00+00:00,80.45999908447266,80.66000366210938,80.08999633789062,80.11000061035156,2396
2023-11-20 16:00:00+00:00,80.9800033569336,81.12999725341797,80.47000122070312,80.47000122070312,2934
2023-11-20 17:00:00+00:00,81.18000030517578,81.2300033569336,80.94000244140625,81.0,2187
2023-11-20 18:00:00+00:00,81.0999984741211,81.36000061035156,81.06999969482422,81.19999694824219,3150
2023-11-20 19:00:00+00:00,81.31999969482422,81.41999816894531,81.06999969482422,81.11000061035156,0
2023-11-21 02:00:00+00:00,80.41000366210938,81.0,80.4000015258789,81.0,996
2023-11-21 03:00:00+00:00,80.48999786376953,80.48999786376953,80.37000274658203,80.4000015258789,166
2023-11-21 04:00:00+00:00,80.37000274658203,80.4800033569336,80.37000274658203,80.4800033569336,51
2023-11-21 05:00:00+00:00,80.30000305175781,80.44999694824219,80.26000213623047,80.4000015258789,249
2023-11-21 06:00:00+00:00,80.19000244140625,80.27999877929688,80.08999633789062,80.27999877929688,201
2023-11-21 07:00:00+00:00,80.37999725341797,80.43000030517578,80.16999816894531,80.18000030517578,100
2023-11-21 08:00:00+00:00,80.26000213623047,80.58000183105469,80.26000213623047,80.44999694824219,258
2023-11-21 09:00:00+00:00,80.31999969482422,80.47000122070312,80.26000213623047,80.26000213623047,177
2023-11-21 10:00:00+00:00,80.44000244140625,80.47000122070312,80.31999969482422,80.3499984741211,133
2023-11-21 11:00:00+00:00,80.45999908447266,80.5,80.36000061035156,80.41000366210938,131
2023-11-21 12:00:00+00:00,80.3499984741211,80.56999969482422,80.33000183105469,80.44999694824219,562
2023-11-21 13:00:00+00:00,80.1500015258789,80.38999938964844,80.12000274658203,80.37000274658203,1763
2023-11-21 14:00:00+00:00,80.61000061035156,80.63999938964844,80.02999877929688,80.16000366210938,2914
2023-11-21 15:00:00+00:00,80.62999725341797,80.73999786376953,80.27999877929688,80.5999984741211,1917
2023-11-21 16:00:00+00:00,80.51000213623047,80.6500015258789,80.30000305175781,80.6500015258789,1919
2023-11-21 17:00:00+00:00,80.61000061035156,80.70999908447266,80.45999908447266,80.5,2094
2023-11-21 18:00:00+00:00,80.76000213623047,80.93000030517578,80.41000366210938,80.58999633789062,2580
2023-11-21 19:00:00+00:00,80.5199966430664,80.87999725341797,80.5,80.73999786376953,0
2023-11-22 02:00:00+00:00,80.69000244140625,80.9800033569336,80.56999969482422,80.91000366210938,554
2023-11-22 03:00:00+00:00,80.62999725341797,80.75,80.62000274658203,80.7300033569336,222
2023-11-22 04:00:00+00:00,80.70999908447266,80.76000213623047,80.63999938964844,80.63999938964844,28
2023-11-22 05:00:00+00:00,80.55999755859375,80.79000091552734,80.55999755859375,80.76000213623047,64
2023-11-22 06:00:00+00:00,80.70999908447266,80.76000213623047,80.5199966430664,80.56999969482422,459
2023-11-22 07:00:00+00:00,80.80000305175781,80.83999633789062,80.72000122070312,80.72000122070312,69
2023-11-22 08:00:00+00:00,80.87000274658203,80.87999725341797,80.75,80.81999969482422,70
2023-11-22 09:00:00+00:00,80.69999694824219,80.94999694824219,80.68000030517578,80.87999725341797,148
2023-11-22 10:00:00+00:00,80.83000183105469,80.87000274658203,80.62000274658203,80.66999816894531,178
2023-11-22 11:00:00+00:00,80.73999786376953,80.87999725341797,80.73999786376953,80.83999633789062,78
2023-11-22 12:00:00+00:00,80.9800033569336,81.11000061035156,80.62000274658203,80.73999786376953,1044
2023-11-22 13:00:00+00:00,80.68000030517578,81.01000213623047,80.45999908447266,80.97000122070312,1384
2023-11-22 14:00:00+00:00,80.58000183105469,80.80999755859375,80.41000366210938,80.69000244140625,1879
2023-11-22 15:00:00+00:00,80.44999694824219,80.63999938964844,80.29000091552734,80.56999969482422,2013
2023-11-22 16:00:00+00:00,80.91999816894531,80.98999786376953,80.38999938964844,80.44000244140625,1617
2023-11-22 17:00:00+00:00,80.6500015258789,80.98999786376953,80.52999877929688,80.91000366210938,1122
2023-11-22 18:00:00+00:00,80.77999877929688,80.83000183105469,80.58000183105469,80.6500015258789,1455
2023-11-22 19:00:00+00:00,80.94999694824219,80.97000122070312,80.7699966430664,80.79000091552734,0
2023-11-24 14:30:00+00:00,80.6500015258789,80.93000030517578,80.37999725341797,80.55000305175781,1938
2023-11-24 15:30:00+00:00,81.69999694824219,81.7300033569336,80.62000274658203,80.6500015258789,2665
2023-11-24 16:30:00+00:00,80.94999694824219,81.69000244140625,80.88999938964844,81.69000244140625,2211
2023-11-24 17:30:00+00:00,81.18000030517578,81.2300033569336,80.95999908447266,80.97000122070312,1097
2023-11-27 02:00:00+00:00,80.41000366210938,80.98999786376953,80.41000366210938,80.80000305175781,465
2023-11-27 03:00:00+00:00,80.0999984741211,80.41000366210938,80.0999984741211,80.41000366210938,372
2023-11-27 04:00:00+00:00,80.08000183105469,80.12999725341797,79.88999938964844,80.12000274658203,425
2023-11-27 05:00:00+00:00,80.19999694824219,80.26000213623047,80.05000305175781,80.12999725341797,93
2023-11-27 06:00:00+00:00,80.08999633789062,80.16000366210938,80.0,80.16000366210938,188
2023-11-27 07:00:00+00:00,79.95999908447266,80.12999725341797,79.95999908447266,80.11000061035156,75
2023-11-27 08:00:00+00:00,80.18000030517578,80.19999694824219,79.88999938964844,79.98999786376953,201
2023-11-27 09:00:00+00:00,80.01000213623047,80.19999694824219,79.97000122070312,80.19999694824219,276
2023-11-27 10:00:00+00:00,79.98999786376953,80.05000305175781,79.91000366210938,80.01000213623047,571
2023-11-27 11:00:00+00:00,79.91999816894531,80.0,79.91000366210938,79.98999786376953,230
2023-11-27 12:00:00+00:00,79.80999755859375,79.9000015258789,79.76000213623047,79.9000015258789,488
2023-11-27 13:00:00+00:00,79.38999938964844,79.80999755859375,79.25,79.79000091552734,2835
2023-11-27 14:00:00+00:00,79.11000061035156,79.5,79.05000305175781,79.4000015258789,2348
2023-11-27 15:00:00+00:00,79.30999755859375,79.56999969482422,79.01000213623047,79.08999633789062,3382
2023-11-27 16:00:00+00:00,79.6500015258789,79.7300033569336,79.06999969482422,79.3499984741211,2474
2023-11-27 17:00:00+00:00,79.0999984741211,79.73999786376953,79.08000183105469,79.62000274658203,1312
2023-11-27 18:00:00+00:00,79.08999633789062,79.16999816894531,79.0199966430664,79.0999984741211,1146
2023-11-27 19:00:00+00:00,79.44999694824219,79.45999908447266,79.05999755859375,79.08999633789062,0
2023-11-28 02:00:00+00:00,79.27999877929688,79.5199966430664,79.26000213623047,79.2699966430664,457
2023-11-28 03:00:00+00:00,79.16000366210938,79.31999969482422,79.11000061035156,79.2699966430664,169
2023-11-28 04:00:00+00:00,79.05000305175781,79.1500015258789,79.02999877929688,79.12999725341797,63
2023-11-28 05:00:00+00:00,78.9000015258789,79.12000274658203,78.86000061035156,79.05000305175781,399
2023-11-28 06:00:00+00:00,79.06999969482422,79.30999755859375,78.91999816894531,78.91999816894531,462
2023-11-28 07:00:00+00:00,78.98999786376953,79.1500015258789,78.94999694824219,79.08000183105469,121
2023-11-28 08:00:00+00:00,79.29000091552734,79.30000305175781,79.05000305175781,79.05000305175781,132
2023-11-28 09:00:00+00:00,79.33000183105469,79.36000061035156,79.0999984741211,79.26000213623047,227
2023-11-28 10:00:00+00:00,79.31999969482422,79.37000274658203,79.23999786376953,79.3499984741211,75
2023-11-28 11:00:00+00:00,79.41000366210938,79.5,79.2699966430664,79.31999969482422,1242
2023-11-28 12:00:00+00:00,79.25,79.48999786376953,79.19999694824219,79.43000030517578,269
2023-11-28 13:00:00+00:00,79.41000366210938,79.48999786376953,79.16000366210938,79.25,1155
2023-11-28 14:00:00+00:00,79.2699966430664,79.51000213623047,79.12999725341797,79.41000366210938,1856
2023-11-28 15:00:00+00:00,79.62000274658203,80.16999816894531,79.26000213623047,79.27999877929688,2511
2023-11-28 16:00:00+00:00,79.70999908447266,79.95999908447266,79.54000091552734,79.62000274658203,1213
2023-11-28 17:00:00+00:00,79.5999984741211,79.80000305175781,79.5,79.72000122070312,1497
2023-11-28 18:00:00+00:00,79.91000366210938,79.94999694824219,79.56999969482422,79.61000061035156,1174
2023-11-28 19:00:00+00:00,79.51000213623047,79.88999938964844,79.43000030517578,79.88999938964844,0
2023-11-29 02:00:00+00:00,79.43000030517578,79.80000305175781,79.41999816894531,79.58999633789062,176
2023-11-29 03:00:00+00:00,79.37999725341797,79.47000122070312,79.30000305175781,79.44999694824219,38
2023-11-29 04:00:00+00:00,79.43000030517578,79.43000030517578,79.37999725341797,79.37999725341797,8
2023-11-29 05:00:00+00:00,79.41000366210938,79.5,79.37000274658203,79.38999938964844,27
2023-11-29 06:00:00+00:00,79.58999633789062,79.6500015258789,79.36000061035156,79.37999725341797,58
2023-11-29 07:00:00+00:00,79.7699966430664,79.80000305175781,79.61000061035156,79.61000061035156,65
2023-11-29 08:00:00+00:00,79.80000305175781,79.81999969482422,79.72000122070312,79.7699966430664,40
2023-11-29 09:00:00+00:00,79.81999969482422,79.88999938964844,79.69999694824219,79.80000305175781,119
2023-11-29 10:00:00+00:00,79.9000015258789,79.9000015258789,79.7699966430664,79.80000305175781,49
2023-11-29 11:00:00+00:00,80.02999877929688,80.05000305175781,79.87000274658203,79.9000015258789,113
2023-11-29 12:00:00+00:00,80.23999786376953,80.4000015258789,79.9800033569336,80.0,474
2023-11-29 13:00:00+00:00,80.2699966430664,80.38999938964844,80.05999755859375,80.2300033569336,1542
2023-11-29 14:00:00+00:00,80.11000061035156,80.4000015258789,80.02999877929688,80.26000213623047,1291
2023-11-29 15:00:00+00:00,79.6500015258789,80.11000061035156,79.58000183105469,80.11000061035156,1818
2023-11-29 16:00:00+00:00,79.70999908447266,79.8499984741211,79.41999816894531,79.62000274658203,1104
2023-11-29 17:00:00+00:00,79.58000183105469,79.8499984741211,79.58000183105469,79.72000122070312,1044
2023-11-29 18:00:00+00:00,79.44999694824219,79.5999984741211,79.41999816894531,79.58999633789062,1004
2023-11-29 19:00:00+00:00,79.62000274658203,79.62999725341797,79.43000030517578,79.47000122070312,0
2023-11-30 02:00:00+00:00,79.63999938964844,79.76000213623047,79.30000305175781,79.58000183105469,195
2023-11-30 03:00:00+00:00,79.6500015258789,79.69999694824219,79.62000274658203,79.62000274658203,42
2023-11-30 04:00:00+00:00,79.69000244140625,79.69999694824219,79.6500015258789,79.66999816894531,25
2023-11-30 05:00:00+00:00,79.69999694824219,79.72000122070312,79.63999938964844,79.69999694824219,122
2023-11-30 06:00:00+00:00,79.91000366210938,79.95999908447266,79.6500015258789,79.6500015258789,256
2023-11-30 07:00:00+00:00,79.94000244140625,79.95999908447266,79.86000061035156,79.9000015258789,93
2023-11-30 08:00:00+00:00,79.73999786376953,80.01000213623047,79.62999725341797,79.91999816894531,236
2023-11-30 09:00:00+00:00,79.75,79.88999938964844,79.69999694824219,79.73999786376953,126
2023-11-30 10:00:00+00:00,79.6500015258789,79.80000305175781,79.58999633789062,79.79000091552734,128
2023-11-30 11:00:00+00:00,79.73999786376953,79.76000213623047,79.55000305175781,79.6500015258789,130
2023-11-30 12:00:00+00:00,79.66999816894531,79.7300033569336,79.5999984741211,79.7300033569336,166
2023-11-30 13:00:00+00:00,79.77999877929688,79.79000091552734,79.5,79.66999816894531,1054
2023-11-30 14:00:00+00:00,79.9000015258789,79.98999786376953,79.58999633789062,79.77999877929688,1482
2023-11-30 15:00:00+00:00,79.87000274658203,80.25,79.81999969482422,79.87000274658203,2438
2023-11-30 16:00:00+00:00,79.70999908447266,79.95999908447266,79.63999938964844,79.88999938964844,1557
2023-11-30 17:00:00+00:00,80.11000061035156,80.18000030517578,79.63999938964844,79.70999908447266,1090
2023-11-30 18:00:00+00:00,80.3499984741211,80.36000061035156,79.9800033569336,80.1500015258789,1185
2023-11-30 19:00:00+00:00,80.11000061035156,80.4800033569336,80.01000213623047,80.36000061035156,0
2023-12-01 02:00:00+00:00,80.02999877929688,80.13999938964844,79.76000213623047,80.0199966430664,259
2023-12-01 03:00:00+00:00,79.87999725341797,80.0,79.58999633789062,80.0,94
2023-12-01 04:00:00+00:00,79.79000091552734,79.80999755859375,79.79000091552734,79.80999755859375,3
2023-12-01 05:00:00+00:00,79.69000244140625,79.7699966430664,79.66999816894531,79.7300033569336,49
2023-12-01 06:00:00+00:00,79.80000305175781,79.80999755859375,79.62999725341797,79.69000244140625,47
2023-12-01 07:00:00+00:00,79.8499984741211,79.94999694824219,79.80000305175781,79.83000183105469,26
2023-12-01 08:00:00+00:00,79.80999755859375,79.94999694824219,79.76000213623047,79.83999633789062,64
2023-12-01 09:00:00+00:00,79.87999725341797,79.91999816894531,79.79000091552734,79.8499984741211,104
2023-12-01 10:00:00+00:00,80.08000183105469,80.11000061035156,79.86000061035156,79.86000061035156,189
2023-12-01 11:00:00+00:00,79.94999694824219,80.08999633789062,79.83999633789062,80.08000183105469,189
2023-12-01 12:00:00+00:00,79.75,79.97000122070312,79.6500015258789,79.94999694824219,289
2023-12-01 13:00:00+00:00,79.9000015258789,80.05999755859375,79.66999816894531,79.72000122070312,1381
2023-12-01 14:00:00+00:00,79.83999633789062,79.93000030517578,79.69999694824219,79.93000030517578,1503
2023-12-01 15:00:00+00:00,79.95999908447266,80.08000183105469,79.80000305175781,79.86000061035156,2472
2023-12-01 16:00:00+00:00,79.51000213623047,80.05999755859375,79.26000213623047,79.95999908447266,2529
2023-12-01 17:00:00+00:00,79.9000015258789,80.0,79.4800033569336,79.51000213623047,1793
2023-12-01 18:00:00+00:00,79.45999908447266,79.9000015258789,79.44999694824219,79.87999725341797,1955
2023-12-01 19:00:00+00:00,79.55999755859375,79.5999984741211,79.3499984741211,79.4800033569336,2214
2023-12-04 02:00:00+00:00,79.36000061035156,79.58999633789062,79.27999877929688,79.41999816894531,348
2023-12-04 03:00:00+00:00,79.44000244140625,79.5,79.36000061035156,79.38999938964844,150
2023-12-04 04:00:00+00:00,79.44999694824219,79.52999877929688,79.44999694824219,79.45999908447266,93
2023-12-04 05:00:00+00:00,79.44000244140625,79.5199966430664,79.41999816894531,79.44999694824219,83
2023-12-04 06:00:00+00:00,79.38999938964844,79.56999969482422,79.33000183105469,79.43000030517578,283
2023-12-04 07:00:00+00:00,79.36000061035156,79.43000030517578,79.31999969482422,79.4000015258789,116
2023-12-04 08:00:00+00:00,79.56999969482422,79.62999725341797,79.4000015258789,79.4000015258789,140
2023-12-04 09:00:00+00:00,79.69000244140625,79.69999694824219,79.47000122070312,79.56999969482422,154
2023-12-04 10:00:00+00:00,79.6500015258789,79.87999725341797,79.5999984741211,79.69999694824219,309
2023-12-04 11:00:00+00:00,79.69999694824219,79.76000213623047,79.58000183105469,79.66000366210938,170
2023-12-04 12:00:00+00:00,79.77999877929688,79.8499984741211,79.54000091552734,79.69999694824219,807
2023-12-04 13:00:00+00:00,79.8499984741211,80.01000213623047,79.62000274658203,79.77999877929688,1166
2023-12-04 14:00:00+00:00,80.18000030517578,80.19999694824219,79.8499984741211,79.8499984741211,1529
2023-12-04 15:00:00+00:00,79.37999725341797,80.19999694824219,79.3499984741211,80.16999816894531,2219
2023-12-04 16:00:00+00:00,78.80000305175781,79.54000091552734,78.69999694824219,79.3499984741211,3018
2023-12-04 17:00:00+00:00,79.13999938964844,79.33000183105469,78.79000091552734,78.80000305175781,1447
2023-12-04 18:00:00+00:00,78.83000183105469,79.30999755859375,78.80000305175781,79.19999694824219,1550
2023-12-04 19:00:00+00:00,78.62999725341797,78.8499984741211,78.58999633789062,78.83000183105469,0
2023-12-05 02:00:00+00:00,78.83999633789062,79.12999725341797,78.69999694824219,78.79000091552734,808
2023-12-05 03:00:00+00:00,78.77999877929688,78.95999908447266,78.76000213623047,78.80000305175781,152
2023-12-05 04:00:00+00:00,78.6500015258789,78.81999969482422,78.6500015258789,78.77999877929688,50
2023-12-05 05:00:00+00:00,78.93000030517578,78.95999908447266,78.68000030517578,78.68000030517578,166
2023-12-05 06:00:00+00:00,78.83000183105469,78.95999908447266,78.75,78.94000244140625,68
2023-12-05 07:00:00+00:00,79.18000030517578,79.18000030517578,78.75,78.83999633789062,191
2023-12-05 08:00:00+00:00,79.0999984741211,79.37999725341797,79.02999877929688,79.18000030517578,199
2023-12-05 09:00:00+00:00,78.97000122070312,79.2699966430664,78.93000030517578,79.12000274658203,190
2023-12-05 10:00:00+00:00,78.83999633789062,78.94999694824219,78.83999633789062,78.93000030517578,56
2023-12-05 11:00:00+00:00,78.77999877929688,78.94999694824219,78.76000213623047,78.86000061035156,94
2023-12-05 12:00:00+00:00,78.80999755859375,78.94999694824219,78.75,78.75,219
2023-12-05 13:00:00+00:00,78.91999816894531,78.95999908447266,78.72000122070312,78.80000305175781,667
2023-12-05 14:00:00+00:00,79.63999938964844,79.75,78.91000366210938,78.91000366210938,1785
2023-12-05 15:00:00+00:00,79.66999816894531,79.94999694824219,79.37000274658203,79.58000183105469,2589
2023-12-05 16:00:00+00:00,79.72000122070312,79.7300033569336,79.30000305175781,79.66000366210938,1437
2023-12-05 17:00:00+00:00,79.77999877929688,79.94000244140625,79.5999984741211,79.72000122070312,1643
2023-12-05 18:00:00+00:00,79.66999816894531,79.80000305175781,79.58000183105469,79.7699966430664,900
2023-12-05 19:00:00+00:00,79.70999908447266,79.80000305175781,79.61000061035156,79.66000366210938,0
2023-12-06 02:00:00+00:00,80.23999786376953,80.33999633789062,79.6500015258789,79.69000244140625,856
2023-12-06 03:00:00+00:00,80.18000030517578,80.26000213623047,79.91000366210938,80.26000213623047,179
2023-12-06 04:00:00+00:00,80.12000274658203,80.20999908447266,79.98999786376953,80.16000366210938,93
2023-12-06 05:00:00+00:00,80.19000244140625,80.27999877929688,80.13999938964844,80.13999938964844,46
2023-12-06 06:00:00+00:00,80.30999755859375,80.33000183105469,80.20999908447266,80.20999908447266,35
2023-12-06 07:00:00+00:00,80.3499984741211,80.3499984741211,80.22000122070312,80.30999755859375,91
2023-12-06 08:00:00+00:00,80.2699966430664,80.3499984741211,80.18000030517578,80.3499984741211,188
2023-12-06 09:00:00+00:00,80.68000030517578,80.72000122070312,80.18000030517578,80.26000213623047,968
2023-12-06 10:00:00+00:00,80.55999755859375,80.72000122070312,80.54000091552734,80.66000366210938,441
2023-12-06 11:00:00+00:00,80.56999969482422,80.66000366210938,80.51000213623047,80.55000305175781,219
2023-12-06 12:00:00+00:00,80.61000061035156,80.69999694824219,80.55000305175781,80.58999633789062,230
2023-12-06 13:00:00+00:00,80.4000015258789,80.77999877929688,80.30999755859375,80.58999633789062,2050
2023-12-06 14:00:00+00:00,80.08000183105469,80.4000015258789,79.9000015258789,80.38999938964844,1782
2023-12-06 15:00:00+00:00,80.19999694824219,80.30000305175781,80.01000213623047,80.0999984741211,1271
2023-12-06 16:00:00+00:00,79.58999633789062,80.20999908447266,79.5,80.20999908447266,2379
2023-12-06 17:00:00+00:00,79.55000305175781,79.75,79.44999694824219,79.5999984741211,1264
2023-12-06 18:00:00+00:00,79.73999786376953,79.75,79.37000274658203,79.54000091552734,1469
2023-12-06 19:00:00+00:00,79.73999786376953,79.80000305175781,79.6500015258789,79.76000213623047,0
2023-12-07 02:00:00+00:00,79.72000122070312,79.87000274658203,79.5199966430664,79.61000061035156,384
2023-12-07 03:00:00+00:00,79.9000015258789,79.9000015258789,79.73999786376953,79.73999786376953,41
2023-12-07 04:00:00+00:00,79.88999938964844,79.91000366210938,79.77999877929688,79.87999725341797,42
2023-12-07 05:00:00+00:00,79.8499984741211,79.95999908447266,79.81999969482422,79.87000274658203,39
2023-12-07 06:00:00+00:00,80.2300033569336,80.31999969482422,79.79000091552734,79.83000183105469,673
2023-12-07 07:00:00+00:00,80.33999633789062,80.4000015258789,80.18000030517578,80.18000030517578,149
2023-12-07 08:00:00+00:00,80.33999633789062,80.44000244140625,80.26000213623047,80.31999969482422,164
2023-12-07 09:00:00+00:00,80.16000366210938,80.3499984741211,80.0999984741211,80.33999633789062,221
2023-12-07 10:00:00+00:00,80.05000305175781,80.19999694824219,80.0199966430664,80.13999938964844,135
2023-12-07 11:00:00+00:00,80.05000305175781,80.19999694824219,80.0199966430664,80.05000305175781,151
2023-12-07 12:00:00+00:00,79.83000183105469,80.0199966430664,79.73999786376953,80.0199966430664,499
2023-12-07 13:00:00+00:00,80.43000030517578,80.44000244140625,79.7699966430664,79.86000061035156,1482
2023-12-07 14:00:00+00:00,81.19999694824219,81.33000183105469,80.37999725341797,80.44000244140625,4716
2023-12-07 15:00:00+00:00,82.75,82.75,81.16999816894531,81.22000122070312,11591
2023-12-07 16:00:00+00:00,82.75,82.75,82.63999938964844,82.75,5564
2023-12-07 17:00:00+00:00,82.75,82.75,82.70999908447266,82.75,1617
2023-12-07 18:00:00+00:00,82.63999938964844,82.75,82.56999969482422,82.75,3143
2023-12-07 19:00:00+00:00,82.75,82.75,82.30000305175781,82.62999725341797,0
2023-12-08 02:00:00+00:00,82.29000091552734,82.8499984741211,82.20999908447266,82.7300033569336,1782
2023-12-08 03:00:00+00:00,82.56999969482422,82.56999969482422,82.08999633789062,82.29000091552734,431
2023-12-08 04:00:00+00:00,82.72000122070312,82.83999633789062,82.54000091552734,82.54000091552734,99
2023-12-08 05:00:00+00:00,82.5199966430664,82.73999786376953,82.41000366210938,82.69000244140625,93
2023-12-08 06:00:00+00:00,82.6500015258789,82.83999633789062,82.47000122070312,82.52999877929688,178
2023-12-08 07:00:00+00:00,82.63999938964844,82.63999938964844,82.5199966430664,82.62000274658203,61
2023-12-08 08:00:00+00:00,82.81999969482422,82.81999969482422,82.52999877929688,82.63999938964844,268
2023-12-08 09:00:00+00:00,83.11000061035156,83.12999725341797,82.81999969482422,82.83000183105469,925
2023-12-08 10:00:00+00:00,82.72000122070312,83.11000061035156,82.61000061035156,83.11000061035156,551
2023-12-08 11:00:00+00:00,82.73999786376953,82.94999694824219,82.51000213623047,82.72000122070312,357
2023-12-08 12:00:00+00:00,82.56999969482422,82.75,82.37000274658203,82.75,539
2023-12-08 13:00:00+00:00,82.29000091552734,82.87000274658203,82.25,82.55999755859375,2378
2023-12-08 14:00:00+00:00,82.22000122070312,82.5,82.05999755859375,82.29000091552734,2260
2023-12-08 15:00:00+00:00,81.58000183105469,82.26000213623047,81.58000183105469,82.20999908447266,3456
2023-12-08 16:00:00+00:00,81.80000305175781,81.91000366210938,81.33999633789062,81.62000274658203,2926
2023-12-08 17:00:00+00:00,81.47000122070312,82.61000061035156,81.12000274658203,81.7300033569336,3765
2023-12-08 18:00:00+00:00,81.45999908447266,81.56999969482422,81.31999969482422,81.44999694824219,1231
2023-12-08 19:00:00+00:00,81.5,81.5999984741211,81.3499984741211,81.45999908447266,2192
2023-12-11 02:00:00+00:00,82.16000366210938,82.18000030517578,81.38999938964844,81.45999908447266,311
2023-12-11 03:00:00+00:00,82.23999786376953,82.29000091552734,81.9000015258789,82.13999938964844,330
2023-12-11 04:00:00+00:00,82.0199966430664,82.27999877929688,82.0199966430664,82.2300033569336,29
2023-12-11 05:00:00+00:00,82.18000030517578,82.18000030517578,81.94000244140625,81.9800033569336,15
2023-12-11 06:00:00+00:00,82.2300033569336,82.27999877929688,82.02999877929688,82.20999908447266,112
2023-12-11 07:00:00+00:00,81.80000305175781,82.20999908447266,81.76000213623047,82.20999908447266,0
2023-12-11 08:00:00+00:00,81.93000030517578,81.95999908447266,81.7699966430664,81.80000305175781,1172
2023-12-11 09:00:00+00:00,81.98999786376953,81.98999786376953,81.68000030517578,81.88999938964844,232
2023-12-11 10:00:00+00:00,81.55999755859375,81.94999694824219,81.55000305175781,81.94999694824219,314
2023-12-11 11:00:00+00:00,81.66000366210938,81.80999755859375,81.55999755859375,81.55999755859375,137
2023-12-11 12:00:00+00:00,81.56999969482422,81.66000366210938,81.5,81.61000061035156,217
2023-12-11 13:00:00+00:00,81.8499984741211,81.94999694824219,81.55000305175781,81.55999755859375,828
2023-12-11 14:00:00+00:00,81.91000366210938,82.0199966430664,81.62000274658203,81.81999969482422,1671
2023-12-11 15:00:00+00:00,82.33000183105469,82.3499984741211,81.6500015258789,81.87999725341797,2734
2023-12-11 16:00:00+00:00,82.11000061035156,82.5,81.80999755859375,82.30999755859375,2170
2023-12-11 17:00:00+00:00,82.26000213623047,82.29000091552734,82.0199966430664,82.08999633789062,1355
2023-12-11 18:00:00+00:00,82.0,82.37999725341797,81.91000366210938,82.23999786376953,2027
2023-12-11 19:00:00+00:00,81.9000015258789,82.13999938964844,81.7699966430664,82.0,0
2023-12-12 02:00:00+00:00,82.1500015258789,82.20999908447266,81.75,81.9800033569336,239
2023-12-12 03:00:00+00:00,82.20999908447266,82.33000183105469,82.11000061035156,82.12999725341797,74
2023-12-12 04:00:00+00:00,82.19000244140625,82.19999694824219,82.19000244140625,82.19999694824219,3
2023-12-12 05:00:00+00:00,82.26000213623047,82.26000213623047,82.0,82.18000030517578,19
2023-12-12 06:00:00+00:00,82.27999877929688,82.33000183105469,82.20999908447266,82.33000183105469,76
2023-12-12 07:00:00+00:00,81.93000030517578,82.30000305175781,81.9000015258789,82.30000305175781,82
2023-12-12 08:00:00+00:00,81.87000274658203,81.9800033569336,81.8499984741211,81.91999816894531,55
2023-12-12 09:00:00+00:00,81.77999877929688,81.97000122070312,81.77999877929688,81.91000366210938,1870
2023-12-12 10:00:00+00:00,81.31999969482422,81.83999633789062,81.25,81.79000091552734,451
2023-12-12 11:00:00+00:00,81.16000366210938,81.44999694824219,81.13999938964844,81.3499984741211,310
2023-12-12 12:00:00+00:00,81.41999816894531,81.43000030517578,81.16999816894531,81.18000030517578,239
2023-12-12 13:00:00+00:00,81.44999694824219,81.69000244140625,81.3499984741211,81.38999938964844,756
2023-12-12 14:00:00+00:00,81.04000091552734,81.4800033569336,80.91999816894531,81.43000030517578,2363
2023-12-12 15:00:00+00:00,81.43000030517578,81.63999938964844,80.94999694824219,81.02999877929688,1704
2023-12-12 16:00:00+00:00,81.05000305175781,81.55999755859375,81.01000213623047,81.43000030517578,1251
2023-12-12 17:00:00+00:00,80.62999725341797,81.20999908447266,80.5999984741211,81.05000305175781,2442
2023-12-12 18:00:00+00:00,81.0999984741211,81.19000244140625,80.63999938964844,80.63999938964844,1211
2023-12-12 19:00:00+00:00,81.13999938964844,81.2300033569336,80.98999786376953,81.11000061035156,0
2023-12-13 02:00:00+00:00,81.37000274658203,81.5,80.9800033569336,81.05000305175781,233
2023-12-13 03:00:00+00:00,81.30000305175781,81.37999725341797,81.19999694824219,81.30999755859375,32
2023-12-13 04:00:00+00:00,81.31999969482422,81.31999969482422,81.23999786376953,81.2699966430664,12
2023-12-13 05:00:00+00:00,81.2300033569336,81.38999938964844,81.22000122070312,81.33999633789062,33
2023-12-13 06:00:00+00:00,81.12000274658203,81.29000091552734,81.02999877929688,81.2300033569336,138
2023-12-13 07:00:00+00:00,80.94000244140625,81.26000213623047,80.93000030517578,81.08000183105469,126
2023-12-13 08:00:00+00:00,81.16999816894531,81.16999816894531,80.87999725341797,80.94000244140625,112
2023-12-13 09:00:00+00:00,81.13999938964844,81.33999633789062,81.08999633789062,81.16000366210938,63
2023-12-13 10:00:00+00:00,81.27999877929688,81.33000183105469,81.08000183105469,81.18000030517578,151
2023-12-13 11:00:00+00:00,81.41000366210938,81.41000366210938,81.27999877929688,81.27999877929688,151
2023-12-13 12:00:00+00:00,81.4000015258789,81.4800033569336,81.33000183105469,81.44000244140625,236
2023-12-13 13:00:00+00:00,81.23999786376953,81.62999725341797,81.08999633789062,81.36000061035156,1268
2023-12-13 14:00:00+00:00,81.02999877929688,81.31999969482422,80.93000030517578,81.23999786376953,1831
2023-12-13 15:00:00+00:00,80.9000015258789,81.2699966430664,80.86000061035156,81.0199966430664,1481
2023-12-13 16:00:00+00:00,81.5,81.61000061035156,80.77999877929688,80.88999938964844,1714
2023-12-13 17:00:00+00:00,81.05999755859375,81.70999908447266,80.97000122070312,81.48999786376953,1395
2023-12-13 18:00:00+00:00,80.87999725341797,81.06999969482422,80.86000061035156,81.05999755859375,1022
2023-12-13 19:00:00+00:00,81.16999816894531,81.2699966430664,80.91999816894531,80.91999816894531,0
2023-12-14 02:00:00+00:00,81.5,81.5,81.05000305175781,81.18000030517578,208
2023-12-14 03:00:00+00:00,81.54000091552734,81.63999938964844,81.51000213623047,81.55000305175781,105
2023-12-14 04:00:00+00:00,81.75,81.8499984741211,81.52999877929688,81.52999877929688,168
2023-12-14 05:00:00+00:00,81.7699966430664,81.77999877929688,81.5,81.73999786376953,120
2023-12-14 06:00:00+00:00,81.63999938964844,81.91999816894531,81.55000305175781,81.77999877929688,167
2023-12-14 07:00:00+00:00,81.7300033569336,81.80999755859375,81.62000274658203,81.66000366210938,84
2023-12-14 08:00:00+00:00,81.88999938964844,81.9800033569336,81.69000244140625,81.7300033569336,277
2023-12-14 09:00:00+00:00,82.08999633789062,82.0999984741211,81.81999969482422,81.87000274658203,557
2023-12-14 10:00:00+00:00,81.88999938964844,82.05000305175781,81.77999877929688,82.05000305175781,236
2023-12-14 11:00:00+00:00,82.0,82.0199966430664,81.83000183105469,81.9000015258789,279
2023-12-14 12:00:00+00:00,82.08999633789062,82.27999877929688,81.98999786376953,82.01000213623047,1001
2023-12-14 13:00:00+00:00,81.48999786376953,82.19000244140625,81.45999908447266,82.0999984741211,1969
2023-12-14 14:00:00+00:00,81.38999938964844,81.61000061035156,81.27999877929688,81.47000122070312,2057
2023-12-14 15:00:00+00:00,81.2699966430664,81.70999908447266,81.25,81.38999938964844,2113
2023-12-14 16:00:00+00:00,80.87000274658203,81.43000030517578,80.7699966430664,81.26000213623047,2280
2023-12-14 17:00:00+00:00,81.05000305175781,81.05000305175781,80.77999877929688,80.83000183105469,1196
2023-12-14 18:00:00+00:00,80.88999938964844,81.0999984741211,80.79000091552734,81.0199966430664,1520
2023-12-14 19:00:00+00:00,80.80999755859375,80.9000015258789,80.69999694824219,80.87000274658203,0
2023-12-15 02:00:00+00:00,81.16999816894531,81.26000213623047,80.7300033569336,80.80999755859375,271
2023-12-15 03:00:00+00:00,81.29000091552734,81.30000305175781,81.16000366210938,81.19999694824219,54
2023-12-15 04:00:00+00:00,81.22000122070312,81.31999969482422,81.22000122070312,81.30000305175781,0
2023-12-15 05:00:00+00:00,81.05999755859375,81.19999694824219,81.0,81.19999694824219,421
2023-12-15 06:00:00+00:00,81.12000274658203,81.25,81.02999877929688,81.02999877929688,219
2023-12-15 07:00:00+00:00,81.4000015258789,81.5,81.04000091552734,81.1500015258789,201
2023-12-15 08:00:00+00:00,81.33000183105469,81.5,81.30999755859375,81.41999816894531,138
2023-12-15 09:00:00+00:00,81.27999877929688,81.4800033569336,81.2699966430664,81.33999633789062,255
2023-12-15 10:00:00+00:00,81.2300033569336,81.30999755859375,81.05999755859375,81.25,232
2023-12-15 11:00:00+00:00,81.08999633789062,81.23999786376953,81.05000305175781,81.20999908447266,196
2023-12-15 12:00:00+00:00,80.98999786376953,81.22000122070312,80.86000061035156,81.08000183105469,363
2023-12-15 13:00:00+00:00,80.87999725341797,81.06999969482422,80.5,81.0199966430664,1607
2023-12-15 14:00:00+00:00,80.6500015258789,80.88999938964844,80.55000305175781,80.87000274658203,816
2023-12-15 15:00:00+00:00,80.26000213623047,80.80000305175781,80.16000366210938,80.66000366210938,2478
2023-12-15 16:00:00+00:00,80.08000183105469,80.33999633789062,79.86000061035156,80.26000213623047,2858
2023-12-15 17:00:00+00:00,80.0,80.16000366210938,79.93000030517578,80.06999969482422,1096
2023-12-15 18:00:00+00:00,80.12999725341797,80.29000091552734,79.98999786376953,80.0,1795
2023-12-15 19:00:00+00:00,79.8499984741211,80.12000274658203,79.83000183105469,80.11000061035156,2543
2023-12-18 02:00:00+00:00,80.05999755859375,80.12000274658203,79.75,80.0,302
2023-12-18 03:00:00+00:00,80.08999633789062,80.12000274658203,79.94999694824219,80.05000305175781,66
2023-12-18 04:00:00+00:00,79.94999694824219,80.0199966430664,79.88999938964844,80.0199966430664,49
2023-12-18 05:00:00+00:00,79.91000366210938,79.95999908447266,79.8499984741211,79.91999816894531,104
2023-12-18 06:00:00+00:00,79.9000015258789,79.94000244140625,79.75,79.86000061035156,114
2023-12-18 07:00:00+00:00,79.70999908447266,79.9000015258789,79.70999908447266,79.83999633789062,73
2023-12-18 08:00:00+00:00,79.80999755859375,79.93000030517578,79.68000030517578,79.70999908447266,265
2023-12-18 09:00:00+00:00,79.51000213623047,79.70999908447266,79.44999694824219,79.69999694824219,709
2023-12-18 10:00:00+00:00,79.70999908447266,79.76000213623047,79.37999725341797,79.48999786376953,441
2023-12-18 11:00:00+00:00,79.58999633789062,79.7300033569336,79.55000305175781,79.7300033569336,255
2023-12-18 12:00:00+00:00,79.66999816894531,79.86000061035156,79.56999969482422,79.56999969482422,292
2023-12-18 13:00:00+00:00,79.88999938964844,79.98999786376953,79.56999969482422,79.66000366210938,1263
2023-12-18 14:00:00+00:00,79.62999725341797,79.9000015258789,79.54000091552734,79.87000274658203,1262
2023-12-18 15:00:00+00:00,79.54000091552734,79.70999908447266,79.30999755859375,79.63999938964844,2363
2023-12-18 16:00:00+00:00,79.94999694824219,80.02999877929688,79.54000091552734,79.54000091552734,2616
2023-12-18 17:00:00+00:00,79.37000274658203,79.98999786376953,79.25,79.97000122070312,2370
2023-12-18 18:00:00+00:00,79.16000366210938,79.43000030517578,79.16000366210938,79.37000274658203,1605
2023-12-18 19:00:00+00:00,79.19000244140625,79.20999908447266,79.05000305175781,79.18000030517578,0
2023-12-19 02:00:00+00:00,79.4800033569336,79.52999877929688,79.18000030517578,79.18000030517578,290
2023-12-19 03:00:00+00:00,79.5199966430664,79.5199966430664,79.4000015258789,79.47000122070312,68
2023-12-19 04:00:00+00:00,79.55000305175781,79.6500015258789,79.45999908447266,79.51000213623047,70
2023-12-19 05:00:00+00:00,79.5,79.55000305175781,79.43000030517578,79.54000091552734,104
2023-12-19 06:00:00+00:00,79.45999908447266,79.52999877929688,79.4000015258789,79.51000213623047,64
2023-12-19 07:00:00+00:00,79.30999755859375,79.51000213623047,79.30999755859375,79.44999694824219,139
2023-12-19 08:00:00+00:00,79.27999877929688,79.37000274658203,79.27999877929688,79.33999633789062,45
2023-12-19 09:00:00+00:00,79.41000366210938,79.5,79.29000091552734,79.29000091552734,86
2023-12-19 10:00:00+00:00,79.41999816894531,79.44000244140625,79.3499984741211,79.41000366210938,69
2023-12-19 11:00:00+00:00,79.37000274658203,79.4800033569336,79.36000061035156,79.4000015258789,93
2023-12-19 12:00:00+00:00,79.26000213623047,79.5999984741211,79.22000122070312,79.37999725341797,491
2023-12-19 13:00:00+00:00,78.91000366210938,79.38999938964844,78.86000061035156,79.23999786376953,4063
2023-12-19 14:00:00+00:00,79.47000122070312,79.77999877929688,78.86000061035156,78.91999816894531,2574
2023-12-19 15:00:00+00:00,79.5199966430664,79.87000274658203,79.44999694824219,79.4800033569336,1477
2023-12-19 16:00:00+00:00,79.62999725341797,79.69999694824219,79.31999969482422,79.5,1488
2023-12-19 17:00:00+00:00,79.38999938964844,79.62000274658203,79.31999969482422,79.62000274658203,1011
2023-12-19 18:00:00+00:00,79.62000274658203,79.66000366210938,79.33999633789062,79.38999938964844,882
2023-12-19 19:00:00+00:00,79.44000244140625,79.58999633789062,79.31999969482422,79.58999633789062,0
2023-12-20 02:00:00+00:00,79.44000244140625,79.80000305175781,79.29000091552734,79.45999908447266,191
2023-12-20 03:00:00+00:00,79.36000061035156,79.45999908447266,79.30999755859375,79.41999816894531,111
2023-12-20 04:00:00+00:00,79.27999877929688,79.30999755859375,79.20999908447266,79.30000305175781,34
2023-12-20 05:00:00+00:00,79.31999969482422,79.31999969482422,79.2699966430664,79.30000305175781,14
2023-12-20 06:00:00+00:00,79.80999755859375,79.81999969482422,79.30999755859375,79.30999755859375,556
2023-12-20 07:00:00+00:00,79.70999908447266,79.81999969482422,79.66999816894531,79.79000091552734,227
2023-12-20 08:00:00+00:00,79.72000122070312,79.72000122070312,79.5999984741211,79.72000122070312,92
2023-12-20 09:00:00+00:00,79.77999877929688,79.81999969482422,79.66000366210938,79.72000122070312,183
2023-12-20 10:00:00+00:00,79.83999633789062,79.91000366210938,79.62999725341797,79.80999755859375,350
2023-12-20 11:00:00+00:00,79.87999725341797,79.91000366210938,79.80999755859375,79.83999633789062,275
2023-12-20 12:00:00+00:00,79.97000122070312,80.05999755859375,79.9000015258789,79.9000015258789,710
2023-12-20 13:00:00+00:00,80.11000061035156,80.20999908447266,79.72000122070312,79.95999908447266,1437
2023-12-20 14:00:00+00:00,80.4000015258789,80.4800033569336,80.08999633789062,80.08999633789062,2479
2023-12-20 15:00:00+00:00,79.38999938964844,80.58999633789062,79.31999969482422,80.41999816894531,2305
2023-12-20 16:00:00+00:00,79.5199966430664,79.66000366210938,79.30000305175781,79.38999938964844,1049
2023-12-20 17:00:00+00:00,79.31999969482422,79.63999938964844,79.27999877929688,79.55000305175781,890
2023-12-20 18:00:00+00:00,79.06999969482422,79.36000061035156,79.01000213623047,79.30999755859375,2132
2023-12-20 19:00:00+00:00,79.33000183105469,79.37999725341797,79.04000091552734,79.05000305175781,0
2023-12-21 02:00:00+00:00,79.5199966430664,79.76000213623047,79.3499984741211,79.5,281
2023-12-21 03:00:00+00:00,79.58000183105469,79.66000366210938,79.54000091552734,79.58000183105469,29
2023-12-21 04:00:00+00:00,79.5999984741211,79.62999725341797,79.5199966430664,79.56999969482422,14
2023-12-21 05:00:00+00:00,79.7300033569336,79.8499984741211,79.5199966430664,79.58000183105469,111
2023-12-21 06:00:00+00:00,79.79000091552734,79.79000091552734,79.69000244140625,79.73999786376953,45
2023-12-21 07:00:00+00:00,79.58999633789062,79.76000213623047,79.56999969482422,79.76000213623047,86
2023-12-21 08:00:00+00:00,79.56999969482422,79.5999984741211,79.45999908447266,79.58999633789062,156
2023-12-21 09:00:00+00:00,79.29000091552734,79.55000305175781,79.26000213623047,79.54000091552734,421
2023-12-21 10:00:00+00:00,79.16999816894531,79.30000305175781,79.13999938964844,79.29000091552734,326
2023-12-21 11:00:00+00:00,79.0999984741211,79.19999694824219,79.0999984741211,79.18000030517578,320
2023-12-21 12:00:00+00:00,79.22000122070312,79.22000122070312,79.02999877929688,79.12000274658203,731
2023-12-21 13:00:00+00:00,78.93000030517578,79.2300033569336,78.91000366210938,79.19999694824219,2033
2023-12-21 14:00:00+00:00,79.05000305175781,79.05000305175781,78.6500015258789,78.94000244140625,4038
2023-12-21 15:00:00+00:00,78.73999786376953,79.1500015258789,78.30999755859375,79.04000091552734,3812
2023-12-21 16:00:00+00:00,78.9800033569336,79.30000305175781,78.6500015258789,78.73999786376953,1646
2023-12-21 17:00:00+00:00,79.08000183105469,79.08000183105469,78.76000213623047,78.95999908447266,922
2023-12-21 18:00:00+00:00,79.33000183105469,79.41000366210938,79.04000091552734,79.06999969482422,1251
2023-12-21 19:00:00+00:00,79.06999969482422,79.31999969482422,79.05999755859375,79.30999755859375,0
2023-12-22 02:00:00+00:00,79.83000183105469,80.0,79.26000213623047,79.26000213623047,602
2023-12-22 03:00:00+00:00,79.80000305175781,80.0,79.68000030517578,79.80999755859375,426
2023-12-22 04:00:00+00:00,79.73999786376953,79.83999633789062,79.72000122070312,79.80000305175781,87
2023-12-22 05:00:00+00:00,79.77999877929688,79.87000274658203,79.62000274658203,79.75,61
2023-12-22 06:00:00+00:00,79.87000274658203,79.93000030517578,79.73999786376953,79.7699966430664,123
2023-12-22 07:00:00+00:00,80.08000183105469,80.12999725341797,79.80000305175781,79.91999816894531,389
2023-12-22 08:00:00+00:00,80.0999984741211,80.16000366210938,79.94999694824219,80.05999755859375,214
2023-12-22 09:00:00+00:00,80.25,80.38999938964844,80.08999633789062,80.0999984741211,587
2023-12-22 10:00:00+00:00,80.19999694824219,80.30000305175781,80.02999877929688,80.25,421
2023-12-22 11:00:00+00:00,79.97000122070312,80.29000091552734,79.94999694824219,80.2300033569336,541
2023-12-22 12:00:00+00:00,79.93000030517578,80.06999969482422,79.91000366210938,79.9800033569336,184
2023-12-22 13:00:00+00:00,80.23999786376953,80.2699966430664,79.66000366210938,79.91999816894531,1428
2023-12-22 14:00:00+00:00,79.81999969482422,80.88999938964844,79.70999908447266,80.2300033569336,3990
2023-12-22 15:00:00+00:00,79.30999755859375,79.83999633789062,79.30000305175781,79.81999969482422,1918
2023-12-22 16:00:00+00:00,79.72000122070312,79.87000274658203,79.25,79.30000305175781,1404
2023-12-22 17:00:00+00:00,79.81999969482422,79.91999816894531,79.6500015258789,79.72000122070312,880
2023-12-22 18:00:00+00:00,79.80000305175781,79.87000274658203,79.58999633789062,79.81999969482422,753
2023-12-22 19:00:00+00:00,79.8499984741211,80.05000305175781,79.66999816894531,79.80999755859375,1226
2023-12-26 12:00:00+00:00,80.19000244140625,80.30000305175781,79.62000274658203,79.76000213623047,185
2023-12-26 13:00:00+00:00,80.20999908447266,80.30000305175781,79.86000061035156,80.25,517
2023-12-26 14:00:00+00:00,80.37000274658203,80.5,80.06999969482422,80.20999908447266,1027
2023-12-26 15:00:00+00:00,80.05000305175781,80.36000061035156,79.91999816894531,80.36000061035156,1049
2023-12-26 16:00:00+00:00,80.4000015258789,80.45999908447266,79.86000061035156,80.04000091552734,1035
2023-12-26 17:00:00+00:00,80.2300033569336,80.5,80.19999694824219,80.3499984741211,887
2023-12-26 18:00:00+00:00,79.93000030517578,80.30000305175781,79.87000274658203,80.22000122070312,1055
2023-12-26 19:00:00+00:00,80.05000305175781,80.16999816894531,79.91000366210938,79.93000030517578,0
2023-12-27 02:00:00+00:00,80.25,80.27999877929688,79.9800033569336,80.0,190
2023-12-27 03:00:00+00:00,80.4000015258789,80.44999694824219,80.26000213623047,80.26000213623047,79
2023-12-27 04:00:00+00:00,80.2699966430664,80.41000366210938,80.26000213623047,80.41000366210938,41
2023-12-27 05:00:00+00:00,80.38999938964844,80.4000015258789,80.31999969482422,80.31999969482422,36
2023-12-27 06:00:00+00:00,80.70999908447266,80.72000122070312,80.33000183105469,80.38999938964844,261
2023-12-27 07:00:00+00:00,80.69999694824219,80.75,80.56999969482422,80.70999908447266,164
2023-12-27 08:00:00+00:00,80.6500015258789,80.69000244140625,80.61000061035156,80.66000366210938,76
2023-12-27 09:00:00+00:00,80.63999938964844,80.76000213623047,80.54000091552734,80.66999816894531,200
2023-12-27 10:00:00+00:00,80.41000366210938,80.62000274658203,80.37999725341797,80.62000274658203,167
2023-12-27 11:00:00+00:00,80.33999633789062,80.44999694824219,80.2699966430664,80.41000366210938,83
2023-12-27 12:00:00+00:00,80.23999786376953,80.31999969482422,80.12999725341797,80.31999969482422,205
2023-12-27 13:00:00+00:00,80.4000015258789,80.48999786376953,80.20999908447266,80.2699966430664,1150
2023-12-27 14:00:00+00:00,80.45999908447266,80.66999816894531,80.25,80.44000244140625,1454
2023-12-27 15:00:00+00:00,79.88999938964844,80.6500015258789,79.86000061035156,80.45999908447266,2456
2023-12-27 16:00:00+00:00,79.54000091552734,80.02999877929688,79.51000213623047,79.9000015258789,2108
2023-12-27 17:00:00+00:00,80.33000183105469,80.33999633789062,79.51000213623047,79.54000091552734,1550
2023-12-27 18:00:00+00:00,80.30999755859375,80.48999786376953,80.0999984741211,80.33000183105469,1210
2023-12-27 19:00:00+00:00,80.62999725341797,80.6500015258789,80.33000183105469,80.33000183105469,0
2023-12-28 02:00:00+00:00,80.51000213623047,80.55000305175781,80.20999908447266,80.4800033569336,547
2023-12-28 03:00:00+00:00,80.51000213623047,80.55999755859375,80.47000122070312,80.5199966430664,76
2023-12-28 04:00:00+00:00,80.29000091552734,80.48999786376953,80.27999877929688,80.4800033569336,44
2023-12-28 05:00:00+00:00,80.2699966430664,80.29000091552734,80.19000244140625,80.25,93
2023-12-28 06:00:00+00:00,80.44999694824219,80.44999694824219,80.19999694824219,80.2699966430664,78
2023-12-28 07:00:00+00:00,80.44000244140625,80.4800033569336,80.36000061035156,80.41999816894531,25
2023-12-28 08:00:00+00:00,80.56999969482422,80.6500015258789,80.43000030517578,80.43000030517578,98
2023-12-28 09:00:00+00:00,80.68000030517578,80.68000030517578,80.48999786376953,80.55000305175781,152
2023-12-28 10:00:00+00:00,80.43000030517578,80.62999725341797,80.37999725341797,80.5999984741211,152
2023-12-28 11:00:00+00:00,80.88999938964844,81.0,80.43000030517578,80.43000030517578,560
2023-12-28 12:00:00+00:00,81.0,81.0,80.73999786376953,80.88999938964844,331
2023-12-28 13:00:00+00:00,80.86000061035156,81.30000305175781,80.7300033569336,80.98999786376953,1285
2023-12-28 14:00:00+00:00,80.62000274658203,80.83000183105469,80.4000015258789,80.83000183105469,1460
2023-12-28 15:00:00+00:00,80.55000305175781,80.62000274658203,80.31999969482422,80.61000061035156,2141
2023-12-28 16:00:00+00:00,80.73999786376953,80.98999786376953,80.47000122070312,80.55000305175781,1716
2023-12-28 17:00:00+00:00,80.8499984741211,80.9000015258789,80.5,80.75,1124
2023-12-28 18:00:00+00:00,80.97000122070312,80.98999786376953,80.69999694824219,80.8499984741211,1387
2023-12-28 19:00:00+00:00,80.9800033569336,81.05000305175781,80.79000091552734,80.94999694824219,0
2023-12-29 02:00:00+00:00,80.88999938964844,81.0999984741211,80.7300033569336,80.80999755859375,275
2023-12-29 03:00:00+00:00,80.58999633789062,80.87000274658203,80.51000213623047,80.87000274658203,114
2023-12-29 04:00:00+00:00,80.51000213623047,80.5999984741211,80.5,80.55999755859375,75
2023-12-29 05:00:00+00:00,80.63999938964844,80.63999938964844,80.5,80.51000213623047,43
2023-12-29 06:00:00+00:00,80.52999877929688,80.68000030517578,80.52999877929688,80.68000030517578,132
2023-12-29 07:00:00+00:00,80.62000274658203,80.68000030517578,80.47000122070312,80.55999755859375,91
2023-12-29 08:00:00+00:00,80.80999755859375,80.9000015258789,80.62999725341797,80.62999725341797,62
2023-12-29 09:00:00+00:00,80.5199966430664,80.80000305175781,80.44999694824219,80.80000305175781,121
2023-12-29 10:00:00+00:00,80.56999969482422,80.56999969482422,80.44000244140625,80.5199966430664,146
2023-12-29 11:00:00+00:00,80.70999908447266,80.7699966430664,80.56999969482422,80.56999969482422,150
2023-12-29 12:00:00+00:00,80.91000366210938,81.05999755859375,80.69999694824219,80.69999694824219,254
2023-12-29 13:00:00+00:00,81.45999908447266,81.48999786376953,80.9000015258789,80.91999816894531,1382
2023-12-29 14:00:00+00:00,81.2699966430664,81.70999908447266,81.12999725341797,81.45999908447266,2268
2023-12-29 15:00:00+00:00,81.36000061035156,81.75,81.22000122070312,81.27999877929688,2275
2023-12-29 16:00:00+00:00,80.83000183105469,81.44999694824219,80.69000244140625,81.38999938964844,1580
2023-12-29 17:00:00+00:00,81.19000244140625,81.2300033569336,80.77999877929688,80.80000305175781,1767
2023-12-29 18:00:00+00:00,81.0,81.37000274658203,80.95999908447266,81.20999908447266,987
2023-12-29 19:00:00+00:00,80.94999694824219,81.16999816894531,80.87999725341797,81.02999877929688,2547
2024-01-02 05:00:00+00:00,81.19000244140625,81.27999877929688,81.18000030517578,81.22000122070312,25
2024-01-02 06:00:00+00:00,81.04000091552734,81.37000274658203,81.04000091552734,81.19999694824219,267
2024-01-02 07:00:00+00:00,81.4800033569336,81.4800033569336,81.08999633789062,81.08999633789062,206
2024-01-02 08:00:00+00:00,81.5,81.56999969482422,81.4000015258789,81.4800033569336,146
2024-01-02 09:00:00+00:00,81.55000305175781,81.5999984741211,81.41999816894531,81.51000213623047,188
2024-01-02 10:00:00+00:00,81.55999755859375,81.63999938964844,81.51000213623047,81.56999969482422,201
2024-01-02 11:00:00+00:00,81.70999908447266,81.75,81.58000183105469,81.5999984741211,389
2024-01-02 12:00:00+00:00,81.51000213623047,81.72000122070312,81.43000030517578,81.72000122070312,314
2024-01-02 13:00:00+00:00,80.81999969482422,81.44999694824219,80.80000305175781,81.44000244140625,1824
2024-01-02 14:00:00+00:00,80.38999938964844,80.87999725341797,80.1500015258789,80.83000183105469,3718
2024-01-02 15:00:00+00:00,80.13999938964844,80.4800033569336,80.05999755859375,80.37000274658203,2092
2024-01-02 16:00:00+00:00,80.12999725341797,80.48999786376953,79.91000366210938,80.19999694824219,3000
2024-01-02 17:00:00+00:00,79.7699966430664,80.13999938964844,79.75,80.12000274658203,2451
2024-01-02 18:00:00+00:00,79.8499984741211,80.01000213623047,79.69000244140625,79.77999877929688,1912
2024-01-02 19:00:00+00:00,79.9000015258789,80.01000213623047,79.72000122070312,79.83000183105469,0
2024-01-03 02:00:00+00:00,80.47000122070312,80.5,80.25,80.25,540
2024-01-03 03:00:00+00:00,80.26000213623047,80.5,80.16999816894531,80.5,250
2024-01-03 04:00:00+00:00,80.16000366210938,80.2699966430664,80.16000366210938,80.26000213623047,28
2024-01-03 05:00:00+00:00,80.2300033569336,80.27999877929688,80.11000061035156,80.16000366210938,106
2024-01-03 06:00:00+00:00,80.45999908447266,80.48999786376953,80.23999786376953,80.26000213623047,143
2024-01-03 07:00:00+00:00,80.45999908447266,80.54000091552734,80.36000061035156,80.48999786376953,162
2024-01-03 08:00:00+00:00,80.69000244140625,80.73999786376953,80.37000274658203,80.38999938964844,208
2024-01-03 09:00:00+00:00,80.58000183105469,80.6500015258789,80.47000122070312,80.6500015258789,246
2024-01-03 10:00:00+00:00,80.58999633789062,80.61000061035156,80.47000122070312,80.56999969482422,1102
2024-01-03 11:00:00+00:00,80.55999755859375,80.63999938964844,80.51000213623047,80.58000183105469,157
2024-01-03 12:00:00+00:00,80.9000015258789,80.94999694824219,80.52999877929688,80.52999877929688,439
2024-01-03 13:00:00+00:00,80.70999908447266,81.0199966430664,80.54000091552734,80.91999816894531,1815
2024-01-03 14:00:00+00:00,80.76000213623047,80.9000015258789,80.55000305175781,80.72000122070312,2111
2024-01-03 15:00:00+00:00,81.25,81.44000244140625,80.7300033569336,80.75,4717
2024-01-03 16:00:00+00:00,81.13999938964844,81.41999816894531,81.02999877929688,81.25,1890
2024-01-03 17:00:00+00:00,81.25,81.27999877929688,81.0,81.12999725341797,1378
2024-01-03 18:00:00+00:00,81.04000091552734,81.30999755859375,81.02999877929688,81.25,1611
2024-01-03 19:00:00+00:00,80.93000030517578,81.12000274658203,80.73999786376953,81.05000305175781,0
2024-01-04 02:00:00+00:00,80.6500015258789,80.83999633789062,80.5,80.80999755859375,447
2024-01-04 03:00:00+00:00,80.63999938964844,80.68000030517578,80.5999984741211,80.6500015258789,24
2024-01-04 04:00:00+00:00,80.7699966430664,80.7699966430664,80.68000030517578,80.68000030517578,14
2024-01-04 05:00:00+00:00,80.6500015258789,80.75,80.58000183105469,80.75,46
2024-01-04 06:00:00+00:00,80.8499984741211,80.87000274658203,80.70999908447266,80.70999908447266,54
2024-01-04 07:00:00+00:00,80.97000122070312,81.0,80.83999633789062,80.83999633789062,69
2024-01-04 08:00:00+00:00,81.0999984741211,81.13999938964844,80.94999694824219,81.0,94
2024-01-04 09:00:00+00:00,81.22000122070312,81.25,81.13999938964844,81.16999816894531,121
2024-01-04 10:00:00+00:00,81.02999877929688,81.25,81.02999877929688,81.23999786376953,285
2024-01-04 11:00:00+00:00,80.91000366210938,81.06999969482422,80.83000183105469,81.02999877929688,381
2024-01-04 12:00:00+00:00,81.08999633789062,81.12999725341797,80.86000061035156,80.91999816894531,193
2024-01-04 13:00:00+00:00,80.80999755859375,81.08000183105469,80.69999694824219,81.04000091552734,1021
2024-01-04 14:00:00+00:00,80.33000183105469,80.80000305175781,80.22000122070312,80.80000305175781,3413
2024-01-04 15:00:00+00:00,80.31999969482422,80.54000091552734,80.1500015258789,80.33999633789062,2018
2024-01-04 16:00:00+00:00,80.3499984741211,80.3499984741211,80.08000183105469,80.31999969482422,1775
2024-01-04 17:00:00+00:00,80.44000244140625,80.6500015258789,80.33999633789062,80.3499984741211,1365
2024-01-04 18:00:00+00:00,80.18000030517578,80.44999694824219,80.11000061035156,80.44999694824219,1944
2024-01-04 19:00:00+00:00,80.18000030517578,80.22000122070312,80.08000183105469,80.18000030517578,0
2024-01-05 02:00:00+00:00,80.1500015258789,80.30000305175781,80.05000305175781,80.12000274658203,532
2024-01-05 03:00:00+00:00,80.18000030517578,80.25,80.13999938964844,80.16999816894531,274
2024-01-05 04:00:00+00:00,80.1500015258789,80.18000030517578,80.08000183105469,80.13999938964844,43
2024-01-05 05:00:00+00:00,80.22000122070312,80.27999877929688,80.12000274658203,80.1500015258789,92
2024-01-05 06:00:00+00:00,80.26000213623047,80.38999938964844,80.2300033569336,80.25,178
2024-01-05 07:00:00+00:00,80.26000213623047,80.30999755859375,80.22000122070312,80.26000213623047,85
2024-01-05 08:00:00+00:00,80.23999786376953,80.44000244140625,80.20999908447266,80.22000122070312,74
2024-01-05 09:00:00+00:00,80.30000305175781,80.30000305175781,80.12999725341797,80.25,141
2024-01-05 10:00:00+00:00,80.19000244140625,80.29000091552734,80.1500015258789,80.2699966430664,212
2024-01-05 11:00:00+00:00,80.12999725341797,80.2699966430664,80.11000061035156,80.18000030517578,267
2024-01-05 12:00:00+00:00,80.05999755859375,80.13999938964844,80.0,80.12000274658203,845
2024-01-05 13:00:00+00:00,80.02999877929688,80.13999938964844,79.58999633789062,80.08000183105469,3413
2024-01-05 14:00:00+00:00,80.33999633789062,80.56999969482422,79.9800033569336,80.01000213623047,2105
2024-01-05 15:00:00+00:00,80.13999938964844,80.5199966430664,80.05000305175781,80.36000061035156,1171
2024-01-05 16:00:00+00:00,79.93000030517578,80.25,79.80999755859375,80.12000274658203,1213
2024-01-05 17:00:00+00:00,79.98999786376953,80.11000061035156,79.9000015258789,79.94000244140625,1039
2024-01-05 18:00:00+00:00,80.29000091552734,80.44000244140625,79.9000015258789,79.95999908447266,1906
2024-01-05 19:00:00+00:00,80.0999984741211,80.27999877929688,80.05999755859375,80.2699966430664,2116
2024-01-08 02:00:00+00:00,79.81999969482422,80.16000366210938,79.81999969482422,80.01000213623047,318
2024-01-08 03:00:00+00:00,79.94000244140625,79.9800033569336,79.80999755859375,79.80999755859375,143
2024-01-08 04:00:00+00:00,79.94999694824219,79.94999694824219,79.88999938964844,79.91999816894531,22
2024-01-08 05:00:00+00:00,79.9800033569336,80.01000213623047,79.87999725341797,79.91999816894531,53
2024-01-08 06:00:00+00:00,80.0999984741211,80.12000274658203,79.87000274658203,79.9800033569336,274
2024-01-08 07:00:00+00:00,80.04000091552734,80.1500015258789,80.01000213623047,80.12000274658203,129
2024-01-08 08:00:00+00:00,80.12000274658203,80.18000030517578,80.0,80.0,153
2024-01-08 09:00:00+00:00,80.12999725341797,80.19000244140625,80.05000305175781,80.12000274658203,142
2024-01-08 10:00:00+00:00,80.01000213623047,80.13999938964844,79.9800033569336,80.0999984741211,260
2024-01-08 11:00:00+00:00,80.06999969482422,80.27999877929688,79.91999816894531,79.98999786376953,309
2024-01-08 12:00:00+00:00,80.19000244140625,80.19000244140625,79.97000122070312,80.05999755859375,419
2024-01-08 13:00:00+00:00,79.7699966430664,80.19999694824219,79.70999908447266,80.16999816894531,1749
2024-01-08 14:00:00+00:00,79.61000061035156,80.02999877929688,79.61000061035156,79.76000213623047,1895
2024-01-08 15:00:00+00:00,79.68000030517578,79.79000091552734,79.5999984741211,79.61000061035156,1883
2024-01-08 16:00:00+00:00,80.04000091552734,80.0999984741211,79.6500015258789,79.66999816894531,1717
2024-01-08 17:00:00+00:00,80.3499984741211,80.5,79.98999786376953,80.0199966430664,2094
2024-01-08 18:00:00+00:00,80.44000244140625,80.80999755859375,80.33000183105469,80.33999633789062,2730
2024-01-08 19:00:00+00:00,80.36000061035156,80.58999633789062,80.31999969482422,80.44000244140625,0
2024-01-09 02:00:00+00:00,80.81999969482422,80.91000366210938,80.30000305175781,80.45999908447266,545
2024-01-09 03:00:00+00:00,80.69999694824219,80.81999969482422,80.69999694824219,80.80000305175781,48
2024-01-09 04:00:00+00:00,80.69000244140625,80.7300033569336,80.62999725341797,80.69999694824219,21
2024-01-09 05:00:00+00:00,80.7300033569336,80.91000366210938,80.7300033569336,80.7300033569336,69
2024-01-09 06:00:00+00:00,80.75,80.83000183105469,80.66000366210938,80.72000122070312,140
2024-01-09 07:00:00+00:00,80.94999694824219,80.95999908447266,80.7699966430664,80.77999877929688,158
2024-01-09 08:00:00+00:00,80.80999755859375,80.95999908447266,80.80999755859375,80.94000244140625,110
2024-01-09 09:00:00+00:00,80.9000015258789,80.94000244140625,80.83000183105469,80.83000183105469,234
2024-01-09 10:00:00+00:00,80.91000366210938,80.95999908447266,80.81999969482422,80.87999725341797,277
2024-01-09 11:00:00+00:00,80.8499984741211,80.95999908447266,80.80999755859375,80.94000244140625,162
2024-01-09 12:00:00+00:00,80.94000244140625,80.97000122070312,80.8499984741211,80.8499984741211,207
2024-01-09 13:00:00+00:00,80.98999786376953,81.2300033569336,80.91999816894531,80.93000030517578,1931
2024-01-09 14:00:00+00:00,80.94999694824219,81.22000122070312,80.81999969482422,80.9800033569336,2051
2024-01-09 15:00:00+00:00,80.86000061035156,81.13999938964844,80.77999877929688,80.94999694824219,1597
2024-01-09 16:00:00+00:00,81.06999969482422,81.08999633789062,80.77999877929688,80.83999633789062,1610
2024-01-09 17:00:00+00:00,81.0,81.06999969482422,80.83999633789062,81.06999969482422,1631
2024-01-09 18:00:00+00:00,80.91000366210938,81.08999633789062,80.87000274658203,81.0,1985
2024-01-09 19:00:00+00:00,80.66999816894531,80.91000366210938,80.5999984741211,80.9000015258789,0
2024-01-10 02:00:00+00:00,80.86000061035156,80.98999786376953,80.72000122070312,80.72000122070312,114
2024-01-10 03:00:00+00:00,80.80000305175781,80.86000061035156,80.73999786376953,80.8499984741211,127
2024-01-10 04:00:00+00:00,80.83999633789062,80.83999633789062,80.75,80.75,8
2024-01-10 05:00:00+00:00,80.88999938964844,80.9800033569336,80.75,80.81999969482422,95
2024-01-10 06:00:00+00:00,80.73999786376953,80.91000366210938,80.69000244140625,80.91000366210938,186
2024-01-10 07:00:00+00:00,80.76000213623047,80.80000305175781,80.73999786376953,80.76000213623047,39
2024-01-10 08:00:00+00:00,80.91999816894531,80.97000122070312,80.72000122070312,80.77999877929688,330
2024-01-10 09:00:00+00:00,80.87999725341797,80.95999908447266,80.80000305175781,80.91999816894531,263
2024-01-10 10:00:00+00:00,80.95999908447266,80.9800033569336,80.83999633789062,80.86000061035156,295
2024-01-10 11:00:00+00:00,81.08999633789062,81.0999984741211,80.94999694824219,80.95999908447266,515
2024-01-10 12:00:00+00:00,80.97000122070312,81.05999755859375,80.8499984741211,81.05999755859375,344
2024-01-10 13:00:00+00:00,80.69999694824219,80.94999694824219,80.62000274658203,80.94999694824219,1452
2024-01-10 14:00:00+00:00,80.25,80.80999755859375,80.16999816894531,80.69999694824219,3793
2024-01-10 15:00:00+00:00,80.04000091552734,80.27999877929688,80.01000213623047,80.2300033569336,3047
2024-01-10 16:00:00+00:00,80.02999877929688,80.22000122070312,79.91999816894531,80.02999877929688,1636
2024-01-10 17:00:00+00:00,80.01000213623047,80.12999725341797,79.95999908447266,80.02999877929688,1712
2024-01-10 18:00:00+00:00,80.12999725341797,80.20999908447266,79.97000122070312,80.0199966430664,2127
2024-01-10 19:00:00+00:00,80.16999816894531,80.27999877929688,80.12000274658203,80.1500015258789,0
2024-01-11 02:00:00+00:00,80.26000213623047,80.2699966430664,80.0199966430664,80.02999877929688,309
2024-01-11 03:00:00+00:00,80.37999725341797,80.37999725341797,80.20999908447266,80.20999908447266,180
2024-01-11 04:00:00+00:00,80.30999755859375,80.38999938964844,80.29000091552734,80.3499984741211,50
2024-01-11 05:00:00+00:00,80.52999877929688,80.61000061035156,80.26000213623047,80.27999877929688,238
2024-01-11 06:00:00+00:00,80.5,80.54000091552734,80.38999938964844,80.45999908447266,99
2024-01-11 07:00:00+00:00,80.48999786376953,80.55000305175781,80.37000274658203,80.51000213623047,214
2024-01-11 08:00:00+00:00,80.62999725341797,80.66000366210938,80.45999908447266,80.48999786376953,107
2024-01-11 09:00:00+00:00,80.7699966430664,80.83999633789062,80.5999984741211,80.63999938964844,449
2024-01-11 10:00:00+00:00,80.80999755859375,80.87000274658203,80.7699966430664,80.79000091552734,212
2024-01-11 11:00:00+00:00,80.91999816894531,80.94000244140625,80.75,80.83000183105469,294
2024-01-11 12:00:00+00:00,80.94999694824219,81.16000366210938,80.87000274658203,80.91999816894531,1402
2024-01-11 13:00:00+00:00,81.37000274658203,81.4000015258789,80.77999877929688,80.97000122070312,3205
2024-01-11 14:00:00+00:00,81.25,81.5,80.87999725341797,81.37000274658203,3434
2024-01-11 15:00:00+00:00,81.69999694824219,81.94999694824219,81.1500015258789,81.23999786376953,5524
2024-01-11 16:00:00+00:00,81.30000305175781,81.77999877929688,81.25,81.70999908447266,2562
2024-01-11 17:00:00+00:00,81.4800033569336,81.54000091552734,81.2300033569336,81.26000213623047,1643
2024-01-11 18:00:00+00:00,81.44000244140625,81.69999694824219,81.41000366210938,81.48999786376953,2045
2024-01-11 19:00:00+00:00,81.41000366210938,81.58999633789062,81.30999755859375,81.43000030517578,0
2024-01-12 02:00:00+00:00,81.41999816894531,81.62000274658203,81.05999755859375,81.36000061035156,728
2024-01-12 03:00:00+00:00,81.31999969482422,81.37000274658203,81.30000305175781,81.37000274658203,81
2024-01-12 04:00:00+00:00,81.23999786376953,81.31999969482422,81.19999694824219,81.31999969482422,33
2024-01-12 05:00:00+00:00,81.16000366210938,81.26000213623047,81.11000061035156,81.20999908447266,53
2024-01-12 06:00:00+00:00,81.16000366210938,81.25,81.0999984741211,81.1500015258789,74
2024-01-12 07:00:00+00:00,81.30999755859375,81.3499984741211,81.18000030517578,81.18000030517578,58
2024-01-12 08:00:00+00:00,81.51000213623047,81.5999984741211,81.33000183105469,81.33000183105469,121
2024-01-12 09:00:00+00:00,81.68000030517578,81.69999694824219,81.51000213623047,81.5199966430664,239
2024-01-12 10:00:00+00:00,81.69000244140625,81.7699966430664,81.5999984741211,81.66000366210938,248
2024-01-12 11:00:00+00:00,81.69000244140625,81.81999969482422,81.5999984741211,81.70999908447266,397
2024-01-12 12:00:00+00:00,81.88999938964844,81.93000030517578,81.68000030517578,81.68000030517578,716
2024-01-12 13:00:00+00:00,81.2699966430664,81.87000274658203,81.19999694824219,81.87000274658203,1762
2024-01-12 14:00:00+00:00,81.19000244140625,81.58000183105469,81.1500015258789,81.30000305175781,2118
2024-01-12 15:00:00+00:00,81.80999755859375,81.9000015258789,81.11000061035156,81.20999908447266,2715
2024-01-12 16:00:00+00:00,81.83000183105469,81.94999694824219,81.66999816894531,81.81999969482422,2510
2024-01-12 17:00:00+00:00,81.54000091552734,82.22000122070312,81.20999908447266,81.86000061035156,5029
2024-01-12 18:00:00+00:00,81.37000274658203,81.58999633789062,81.29000091552734,81.54000091552734,1737
2024-01-12 19:00:00+00:00,81.18000030517578,81.41999816894531,81.0999984741211,81.37000274658203,3218
2024-01-16 05:00:00+00:00,81.26000213623047,81.27999877929688,81.0999984741211,81.19999694824219,205
2024-01-16 06:00:00+00:00,81.16000366210938,81.25,81.0999984741211,81.22000122070312,156
2024-01-16 07:00:00+00:00,81.19999694824219,81.31999969482422,81.12999725341797,81.1500015258789,109
2024-01-16 08:00:00+00:00,81.16999816894531,81.30000305175781,81.0999984741211,81.22000122070312,211
2024-01-16 09:00:00+00:00,80.93000030517578,81.12999725341797,80.86000061035156,81.12999725341797,628
2024-01-16 10:00:00+00:00,80.80999755859375,81.0,80.80999755859375,80.91999816894531,339
2024-01-16 11:00:00+00:00,80.87999725341797,80.91000366210938,80.80000305175781,80.83000183105469,419
2024-01-16 12:00:00+00:00,80.94000244140625,80.95999908447266,80.80000305175781,80.87999725341797,302
2024-01-16 13:00:00+00:00,80.87000274658203,81.01000213623047,80.81999969482422,80.94000244140625,1336
2024-01-16 14:00:00+00:00,80.98999786376953,81.18000030517578,80.75,80.87000274658203,2788
2024-01-16 15:00:00+00:00,80.87000274658203,81.08999633789062,80.76000213623047,80.98999786376953,2422
2024-01-16 16:00:00+00:00,81.02999877929688,81.05999755859375,80.68000030517578,80.87000274658203,1686
2024-01-16 17:00:00+00:00,81.16999816894531,81.23999786376953,80.98999786376953,81.05000305175781,1550
2024-01-16 18:00:00+00:00,81.37000274658203,81.44999694824219,81.05000305175781,81.1500015258789,1664
2024-01-16 19:00:00+00:00,81.25,81.37999725341797,81.25,81.37999725341797,0
2024-01-17 02:00:00+00:00,81.16999816894531,81.30999755859375,81.12999725341797,81.30999755859375,109
2024-01-17 03:00:00+00:00,81.12000274658203,81.2699966430664,81.12000274658203,81.19999694824219,141
2024-01-17 04:00:00+00:00,81.06999969482422,81.13999938964844,81.06999969482422,81.11000061035156,110
2024-01-17 05:00:00+00:00,81.06999969482422,81.11000061035156,81.01000213623047,81.06999969482422,89
2024-01-17 06:00:00+00:00,81.1500015258789,81.18000030517578,81.04000091552734,81.04000091552734,49
2024-01-17 07:00:00+00:00,81.16999816894531,81.23999786376953,81.12999725341797,81.13999938964844,73
2024-01-17 08:00:00+00:00,81.33999633789062,81.44999694824219,81.1500015258789,81.16000366210938,169
2024-01-17 09:00:00+00:00,81.38999938964844,81.41000366210938,81.25,81.33000183105469,120
2024-01-17 10:00:00+00:00,81.37000274658203,81.41000366210938,81.31999969482422,81.37000274658203,147
2024-01-17 11:00:00+00:00,81.47000122070312,81.47000122070312,81.29000091552734,81.37999725341797,234
2024-01-17 12:00:00+00:00,81.69000244140625,81.69000244140625,81.44000244140625,81.47000122070312,575
2024-01-17 13:00:00+00:00,81.88999938964844,81.94999694824219,81.51000213623047,81.66999816894531,2757
2024-01-17 14:00:00+00:00,82.19999694824219,82.3499984741211,81.87000274658203,81.91000366210938,5593
2024-01-17 15:00:00+00:00,82.13999938964844,82.44999694824219,81.93000030517578,82.19000244140625,3028
2024-01-17 16:00:00+00:00,81.70999908447266,82.1500015258789,81.5999984741211,82.12999725341797,3121
2024-01-17 17:00:00+00:00,81.69000244140625,81.79000091552734,81.4800033569336,81.7300033569336,1964
2024-01-17 18:00:00+00:00,81.79000091552734,81.80000305175781,81.54000091552734,81.69999694824219,1482
2024-01-17 19:00:00+00:00,81.63999938964844,81.83000183105469,81.62999725341797,81.79000091552734,0
2024-01-18 02:00:00+00:00,81.75,81.9800033569336,81.7300033569336,81.87000274658203,495
2024-01-18 03:00:00+00:00,81.87999725341797,81.87999725341797,81.69999694824219,81.73999786376953,64
2024-01-18 04:00:00+00:00,81.83999633789062,81.88999938964844,81.83999633789062,81.88999938964844,13
2024-01-18 05:00:00+00:00,81.86000061035156,81.86000061035156,81.83000183105469,81.83999633789062,13
2024-01-18 06:00:00+00:00,82.22000122070312,82.25,81.87000274658203,81.87000274658203,445
2024-01-18 07:00:00+00:00,82.20999908447266,82.25,82.12000274658203,82.19000244140625,236
2024-01-18 08:00:00+00:00,82.12999725341797,82.20999908447266,82.06999969482422,82.20999908447266,130
2024-01-18 09:00:00+00:00,82.29000091552734,82.29000091552734,82.0999984741211,82.11000061035156,218
2024-01-18 10:00:00+00:00,82.30000305175781,82.33000183105469,82.2300033569336,82.29000091552734,364
2024-01-18 11:00:00+00:00,82.2300033569336,82.33000183105469,82.19000244140625,82.29000091552734,264
2024-01-18 12:00:00+00:00,82.23999786376953,82.30999755859375,82.18000030517578,82.25,434
2024-01-18 13:00:00+00:00,82.04000091552734,82.27999877929688,81.9800033569336,82.26000213623047,1137
2024-01-18 14:00:00+00:00,81.8499984741211,82.16999816894531,81.7699966430664,82.05000305175781,2087
2024-01-18 15:00:00+00:00,82.0999984741211,82.19999694824219,81.6500015258789,81.8499984741211,2440
2024-01-18 16:00:00+00:00,82.45999908447266,82.5,82.08999633789062,82.0999984741211,4254
2024-01-18 17:00:00+00:00,82.41000366210938,82.55000305175781,82.33999633789062,82.45999908447266,1969
2024-01-18 18:00:00+00:00,82.55999755859375,82.58000183105469,82.3499984741211,82.41999816894531,1776
2024-01-18 19:00:00+00:00,82.4800033569336,82.5999984741211,82.44000244140625,82.56999969482422,0
2024-01-19 02:00:00+00:00,82.4800033569336,82.5,82.30999755859375,82.5,299
2024-01-19 03:00:00+00:00,82.44999694824219,82.5,82.44999694824219,82.48999786376953,26
2024-01-19 04:00:00+00:00,82.52999877929688,82.55000305175781,82.44999694824219,82.44999694824219,76
2024-01-19 05:00:00+00:00,82.52999877929688,82.5999984741211,82.47000122070312,82.55000305175781,45
2024-01-19 06:00:00+00:00,82.58000183105469,82.5999984741211,82.5199966430664,82.52999877929688,33
2024-01-19 07:00:00+00:00,82.62000274658203,82.75,82.54000091552734,82.5999984741211,477
2024-01-19 08:00:00+00:00,82.63999938964844,82.69999694824219,82.45999908447266,82.56999969482422,237
2024-01-19 09:00:00+00:00,82.66999816894531,82.75,82.5999984741211,82.66999816894531,212
2024-01-19 10:00:00+00:00,82.7300033569336,82.75,82.61000061035156,82.69999694824219,263
2024-01-19 11:00:00+00:00,82.81999969482422,82.83000183105469,82.62999725341797,82.72000122070312,390
2024-01-19 12:00:00+00:00,82.81999969482422,82.8499984741211,82.75,82.83000183105469,588
2024-01-19 13:00:00+00:00,83.43000030517578,83.5,82.77999877929688,82.81999969482422,7318
2024-01-19 14:00:00+00:00,84.20999908447266,84.27999877929688,83.38999938964844,83.45999908447266,9348
2024-01-19 15:00:00+00:00,84.06999969482422,84.72000122070312,84.04000091552734,84.22000122070312,10457
2024-01-19 16:00:00+00:00,83.80000305175781,84.31999969482422,83.62000274658203,84.08999633789062,4874
2024-01-19 17:00:00+00:00,84.04000091552734,84.16000366210938,83.63999938964844,83.81999969482422,4144
2024-01-19 18:00:00+00:00,83.83999633789062,84.05999755859375,83.62000274658203,84.05000305175781,2703
2024-01-19 19:00:00+00:00,83.88999938964844,84.08999633789062,83.86000061035156,83.86000061035156,3739
2024-01-22 02:00:00+00:00,83.88999938964844,83.91999816894531,83.5999984741211,83.88999938964844,672
2024-01-22 03:00:00+00:00,84.12999725341797,84.19000244140625,83.91000366210938,83.91000366210938,451
2024-01-22 04:00:00+00:00,84.08000183105469,84.12999725341797,84.02999877929688,84.08999633789062,32
2024-01-22 05:00:00+00:00,83.80000305175781,84.12000274658203,83.7300033569336,84.06999969482422,343
2024-01-22 06:00:00+00:00,83.63999938964844,83.87000274658203,83.55000305175781,83.81999969482422,463
2024-01-22 07:00:00+00:00,83.56999969482422,83.62999725341797,83.54000091552734,83.58999633789062,344
2024-01-22 08:00:00+00:00,83.75,83.75,83.55999755859375,83.58000183105469,623
2024-01-22 09:00:00+00:00,84.06999969482422,84.0999984741211,83.69999694824219,83.73999786376953,485
2024-01-22 10:00:00+00:00,84.16999816894531,84.2300033569336,84.04000091552734,84.05999755859375,483
2024-01-22 11:00:00+00:00,84.33000183105469,84.33000183105469,84.13999938964844,84.16000366210938,647
2024-01-22 12:00:00+00:00,84.16000366210938,84.3499984741211,84.13999938964844,84.33000183105469,775
2024-01-22 13:00:00+00:00,83.9800033569336,84.19000244140625,83.7699966430664,84.16999816894531,2625
2024-01-22 14:00:00+00:00,84.58000183105469,84.68000030517578,83.97000122070312,83.98999786376953,4844
2024-01-22 15:00:00+00:00,84.8499984741211,84.8499984741211,84.43000030517578,84.58999633789062,4635
2024-01-22 16:00:00+00:00,84.80999755859375,84.88999938964844,84.55000305175781,84.83999633789062,3102
2024-01-22 17:00:00+00:00,84.94999694824219,84.94999694824219,84.77999877929688,84.81999969482422,3758
2024-01-22 18:00:00+00:00,84.86000061035156,84.98999786376953,84.79000091552734,84.94000244140625,3942
2024-01-22 19:00:00+00:00,84.7699966430664,84.94999694824219,84.66999816894531,84.87000274658203,0
2024-01-23 02:00:00+00:00,84.62000274658203,84.83000183105469,84.4800033569336,84.81999969482422,0
2024-01-23 03:00:00+00:00,84.73999786376953,84.73999786376953,84.62000274658203,84.62999725341797,839
2024-01-23 04:00:00+00:00,84.73999786376953,84.80000305175781,84.7300033569336,84.7300033569336,20
2024-01-23 05:00:00+00:00,84.6500015258789,84.83000183105469,84.62999725341797,84.76000213623047,144
2024-01-23 06:00:00+00:00,84.70999908447266,84.7300033569336,84.5999984741211,84.66999816894531,92
2024-01-23 07:00:00+00:00,84.83000183105469,84.83000183105469,84.70999908447266,84.7300033569336,96
2024-01-23 08:00:00+00:00,84.70999908447266,84.83000183105469,84.70999908447266,84.83000183105469,42
2024-01-23 09:00:00+00:00,84.63999938964844,84.7300033569336,84.5999984741211,84.7300033569336,299
2024-01-23 10:00:00+00:00,84.68000030517578,84.73999786376953,84.6500015258789,84.6500015258789,220
2024-01-23 11:00:00+00:00,84.37000274658203,84.75,84.2699966430664,84.66999816894531,1561
2024-01-23 12:00:00+00:00,84.26000213623047,84.41999816894531,84.16999816894531,84.4000015258789,981
2024-01-23 13:00:00+00:00,84.19000244140625,84.33999633789062,84.12000274658203,84.2699966430664,2176
2024-01-23 14:00:00+00:00,84.58000183105469,84.62000274658203,84.02999877929688,84.16999816894531,3832
2024-01-23 15:00:00+00:00,84.36000061035156,84.5999984741211,84.20999908447266,84.56999969482422,5070
2024-01-23 16:00:00+00:00,84.66000366210938,84.73999786376953,84.33999633789062,84.3499984741211,2772
2024-01-23 17:00:00+00:00,84.52999877929688,84.77999877929688,84.48999786376953,84.66000366210938,2598
2024-01-23 18:00:00+00:00,84.55000305175781,84.63999938964844,84.41999816894531,84.52999877929688,2194
2024-01-23 19:00:00+00:00,84.55999755859375,84.70999908447266,84.45999908447266,84.55000305175781,0
2024-01-24 02:00:00+00:00,84.44000244140625,84.5,84.29000091552734,84.5,263
2024-01-24 03:00:00+00:00,84.44999694824219,84.47000122070312,84.41000366210938,84.41999816894531,43
2024-01-24 04:00:00+00:00,84.5199966430664,84.52999877929688,84.44000244140625,84.44999694824219,16
2024-01-24 05:00:00+00:00,84.5,84.54000091552734,84.47000122070312,84.54000091552734,48
2024-01-24 06:00:00+00:00,84.7300033569336,84.7300033569336,84.52999877929688,84.52999877929688,185
2024-01-24 07:00:00+00:00,84.73999786376953,84.80999755859375,84.69999694824219,84.73999786376953,0
2024-01-24 08:00:00+00:00,84.75,84.80999755859375,84.69000244140625,84.76000213623047,976
2024-01-24 09:00:00+00:00,84.68000030517578,84.79000091552734,84.63999938964844,84.7699966430664,176
2024-01-24 10:00:00+00:00,84.33999633789062,84.7300033569336,84.30999755859375,84.69000244140625,324
2024-01-24 11:00:00+00:00,84.5,84.5199966430664,84.3499984741211,84.36000061035156,441
2024-01-24 12:00:00+00:00,84.7300033569336,84.73999786376953,84.44000244140625,84.51000213623047,286
2024-01-24 13:00:00+00:00,84.80999755859375,84.91000366210938,84.66000366210938,84.7300033569336,1905
2024-01-24 14:00:00+00:00,84.72000122070312,84.98999786376953,84.63999938964844,84.81999969482422,3612
2024-01-24 15:00:00+00:00,85.18000030517578,85.23999786376953,84.69999694824219,84.72000122070312,6307
2024-01-24 16:00:00+00:00,85.37999725341797,85.47000122070312,84.98999786376953,85.16999816894531,3476
2024-01-24 17:00:00+00:00,85.37999725341797,85.48999786376953,85.23999786376953,85.37000274658203,2003
2024-01-24 18:00:00+00:00,85.25,85.47000122070312,85.16999816894531,85.38999938964844,2444
2024-01-24 19:00:00+00:00,85.37999725341797,85.44000244140625,85.20999908447266,85.26000213623047,0
2024-01-25 02:00:00+00:00,85.62000274658203,85.62000274658203,85.19999694824219,85.30000305175781,1043
2024-01-25 03:00:00+00:00,85.5,85.69999694824219,85.5,85.62999725341797,220
2024-01-25 04:00:00+00:00,85.51000213623047,85.63999938964844,85.48999786376953,85.5199966430664,99
2024-01-25 05:00:00+00:00,85.44999694824219,85.58999633789062,85.44999694824219,85.54000091552734,70
2024-01-25 06:00:00+00:00,85.62000274658203,85.62999725341797,85.33000183105469,85.4800033569336,461
2024-01-25 07:00:00+00:00,85.5199966430664,85.62000274658203,85.47000122070312,85.62000274658203,77
2024-01-25 08:00:00+00:00,85.5,85.55000305175781,85.30000305175781,85.51000213623047,271
2024-01-25 09:00:00+00:00,85.31999969482422,85.5199966430664,85.31999969482422,85.5,259
2024-01-25 10:00:00+00:00,85.37000274658203,85.48999786376953,85.33000183105469,85.36000061035156,111
2024-01-25 11:00:00+00:00,85.4000015258789,85.4800033569336,85.33000183105469,85.38999938964844,290
2024-01-25 12:00:00+00:00,85.4000015258789,85.44000244140625,85.30000305175781,85.37999725341797,336
2024-01-25 13:00:00+00:00,85.27999877929688,85.47000122070312,85.08000183105469,85.37999725341797,2239
2024-01-25 14:00:00+00:00,85.55999755859375,85.75,85.27999877929688,85.27999877929688,2964
2024-01-25 15:00:00+00:00,85.31999969482422,85.69000244140625,85.22000122070312,85.52999877929688,2389
2024-01-25 16:00:00+00:00,85.37999725341797,85.41000366210938,85.08999633789062,85.27999877929688,2431
2024-01-25 17:00:00+00:00,85.7300033569336,85.83000183105469,85.30000305175781,85.37000274658203,2501
2024-01-25 18:00:00+00:00,85.61000061035156,85.81999969482422,85.41000366210938,85.72000122070312,2374
2024-01-25 19:00:00+00:00,85.76000213623047,85.79000091552734,85.41999816894531,85.62999725341797,0
2024-01-26 02:00:00+00:00,85.66999816894531,85.86000061035156,85.5199966430664,85.68000030517578,1156
2024-01-26 03:00:00+00:00,85.58000183105469,85.73999786376953,85.55999755859375,85.66999816894531,185
2024-01-26 04:00:00+00:00,85.05999755859375,85.58999633789062,84.83999633789062,85.58999633789062,973
2024-01-26 05:00:00+00:00,85.30000305175781,85.4000015258789,85.12999725341797,85.12999725341797,160
2024-01-26 06:00:00+00:00,85.16000366210938,85.25,84.9800033569336,85.25,201
2024-01-26 07:00:00+00:00,85.36000061035156,85.36000061035156,85.1500015258789,85.1500015258789,172
2024-01-26 08:00:00+00:00,85.48999786376953,85.51000213623047,85.30000305175781,85.36000061035156,227
2024-01-26 09:00:00+00:00,85.16000366210938,85.47000122070312,85.0199966430664,85.47000122070312,377
2024-01-26 10:00:00+00:00,85.48999786376953,85.5,85.18000030517578,85.19000244140625,339
2024-01-26 11:00:00+00:00,85.2699966430664,85.47000122070312,85.19999694824219,85.47000122070312,146
2024-01-26 12:00:00+00:00,85.37000274658203,85.44999694824219,85.22000122070312,85.26000213623047,308
2024-01-26 13:00:00+00:00,85.06999969482422,85.4800033569336,85.02999877929688,85.37999725341797,1771
2024-01-26 14:00:00+00:00,84.66000366210938,85.25,84.56999969482422,85.0999984741211,2916
2024-01-26 15:00:00+00:00,84.97000122070312,85.05000305175781,84.5,84.66000366210938,3127
2024-01-26 16:00:00+00:00,84.79000091552734,85.12999725341797,84.75,84.94999694824219,2181
2024-01-26 17:00:00+00:00,84.5199966430664,84.8499984741211,84.3499984741211,84.79000091552734,3537
2024-01-26 18:00:00+00:00,84.25,84.62000274658203,84.16000366210938,84.5199966430664,2722
2024-01-26 19:00:00+00:00,84.45999908447266,84.5,84.22000122070312,84.23999786376953,2762
2024-01-29 02:00:00+00:00,84.73999786376953,84.83000183105469,84.4000015258789,84.45999908447266,804
2024-01-29 03:00:00+00:00,84.55000305175781,84.76000213623047,84.47000122070312,84.75,191
2024-01-29 04:00:00+00:00,84.63999938964844,84.70999908447266,84.52999877929688,84.56999969482422,99
2024-01-29 05:00:00+00:00,84.63999938964844,84.66999816894531,84.55999755859375,84.5999984741211,96
2024-01-29 06:00:00+00:00,84.7300033569336,84.91999816894531,84.5999984741211,84.62999725341797,424
2024-01-29 07:00:00+00:00,84.62999725341797,84.79000091552734,84.62999725341797,84.70999908447266,113
2024-01-29 08:00:00+00:00,84.56999969482422,84.66000366210938,84.55999755859375,84.6500015258789,238
2024-01-29 09:00:00+00:00,84.52999877929688,84.63999938964844,84.37000274658203,84.58000183105469,621
2024-01-29 10:00:00+00:00,84.58999633789062,84.5999984741211,84.41000366210938,84.51000213623047,204
2024-01-29 11:00:00+00:00,84.61000061035156,84.66000366210938,84.55999755859375,84.62000274658203,497
2024-01-29 12:00:00+00:00,84.6500015258789,84.72000122070312,84.58000183105469,84.5999984741211,427
2024-01-29 13:00:00+00:00,85.08000183105469,85.20999908447266,84.51000213623047,84.63999938964844,1710
2024-01-29 14:00:00+00:00,83.91999816894531,85.19000244140625,83.86000061035156,85.06999969482422,3613
2024-01-29 15:00:00+00:00,84.20999908447266,84.55999755859375,83.86000061035156,83.93000030517578,3342
2024-01-29 16:00:00+00:00,84.23999786376953,84.41999816894531,84.0999984741211,84.19999694824219,1921
2024-01-29 17:00:00+00:00,84.43000030517578,84.4800033569336,84.22000122070312,84.26000213623047,1882
2024-01-29 18:00:00+00:00,84.2699966430664,84.4800033569336,84.0199966430664,84.43000030517578,2583
2024-01-29 19:00:00+00:00,84.2300033569336,84.33000183105469,84.13999938964844,84.27999877929688,0
2024-01-30 02:00:00+00:00,84.45999908447266,84.66000366210938,84.27999877929688,84.5,211
2024-01-30 03:00:00+00:00,84.5,84.63999938964844,84.44999694824219,84.44999694824219,171
2024-01-30 04:00:00+00:00,84.45999908447266,84.54000091552734,84.45999908447266,84.47000122070312,34
2024-01-30 05:00:00+00:00,84.5999984741211,84.69999694824219,84.47000122070312,84.47000122070312,90
2024-01-30 06:00:00+00:00,84.38999938964844,84.5999984741211,84.36000061035156,84.58000183105469,81
2024-01-30 07:00:00+00:00,84.44000244140625,84.44000244140625,84.26000213623047,84.37999725341797,0
2024-01-30 08:00:00+00:00,84.66000366210938,84.69000244140625,84.3499984741211,84.44999694824219,984
2024-01-30 09:00:00+00:00,84.61000061035156,84.76000213623047,84.5999984741211,84.69999694824219,385
2024-01-30 10:00:00+00:00,84.55999755859375,84.62999725341797,84.5,84.58999633789062,133
2024-01-30 11:00:00+00:00,84.33999633789062,84.54000091552734,84.30999755859375,84.54000091552734,211
2024-01-30 12:00:00+00:00,84.12999725341797,84.44000244140625,84.05000305175781,84.33999633789062,771
2024-01-30 13:00:00+00:00,83.83000183105469,84.19999694824219,83.6500015258789,84.11000061035156,2718
2024-01-30 14:00:00+00:00,84.05000305175781,84.30000305175781,83.81999969482422,83.81999969482422,2194
2024-01-30 15:00:00+00:00,84.18000030517578,84.2699966430664,83.95999908447266,84.05999755859375,2285
2024-01-30 16:00:00+00:00,84.62999725341797,84.72000122070312,83.93000030517578,84.19000244140625,3155
2024-01-30 17:00:00+00:00,84.69000244140625,84.70999908447266,84.36000061035156,84.62000274658203,2662
2024-01-30 18:00:00+00:00,84.87000274658203,84.93000030517578,84.61000061035156,84.69000244140625,3010
2024-01-30 19:00:00+00:00,84.69000244140625,84.8499984741211,84.68000030517578,84.8499984741211,0
2024-01-31 02:00:00+00:00,84.83000183105469,84.83999633789062,84.5999984741211,84.68000030517578,301
2024-01-31 03:00:00+00:00,84.91000366210938,84.97000122070312,84.69999694824219,84.83999633789062,247
2024-01-31 04:00:00+00:00,84.94999694824219,84.94999694824219,84.86000061035156,84.91000366210938,52
2024-01-31 05:00:00+00:00,84.88999938964844,84.94000244140625,84.80000305175781,84.9000015258789,66
2024-01-31 06:00:00+00:00,84.83000183105469,84.91999816894531,84.75,84.9000015258789,100
2024-01-31 07:00:00+00:00,84.80999755859375,84.8499984741211,84.77999877929688,84.80999755859375,41
2024-01-31 08:00:00+00:00,84.69999694824219,84.83999633789062,84.69999694824219,84.81999969482422,73
2024-01-31 09:00:00+00:00,84.79000091552734,84.86000061035156,84.7300033569336,84.7300033569336,103
2024-01-31 10:00:00+00:00,84.91999816894531,84.94000244140625,84.77999877929688,84.77999877929688,305
2024-01-31 11:00:00+00:00,84.83000183105469,84.94000244140625,84.83000183105469,84.9000015258789,108
2024-01-31 12:00:00+00:00,84.80000305175781,84.8499984741211,84.73999786376953,84.81999969482422,116
2024-01-31 13:00:00+00:00,84.5999984741211,84.80000305175781,84.5,84.79000091552734,1745
2024-01-31 14:00:00+00:00,84.87000274658203,85.08000183105469,84.5,84.58999633789062,3306
2024-01-31 15:00:00+00:00,85.12999725341797,85.1500015258789,84.70999908447266,84.87999725341797,3258
2024-01-31 16:00:00+00:00,85.08999633789062,85.37000274658203,84.94000244140625,85.13999938964844,3010
2024-01-31 17:00:00+00:00,85.20999908447266,85.2699966430664,85.0,85.08000183105469,1706
2024-01-31 18:00:00+00:00,85.08000183105469,85.33000183105469,85.06999969482422,85.20999908447266,3047
2024-01-31 19:00:00+00:00,85.0999984741211,85.25,84.93000030517578,85.06999969482422,0
2024-02-01 02:00:00+00:00,85.29000091552734,85.4000015258789,84.87000274658203,85.0999984741211,738
2024-02-01 03:00:00+00:00,85.29000091552734,85.33000183105469,85.27999877929688,85.27999877929688,16
2024-02-01 04:00:00+00:00,85.37000274658203,85.47000122070312,85.30999755859375,85.31999969482422,162
2024-02-01 05:00:00+00:00,85.06999969482422,85.3499984741211,85.05999755859375,85.33000183105469,122
2024-02-01 06:00:00+00:00,84.93000030517578,85.25,84.93000030517578,85.11000061035156,234
2024-02-01 07:00:00+00:00,84.94999694824219,85.01000213623047,84.87000274658203,84.91000366210938,121
2024-02-01 08:00:00+00:00,85.2699966430664,86.48999786376953,84.87999725341797,84.94000244140625,392
2024-02-01 09:00:00+00:00,85.12000274658203,86.44000244140625,85.12000274658203,86.44000244140625,2215
2024-02-01 10:00:00+00:00,86.3499984741211,86.45999908447266,85.13999938964844,85.13999938964844,0
2024-02-01 11:00:00+00:00,86.12000274658203,86.30000305175781,86.12000274658203,86.30000305175781,133
2024-02-01 12:00:00+00:00,86.19999694824219,86.19999694824219,86.0199966430664,86.13999938964844,161
2024-02-01 13:00:00+00:00,86.62999725341797,86.69000244140625,86.0,86.1500015258789,2401
2024-02-01 14:00:00+00:00,87.16999816894531,87.47000122070312,86.58000183105469,86.61000061035156,3664
2024-02-01 15:00:00+00:00,87.7699966430664,87.7699966430664,87.0199966430664,87.1500015258789,4007
2024-02-01 16:00:00+00:00,87.76000213623047,88.05000305175781,87.3499984741211,87.79000091552734,3854
2024-02-01 17:00:00+00:00,87.56999969482422,87.88999938964844,87.5,87.79000091552734,1228
2024-02-01 18:00:00+00:00,87.31999969482422,87.69000244140625,87.30000305175781,87.56999969482422,1921
2024-02-01 19:00:00+00:00,87.63999938964844,87.68000030517578,87.38999938964844,87.38999938964844,0
2024-02-02 02:00:00+00:00,87.19999694824219,87.68000030517578,87.18000030517578,87.4800033569336,985
2024-02-02 03:00:00+00:00,87.29000091552734,87.29000091552734,87.06999969482422,87.19999694824219,422
2024-02-02 04:00:00+00:00,87.38999938964844,87.38999938964844,87.27999877929688,87.27999877929688,104
2024-02-02 05:00:00+00:00,87.0,87.43000030517578,86.94999694824219,87.43000030517578,449
2024-02-02 06:00:00+00:00,87.19999694824219,87.30000305175781,86.80999755859375,87.0,472
2024-02-02 07:00:00+00:00,87.5,87.5,87.25,87.25,175
2024-02-02 08:00:00+00:00,87.47000122070312,87.68000030517578,87.47000122070312,87.55999755859375,264
2024-02-02 09:00:00+00:00,87.30000305175781,87.55000305175781,87.30000305175781,87.5,615
2024-02-02 10:00:00+00:00,87.29000091552734,87.4000015258789,87.27999877929688,87.3499984741211,139
2024-02-02 11:00:00+00:00,87.33999633789062,87.4000015258789,87.19999694824219,87.25,229
2024-02-02 12:00:00+00:00,87.37000274658203,87.47000122070312,87.29000091552734,87.37999725341797,251
2024-02-02 13:00:00+00:00,87.44000244140625,87.44000244140625,87.02999877929688,87.4000015258789,1361
2024-02-02 14:00:00+00:00,87.68000030517578,87.68000030517578,87.25,87.44000244140625,2631
2024-02-02 15:00:00+00:00,87.86000061035156,88.19999694824219,87.66000366210938,87.68000030517578,3121
2024-02-02 16:00:00+00:00,87.86000061035156,87.94999694824219,87.7300033569336,87.9000015258789,2750
2024-02-02 17:00:00+00:00,87.9000015258789,88.08999633789062,87.8499984741211,87.88999938964844,1039
2024-02-02 18:00:00+00:00,88.0199966430664,88.13999938964844,87.87999725341797,87.91999816894531,2345
2024-02-02 19:00:00+00:00,88.18000030517578,88.22000122070312,88.02999877929688,88.02999877929688,2730
2024-02-05 02:00:00+00:00,87.91000366210938,87.9800033569336,87.61000061035156,87.94999694824219,605
2024-02-05 03:00:00+00:00,87.88999938964844,87.98999786376953,87.81999969482422,87.9000015258789,304
2024-02-05 04:00:00+00:00,87.81999969482422,87.8499984741211,87.81999969482422,87.8499984741211,4
2024-02-05 05:00:00+00:00,88.04000091552734,88.04000091552734,87.80000305175781,87.83999633789062,403
2024-02-05 06:00:00+00:00,88.13999938964844,88.16999816894531,87.93000030517578,87.9800033569336,780
2024-02-05 07:00:00+00:00,88.02999877929688,88.13999938964844,88.0,88.13999938964844,180
2024-02-05 08:00:00+00:00,87.91999816894531,88.08999633789062,87.91999816894531,87.94000244140625,144
2024-02-05 09:00:00+00:00,88.04000091552734,88.05000305175781,87.75,87.94000244140625,204
2024-02-05 10:00:00+00:00,88.31999969482422,88.33000183105469,88.0199966430664,88.04000091552734,403
2024-02-05 11:00:00+00:00,88.36000061035156,88.4000015258789,88.16999816894531,88.31999969482422,594
2024-02-05 12:00:00+00:00,88.26000213623047,88.37000274658203,88.23999786376953,88.30999755859375,310
2024-02-05 13:00:00+00:00,87.9000015258789,88.33999633789062,87.80000305175781,88.29000091552734,2150
2024-02-05 14:00:00+00:00,87.69999694824219,87.95999908447266,87.56999969482422,87.88999938964844,2030
2024-02-05 15:00:00+00:00,88.19999694824219,88.2300033569336,87.63999938964844,87.70999908447266,1925
2024-02-05 16:00:00+00:00,88.16999816894531,88.26000213623047,87.91999816894531,88.20999908447266,2667
2024-02-05 17:00:00+00:00,88.16000366210938,88.22000122070312,88.0999984741211,88.1500015258789,2336
2024-02-05 18:00:00+00:00,88.01000213623047,88.2300033569336,87.91999816894531,88.16000366210938,2853
2024-02-05 19:00:00+00:00,88.12999725341797,88.13999938964844,87.91000366210938,88.0199966430664,0
2024-02-06 02:00:00+00:00,88.12999725341797,88.25,87.87999725341797,87.87999725341797,200
2024-02-06 03:00:00+00:00,87.9800033569336,88.04000091552734,87.9800033569336,88.04000091552734,19
2024-02-06 04:00:00+00:00,87.94999694824219,88.01000213623047,87.94999694824219,87.97000122070312,15
2024-02-06 05:00:00+00:00,88.05000305175781,88.05000305175781,87.97000122070312,88.02999877929688,0
2024-02-06 06:00:00+00:00,88.0,88.05999755859375,88.0,88.04000091552734,307
2024-02-06 07:00:00+00:00,87.9800033569336,88.0199966430664,87.9800033569336,88.0199966430664,20
2024-02-06 08:00:00+00:00,87.94999694824219,88.08000183105469,87.94999694824219,88.0,27
2024-02-06 09:00:00+00:00,88.0999984741211,88.0999984741211,87.98999786376953,88.0,127
2024-02-06 10:00:00+00:00,88.25,88.27999877929688,88.0,88.05999755859375,265
2024-02-06 11:00:00+00:00,88.31999969482422,88.33999633789062,88.20999908447266,88.27999877929688,299
2024-02-06 12:00:00+00:00,88.30999755859375,88.47000122070312,88.23999786376953,88.30000305175781,290
2024-02-06 13:00:00+00:00,88.44999694824219,88.5,88.16999816894531,88.31999969482422,1187
2024-02-06 14:00:00+00:00,88.19000244140625,88.44999694824219,88.16000366210938,88.44000244140625,2006
2024-02-06 15:00:00+00:00,88.19000244140625,88.27999877929688,88.0,88.16999816894531,2072
2024-02-06 16:00:00+00:00,88.44999694824219,88.5999984741211,88.0999984741211,88.20999908447266,3144
2024-02-06 17:00:00+00:00,88.56999969482422,88.5999984741211,88.27999877929688,88.47000122070312,1452
2024-02-06 18:00:00+00:00,88.22000122070312,88.6500015258789,88.19000244140625,88.58000183105469,2618
2024-02-06 19:00:00+00:00,88.3499984741211,88.47000122070312,88.22000122070312,88.22000122070312,0
2024-02-07 02:00:00+00:00,88.2699966430664,88.4800033569336,88.2300033569336,88.33000183105469,527
2024-02-07 03:00:00+00:00,88.16999816894531,88.31999969482422,88.12000274658203,88.27999877929688,274
2024-02-07 04:00:00+00:00,88.2300033569336,88.2300033569336,88.16000366210938,88.16000366210938,16
2024-02-07 05:00:00+00:00,88.19999694824219,88.19999694824219,88.16000366210938,88.16999816894531,53
2024-02-07 06:00:00+00:00,88.25,88.25,88.08000183105469,88.20999908447266,91
2024-02-07 07:00:00+00:00,88.25,88.29000091552734,88.25,88.29000091552734,47
2024-02-07 08:00:00+00:00,88.41999816894531,88.41999816894531,88.2300033569336,88.30000305175781,373
2024-02-07 09:00:00+00:00,88.47000122070312,88.47000122070312,88.30000305175781,88.37000274658203,241
2024-02-07 10:00:00+00:00,88.41999816894531,88.51000213623047,88.41000366210938,88.44000244140625,384
2024-02-07 11:00:00+00:00,88.26000213623047,88.38999938964844,88.25,88.37999725341797,399
2024-02-07 12:00:00+00:00,88.3499984741211,88.38999938964844,88.20999908447266,88.23999786376953,458
2024-02-07 13:00:00+00:00,88.69000244140625,88.7300033569336,88.31999969482422,88.33000183105469,1642
2024-02-07 14:00:00+00:00,88.69999694824219,88.81999969482422,88.4800033569336,88.69000244140625,3675
2024-02-07 15:00:00+00:00,89.44000244140625,89.45999908447266,88.72000122070312,88.72000122070312,4449
2024-02-07 16:00:00+00:00,89.33000183105469,89.43000030517578,89.08999633789062,89.41000366210938,3180
2024-02-07 17:00:00+00:00,89.31999969482422,89.54000091552734,89.25,89.33999633789062,2931
2024-02-07 18:00:00+00:00,89.16999816894531,89.33999633789062,89.1500015258789,89.30000305175781,2962
2024-02-07 19:00:00+00:00,89.33000183105469,89.37000274658203,89.16000366210938,89.16999816894531,0
2024-02-08 02:00:00+00:00,89.2699966430664,89.30000305175781,89.18000030517578,89.18000030517578,520
2024-02-08 03:00:00+00:00,89.18000030517578,89.25,89.16000366210938,89.25,48
2024-02-08 04:00:00+00:00,89.08999633789062,89.12999725341797,89.08999633789062,89.12999725341797,43
2024-02-08 05:00:00+00:00,89.1500015258789,89.16000366210938,89.01000213623047,89.0999984741211,52
2024-02-08 06:00:00+00:00,89.20999908447266,89.25,89.13999938964844,89.1500015258789,49
2024-02-08 07:00:00+00:00,89.23999786376953,89.25,89.1500015258789,89.1500015258789,118
2024-02-08 08:00:00+00:00,89.08000183105469,89.26000213623047,89.01000213623047,89.26000213623047,134
2024-02-08 09:00:00+00:00,89.04000091552734,89.16999816894531,89.01000213623047,89.0999984741211,320
2024-02-08 10:00:00+00:00,89.06999969482422,89.0999984741211,88.98999786376953,89.04000091552734,189
2024-02-08 11:00:00+00:00,89.08999633789062,89.12000274658203,89.0,89.08000183105469,469
2024-02-08 12:00:00+00:00,89.19999694824219,89.26000213623047,89.06999969482422,89.0999984741211,753
2024-02-08 13:00:00+00:00,89.4000015258789,89.48999786376953,89.0,89.19000244140625,2841
2024-02-08 14:00:00+00:00,89.87999725341797,89.94999694824219,89.4000015258789,89.4000015258789,3762
2024-02-08 15:00:00+00:00,89.41000366210938,90.0,89.33000183105469,89.88999938964844,3875
2024-02-08 16:00:00+00:00,89.37000274658203,89.62999725341797,89.30000305175781,89.44999694824219,2911
2024-02-08 17:00:00+00:00,89.4800033569336,89.52999877929688,89.08000183105469,89.4000015258789,3095
2024-02-08 18:00:00+00:00,89.54000091552734,89.61000061035156,89.37000274658203,89.47000122070312,3416
2024-02-08 19:00:00+00:00,89.76000213623047,89.80000305175781,89.5,89.52999877929688,0
2024-02-09 02:00:00+00:00,89.75,89.9000015258789,89.68000030517578,89.9000015258789,365
2024-02-09 03:00:00+00:00,89.62000274658203,89.80000305175781,89.56999969482422,89.76000213623047,732
2024-02-09 04:00:00+00:00,89.68000030517578,89.68000030517578,89.6500015258789,89.6500015258789,15
2024-02-09 05:00:00+00:00,89.58000183105469,89.69000244140625,89.51000213623047,89.66000366210938,103
2024-02-09 06:00:00+00:00,89.4800033569336,89.62999725341797,89.4000015258789,89.5999984741211,143
2024-02-09 07:00:00+00:00,89.41999816894531,89.48999786376953,89.37000274658203,89.45999908447266,149
2024-02-09 08:00:00+00:00,89.44000244140625,89.45999908447266,89.38999938964844,89.38999938964844,158
2024-02-09 09:00:00+00:00,89.37999725341797,89.4800033569336,89.29000091552734,89.44000244140625,340
2024-02-09 10:00:00+00:00,89.41999816894531,89.41999816894531,89.22000122070312,89.37999725341797,376
2024-02-09 11:00:00+00:00,89.75,89.75,89.43000030517578,89.43000030517578,596
2024-02-09 12:00:00+00:00,89.83000183105469,90.0,89.73999786376953,89.73999786376953,792
2024-02-09 13:00:00+00:00,90.23999786376953,90.31999969482422,89.7699966430664,89.80999755859375,2754
2024-02-09 14:00:00+00:00,91.22000122070312,91.27999877929688,90.18000030517578,90.23999786376953,6777
2024-02-09 15:00:00+00:00,91.95999908447266,92.0,90.94999694824219,91.20999908447266,7744
2024-02-09 16:00:00+00:00,92.16000366210938,92.3499984741211,91.55999755859375,91.94999694824219,6043
2024-02-09 17:00:00+00:00,92.25,92.37999725341797,92.01000213623047,92.16999816894531,3556
2024-02-09 18:00:00+00:00,92.29000091552734,92.30999755859375,91.87999725341797,92.22000122070312,6445
2024-02-09 19:00:00+00:00,92.01000213623047,92.30000305175781,91.97000122070312,92.29000091552734,5374
2024-02-12 02:00:00+00:00,91.20999908447266,91.98999786376953,90.9800033569336,91.98999786376953,1221
2024-02-12 03:00:00+00:00,91.04000091552734,91.23999786376953,90.87000274658203,91.23999786376953,247
2024-02-12 04:00:00+00:00,91.06999969482422,91.06999969482422,90.9800033569336,91.04000091552734,167
2024-02-12 05:00:00+00:00,91.18000030517578,91.19999694824219,91.05999755859375,91.05999755859375,75
2024-02-12 06:00:00+00:00,91.30000305175781,91.36000061035156,91.12999725341797,91.12999725341797,207
2024-02-12 07:00:00+00:00,91.33000183105469,91.44999694824219,91.30000305175781,91.33000183105469,325
2024-02-12 08:00:00+00:00,91.19999694824219,91.44000244140625,91.16000366210938,91.33999633789062,341
2024-02-12 09:00:00+00:00,91.05999755859375,91.31999969482422,91.05999755859375,91.19999694824219,625
2024-02-12 10:00:00+00:00,91.16999816894531,91.18000030517578,91.0,91.08999633789062,554
2024-02-12 11:00:00+00:00,91.69999694824219,91.73999786376953,91.16000366210938,91.16000366210938,633
2024-02-12 12:00:00+00:00,91.80000305175781,91.8499984741211,91.58999633789062,91.69999694824219,634
2024-02-12 13:00:00+00:00,91.55999755859375,91.91999816894531,91.4000015258789,91.83000183105469,2812
2024-02-12 14:00:00+00:00,92.04000091552734,92.18000030517578,91.37999725341797,91.56999969482422,5974
2024-02-12 15:00:00+00:00,90.44999694824219,92.02999877929688,90.1500015258789,92.0,10094
2024-02-12 16:00:00+00:00,91.45999908447266,91.66000366210938,90.36000061035156,90.44000244140625,5451
2024-02-12 17:00:00+00:00,91.98999786376953,92.0,91.45999908447266,91.45999908447266,3833
2024-02-12 18:00:00+00:00,91.31999969482422,92.44000244140625,91.20999908447266,91.97000122070312,5657
2024-02-12 19:00:00+00:00,91.05000305175781,91.52999877929688,91.0,91.29000091552734,0
2024-02-13 02:00:00+00:00,91.4000015258789,91.4000015258789,90.87000274658203,90.94999694824219,448
2024-02-13 03:00:00+00:00,91.30000305175781,91.4000015258789,91.30000305175781,91.30999755859375,35
2024-02-13 04:00:00+00:00,91.41000366210938,91.43000030517578,91.30000305175781,91.30000305175781,35
2024-02-13 05:00:00+00:00,91.44999694824219,91.52999877929688,91.44000244140625,91.45999908447266,56
2024-02-13 06:00:00+00:00,91.54000091552734,91.61000061035156,91.44999694824219,91.44999694824219,94
2024-02-13 07:00:00+00:00,91.52999877929688,91.62000274658203,91.45999908447266,91.52999877929688,80
2024-02-13 08:00:00+00:00,91.30999755859375,91.5999984741211,91.30999755859375,91.4800033569336,1450
2024-02-13 09:00:00+00:00,91.66999816894531,91.80999755859375,91.33000183105469,91.33000183105469,669
2024-02-13 10:00:00+00:00,91.41000366210938,91.70999908447266,91.37999725341797,91.68000030517578,207
2024-02-13 11:00:00+00:00,91.54000091552734,91.58000183105469,91.27999877929688,91.37999725341797,144
2024-02-13 12:00:00+00:00,91.63999938964844,91.68000030517578,91.22000122070312,91.55000305175781,688
2024-02-13 13:00:00+00:00,91.22000122070312,91.68000030517578,90.83999633789062,91.62000274658203,1969
2024-02-13 14:00:00+00:00,91.91999816894531,91.94000244140625,90.94000244140625,91.25,5138
2024-02-13 15:00:00+00:00,92.43000030517578,92.56999969482422,91.70999908447266,91.93000030517578,6105
2024-02-13 16:00:00+00:00,92.51000213623047,93.22000122070312,92.33999633789062,92.44999694824219,6763
2024-02-13 17:00:00+00:00,92.33999633789062,92.54000091552734,92.25,92.5,4409
2024-02-13 18:00:00+00:00,92.29000091552734,92.51000213623047,92.06999969482422,92.31999969482422,3228
2024-02-13 19:00:00+00:00,91.98999786376953,92.30000305175781,91.87000274658203,92.30000305175781,0
2024-02-14 02:00:00+00:00,91.83999633789062,92.05999755859375,91.37000274658203,92.05000305175781,557
2024-02-14 03:00:00+00:00,91.87000274658203,91.94000244140625,91.8499984741211,91.9000015258789,52
2024-02-14 04:00:00+00:00,91.83000183105469,91.93000030517578,91.80999755859375,91.9000015258789,42
2024-02-14 05:00:00+00:00,91.77999877929688,91.86000061035156,91.70999908447266,91.83000183105469,64
2024-02-14 06:00:00+00:00,91.79000091552734,91.80000305175781,91.62000274658203,91.77999877929688,119
2024-02-14 07:00:00+00:00,91.95999908447266,91.95999908447266,91.75,91.7699966430664,181
2024-02-14 08:00:00+00:00,91.93000030517578,91.94000244140625,91.69999694824219,91.93000030517578,404
2024-02-14 09:00:00+00:00,91.73999786376953,91.93000030517578,91.58000183105469,91.91999816894531,459
2024-02-14 10:00:00+00:00,91.93000030517578,91.95999908447266,91.69999694824219,91.73999786376953,414
2024-02-14 11:00:00+00:00,91.97000122070312,91.97000122070312,91.87000274658203,91.94000244140625,326
2024-02-14 12:00:00+00:00,91.98999786376953,92.16999816894531,91.87999725341797,91.94999694824219,830
2024-02-14 13:00:00+00:00,93.05000305175781,93.11000061035156,91.9800033569336,91.98999786376953,3311
2024-02-14 14:00:00+00:00,94.55000305175781,94.77999877929688,93.0199966430664,93.05000305175781,10088
2024-02-14 15:00:00+00:00,94.11000061035156,94.73999786376953,93.76000213623047,94.58000183105469,9517
2024-02-14 16:00:00+00:00,94.7699966430664,94.91999816894531,93.81999969482422,94.0999984741211,5409
2024-02-14 17:00:00+00:00,94.54000091552734,95.27999877929688,94.48999786376953,94.73999786376953,6252
2024-02-14 18:00:00+00:00,94.2699966430664,94.62999725341797,93.98999786376953,94.55000305175781,5189
2024-02-14 19:00:00+00:00,94.45999908447266,94.47000122070312,94.01000213623047,94.27999877929688,0
2024-02-15 02:00:00+00:00,94.11000061035156,94.2699966430664,93.69999694824219,94.1500015258789,927
2024-02-15 03:00:00+00:00,94.44999694824219,94.45999908447266,94.12999725341797,94.12999725341797,151
2024-02-15 04:00:00+00:00,95.22000122070312,95.5,94.45999908447266,94.45999908447266,763
2024-02-15 05:00:00+00:00,95.6500015258789,95.97000122070312,95.31999969482422,95.3499984741211,474
2024-02-15 06:00:00+00:00,95.4800033569336,95.76000213623047,95.19000244140625,95.70999908447266,332
2024-02-15 07:00:00+00:00,95.33000183105469,95.5,95.12999725341797,95.4800033569336,319
2024-02-15 08:00:00+00:00,95.12999725341797,95.3499984741211,94.66999816894531,95.33000183105469,602
2024-02-15 09:00:00+00:00,95.27999877929688,95.37999725341797,94.94000244140625,95.13999938964844,520
2024-02-15 10:00:00+00:00,94.93000030517578,95.55999755859375,94.9000015258789,95.27999877929688,1085
2024-02-15 11:00:00+00:00,94.5999984741211,95.02999877929688,94.33999633789062,94.98999786376953,1063
2024-02-15 12:00:00+00:00,94.5999984741211,94.80999755859375,94.5199966430664,94.61000061035156,427
2024-02-15 13:00:00+00:00,94.44000244140625,94.91000366210938,94.0,94.5999984741211,2844
2024-02-15 14:00:00+00:00,95.20999908447266,95.5,94.38999938964844,94.44000244140625,4933
2024-02-15 15:00:00+00:00,95.19000244140625,95.4000015258789,94.86000061035156,95.20999908447266,3515
2024-02-15 16:00:00+00:00,94.81999969482422,95.13999938964844,94.68000030517578,95.08999633789062,3016
2024-02-15 17:00:00+00:00,95.04000091552734,95.26000213623047,94.80000305175781,94.8499984741211,2937
2024-02-15 18:00:00+00:00,95.2300033569336,95.43000030517578,94.95999908447266,95.02999877929688,2370
2024-02-15 19:00:00+00:00,95.37999725341797,95.41999816894531,95.1500015258789,95.2300033569336,0
2024-02-16 02:00:00+00:00,95.31999969482422,95.4000015258789,95.16999816894531,95.33000183105469,264
2024-02-16 03:00:00+00:00,95.19000244140625,95.72000122070312,95.0999984741211,95.33999633789062,359
2024-02-16 04:00:00+00:00,95.08999633789062,95.22000122070312,95.0,95.22000122070312,148
2024-02-16 05:00:00+00:00,95.29000091552734,95.58000183105469,95.0999984741211,95.0999984741211,184
2024-02-16 06:00:00+00:00,95.13999938964844,95.27999877929688,95.12000274658203,95.27999877929688,79
2024-02-16 07:00:00+00:00,95.29000091552734,95.30000305175781,95.18000030517578,95.2300033569336,88
2024-02-16 08:00:00+00:00,95.33000183105469,95.52999877929688,95.19999694824219,95.27999877929688,168
2024-02-16 09:00:00+00:00,95.2300033569336,95.4800033569336,95.19999694824219,95.3499984741211,284
2024-02-16 10:00:00+00:00,95.30999755859375,95.4000015258789,95.08999633789062,95.22000122070312,334
2024-02-16 11:00:00+00:00,95.37000274658203,95.43000030517578,95.19000244140625,95.27999877929688,412
2024-02-16 12:00:00+00:00,95.18000030517578,95.45999908447266,95.08000183105469,95.44000244140625,528
2024-02-16 13:00:00+00:00,95.88999938964844,95.93000030517578,95.18000030517578,95.18000030517578,2041
2024-02-16 14:00:00+00:00,95.13999938964844,96.41999816894531,95.0999984741211,95.88999938964844,5221
2024-02-16 15:00:00+00:00,95.33999633789062,95.51000213623047,95.0999984741211,95.18000030517578,1921
2024-02-16 16:00:00+00:00,95.12999725341797,95.41000366210938,95.01000213623047,95.33999633789062,2530
2024-02-16 17:00:00+00:00,93.79000091552734,95.29000091552734,93.55000305175781,95.1500015258789,4908
2024-02-16 18:00:00+00:00,94.26000213623047,94.41000366210938,93.5199966430664,93.80000305175781,2567
2024-02-16 19:00:00+00:00,94.41999816894531,94.5199966430664,94.2300033569336,94.26000213623047,2135
2024-02-20 05:00:00+00:00,91.97000122070312,92.44999694824219,91.97000122070312,92.37999725341797,373
2024-02-20 06:00:00+00:00,91.62000274658203,92.16999816894531,91.5199966430664,91.97000122070312,1767
2024-02-20 07:00:00+00:00,92.66000366210938,92.66999816894531,91.6500015258789,91.6500015258789,1234
2024-02-20 08:00:00+00:00,92.4800033569336,92.80000305175781,92.29000091552734,92.66000366210938,1082
2024-02-20 09:00:00+00:00,91.9000015258789,92.44000244140625,91.83000183105469,92.44000244140625,682
2024-02-20 10:00:00+00:00,92.08999633789062,92.22000122070312,91.83000183105469,91.9000015258789,2222
2024-02-20 11:00:00+00:00,92.27999877929688,92.37000274658203,92.01000213623047,92.08000183105469,557
2024-02-20 12:00:00+00:00,92.37000274658203,92.44999694824219,92.0999984741211,92.23999786376953,840
2024-02-20 13:00:00+00:00,92.33000183105469,92.58999633789062,91.83000183105469,92.3499984741211,3085
2024-02-20 14:00:00+00:00,91.86000061035156,92.43000030517578,91.73999786376953,92.33000183105469,4714
2024-02-20 15:00:00+00:00,91.87999725341797,92.13999938964844,91.5199966430664,91.87000274658203,5289
2024-02-20 16:00:00+00:00,91.83000183105469,91.94000244140625,91.5199966430664,91.87999725341797,3081
2024-02-20 17:00:00+00:00,91.66999816894531,92.13999938964844,91.5999984741211,91.83000183105469,3651
2024-02-20 18:00:00+00:00,91.91999816894531,92.08999633789062,91.66000366210938,91.66000366210938,3379
2024-02-20 19:00:00+00:00,91.70999908447266,91.93000030517578,91.66000366210938,91.91000366210938,0
2024-02-21 02:00:00+00:00,92.04000091552734,92.25,91.5,91.5,571
2024-02-21 03:00:00+00:00,92.37999725341797,92.41999816894531,91.98999786376953,92.01000213623047,237
2024-02-21 04:00:00+00:00,92.58999633789062,92.58999633789062,92.33000183105469,92.37999725341797,107
2024-02-21 05:00:00+00:00,92.5199966430664,92.76000213623047,92.5199966430664,92.61000061035156,264
2024-02-21 06:00:00+00:00,91.91999816894531,92.66000366210938,91.91999816894531,92.55999755859375,616
2024-02-21 07:00:00+00:00,92.2300033569336,92.31999969482422,91.9000015258789,91.91999816894531,178
2024-02-21 08:00:00+00:00,92.05999755859375,92.2699966430664,92.05999755859375,92.19000244140625,174
2024-02-21 09:00:00+00:00,92.2699966430664,92.33000183105469,92.02999877929688,92.06999969482422,278
2024-02-21 10:00:00+00:00,92.12999725341797,92.30999755859375,92.12999725341797,92.29000091552734,150
2024-02-21 11:00:00+00:00,91.87000274658203,92.19999694824219,91.7300033569336,92.16000366210938,480
2024-02-21 12:00:00+00:00,92.25,92.36000061035156,91.80999755859375,91.8499984741211,837
2024-02-21 13:00:00+00:00,91.9000015258789,92.2699966430664,91.18000030517578,92.23999786376953,3322
2024-02-21 14:00:00+00:00,92.25,92.48999786376953,91.48999786376953,91.87999725341797,3142
2024-02-21 15:00:00+00:00,93.3499984741211,93.4000015258789,92.26000213623047,92.26000213623047,4162
2024-02-21 16:00:00+00:00,93.5999984741211,93.8499984741211,93.16999816894531,93.33000183105469,4409
2024-02-21 17:00:00+00:00,93.56999969482422,94.12999725341797,93.55999755859375,93.61000061035156,3136
2024-02-21 18:00:00+00:00,93.5999984741211,93.98999786376953,93.44999694824219,93.55000305175781,3023
2024-02-21 19:00:00+00:00,92.98999786376953,93.63999938964844,92.94000244140625,93.58000183105469,0
2024-02-22 02:00:00+00:00,93.22000122070312,93.27999877929688,92.66000366210938,92.94999694824219,628
2024-02-22 03:00:00+00:00,93.19000244140625,93.41000366210938,93.1500015258789,93.2699966430664,470
2024-02-22 04:00:00+00:00,93.30000305175781,93.30000305175781,93.13999938964844,93.19000244140625,82
2024-02-22 05:00:00+00:00,93.44000244140625,93.5999984741211,93.30000305175781,93.30000305175781,185
2024-02-22 06:00:00+00:00,93.73999786376953,93.77999877929688,93.38999938964844,93.4000015258789,298
2024-02-22 07:00:00+00:00,93.79000091552734,93.88999938964844,93.55000305175781,93.70999908447266,365
2024-02-22 08:00:00+00:00,93.91000366210938,94.0,93.83000183105469,93.83000183105469,408
2024-02-22 09:00:00+00:00,94.01000213623047,94.04000091552734,93.58999633789062,93.86000061035156,368
2024-02-22 10:00:00+00:00,93.5999984741211,94.08000183105469,93.58999633789062,94.01000213623047,467
2024-02-22 11:00:00+00:00,93.9800033569336,94.0,93.44999694824219,93.58999633789062,478
2024-02-22 12:00:00+00:00,94.41000366210938,94.9000015258789,93.88999938964844,93.9800033569336,2623
2024-02-22 13:00:00+00:00,93.77999877929688,94.62999725341797,93.63999938964844,94.37999725341797,2351
2024-02-22 14:00:00+00:00,94.12999725341797,94.44000244140625,93.76000213623047,93.80999755859375,2850
2024-02-22 15:00:00+00:00,94.18000030517578,94.69000244140625,94.02999877929688,94.16999816894531,3043
2024-02-22 16:00:00+00:00,94.5,94.70999908447266,94.16999816894531,94.19000244140625,2491
2024-02-22 17:00:00+00:00,94.33000183105469,94.81999969482422,94.23999786376953,94.48999786376953,2448
2024-02-22 18:00:00+00:00,94.2699966430664,94.4800033569336,94.19999694824219,94.33999633789062,1436
2024-02-22 19:00:00+00:00,94.44000244140625,94.55000305175781,93.2300033569336,94.2699966430664,0
2024-02-23 02:00:00+00:00,94.30999755859375,94.41999816894531,94.16000366210938,94.26000213623047,536
2024-02-23 03:00:00+00:00,94.3499984741211,94.44000244140625,94.25,94.27999877929688,75
2024-02-23 04:00:00+00:00,94.36000061035156,94.37999725341797,94.36000061035156,94.37999725341797,5
2024-02-23 05:00:00+00:00,94.5,94.5199966430664,94.44000244140625,94.44000244140625,53
2024-02-23 06:00:00+00:00,94.63999938964844,94.66000366210938,94.54000091552734,94.54000091552734,56
2024-02-23 07:00:00+00:00,94.51000213623047,94.5999984741211,94.33000183105469,94.5999984741211,86
2024-02-23 08:00:00+00:00,94.38999938964844,94.55999755859375,94.36000061035156,94.5199966430664,143
2024-02-23 09:00:00+00:00,94.06999969482422,94.37000274658203,93.8499984741211,94.37000274658203,543
2024-02-23 10:00:00+00:00,93.88999938964844,94.11000061035156,93.87000274658203,94.01000213623047,327
2024-02-23 11:00:00+00:00,93.77999877929688,94.05000305175781,93.75,93.87999725341797,368
2024-02-23 12:00:00+00:00,93.58999633789062,94.06999969482422,93.5,93.76000213623047,805
2024-02-23 13:00:00+00:00,93.79000091552734,93.8499984741211,93.41999816894531,93.5999984741211,2097
2024-02-23 14:00:00+00:00,93.23999786376953,93.87999725341797,92.5999984741211,93.80999755859375,4069
2024-02-23 15:00:00+00:00,93.38999938964844,93.76000213623047,93.05000305175781,93.25,2337
2024-02-23 16:00:00+00:00,93.69999694824219,94.02999877929688,93.04000091552734,93.38999938964844,2381
2024-02-23 17:00:00+00:00,93.44999694824219,93.80999755859375,93.31999969482422,93.70999908447266,1279
2024-02-23 18:00:00+00:00,93.54000091552734,93.66999816894531,93.33999633789062,93.44000244140625,1186
2024-02-23 19:00:00+00:00,93.37000274658203,93.68000030517578,93.37000274658203,93.54000091552734,1908
2024-02-26 02:00:00+00:00,93.20999908447266,93.48999786376953,92.5,93.36000061035156,634
2024-02-26 03:00:00+00:00,92.66999816894531,93.23999786376953,92.66999816894531,93.20999908447266,135
2024-02-26 04:00:00+00:00,92.87999725341797,93.0999984741211,92.66000366210938,92.66000366210938,112
2024-02-26 05:00:00+00:00,92.93000030517578,93.01000213623047,92.7699966430664,92.87999725341797,123
2024-02-26 06:00:00+00:00,92.9800033569336,93.19000244140625,92.8499984741211,92.93000030517578,248
2024-02-26 07:00:00+00:00,93.08000183105469,93.16000366210938,92.98999786376953,92.98999786376953,111
2024-02-26 08:00:00+00:00,93.0199966430664,93.06999969482422,92.80000305175781,93.04000091552734,187
2024-02-26 09:00:00+00:00,92.87000274658203,93.0199966430664,92.72000122070312,93.0199966430664,313
2024-02-26 10:00:00+00:00,93.0,93.05000305175781,92.80000305175781,92.8499984741211,211
2024-02-26 11:00:00+00:00,92.9800033569336,93.02999877929688,92.81999969482422,92.98999786376953,297
2024-02-26 12:00:00+00:00,92.97000122070312,93.0999984741211,92.75,92.9800033569336,311
2024-02-26 13:00:00+00:00,93.5999984741211,94.1500015258789,92.94000244140625,92.95999908447266,2352
2024-02-26 14:00:00+00:00,94.05999755859375,94.3499984741211,93.55999755859375,93.5999984741211,2939
2024-02-26 15:00:00+00:00,93.88999938964844,94.3499984741211,93.62999725341797,94.0999984741211,3710
2024-02-26 16:00:00+00:00,94.01000213623047,94.33000183105469,93.68000030517578,93.91000366210938,2052
2024-02-26 17:00:00+00:00,94.29000091552734,94.4000015258789,93.98999786376953,94.01000213623047,1592
2024-02-26 18:00:00+00:00,94.69999694824219,94.80000305175781,94.27999877929688,94.29000091552734,2995
2024-02-26 19:00:00+00:00,94.88999938964844,94.88999938964844,94.62000274658203,94.69999694824219,0
2024-02-27 02:00:00+00:00,95.1500015258789,95.44999694824219,94.54000091552734,94.6500015258789,926
2024-02-27 03:00:00+00:00,95.48999786376953,95.58999633789062,95.12000274658203,95.1500015258789,223
2024-02-27 04:00:00+00:00,95.2699966430664,95.5,95.2699966430664,95.48999786376953,81
2024-02-27 05:00:00+00:00,95.33000183105469,95.4000015258789,95.26000213623047,95.27999877929688,113
2024-02-27 06:00:00+00:00,95.55000305175781,95.55999755859375,95.30000305175781,95.37000274658203,277
2024-02-27 07:00:00+00:00,96.77999877929688,96.81999969482422,95.55000305175781,95.55000305175781,1010
2024-02-27 08:00:00+00:00,96.94999694824219,97.58999633789062,96.36000061035156,96.79000091552734,1929
2024-02-27 09:00:00+00:00,96.98999786376953,97.5,96.86000061035156,96.95999908447266,1654
2024-02-27 10:00:00+00:00,96.93000030517578,97.22000122070312,96.87999725341797,97.0,433
2024-02-27 11:00:00+00:00,97.0,97.12999725341797,96.75,96.93000030517578,357
2024-02-27 12:00:00+00:00,97.58999633789062,97.95999908447266,96.95999908447266,97.01000213623047,2414
2024-02-27 13:00:00+00:00,96.23999786376953,97.76000213623047,96.12000274658203,97.5999984741211,3801
2024-02-27 14:00:00+00:00,95.66000366210938,96.7300033569336,95.41000366210938,96.19000244140625,4927
2024-02-27 15:00:00+00:00,97.05000305175781,97.22000122070312,95.63999938964844,95.69999694824219,4173
2024-02-27 16:00:00+00:00,97.55999755859375,97.61000061035156,96.70999908447266,97.08000183105469,3186
2024-02-27 17:00:00+00:00,98.80000305175781,98.80000305175781,97.54000091552734,97.54000091552734,5549
2024-02-27 18:00:00+00:00,98.80000305175781,98.80000305175781,98.80000305175781,98.80000305175781,940
2024-02-27 19:00:00+00:00,98.80000305175781,98.80000305175781,98.80000305175781,98.80000305175781,0
2024-02-28 02:00:00+00:00,101.2300033569336,101.30000305175781,98.3499984741211,98.94999694824219,4295
2024-02-28 03:00:00+00:00,101.25,102.37999725341797,100.80000305175781,101.26000213623047,1977
2024-02-28 04:00:00+00:00,101.4000015258789,101.52999877929688,100.8499984741211,101.05000305175781,349
2024-02-28 05:00:00+00:00,101.37000274658203,101.9000015258789,101.30999755859375,101.5199966430664,223
2024-02-28 06:00:00+00:00,102.05999755859375,102.29000091552734,101.1500015258789,101.41000366210938,854
2024-02-28 07:00:00+00:00,101.61000061035156,102.0199966430664,101.2300033569336,101.95999908447266,844
2024-02-28 08:00:00+00:00,101.95999908447266,102.62999725341797,101.4800033569336,101.62000274658203,1665
2024-02-28 09:00:00+00:00,101.8499984741211,101.94999694824219,101.43000030517578,101.94999694824219,1189
2024-02-28 10:00:00+00:00,101.95999908447266,102.08000183105469,101.70999908447266,101.8499984741211,644
2024-02-28 11:00:00+00:00,102.02999877929688,102.33000183105469,101.87999725341797,101.94000244140625,1063
2024-02-28 12:00:00+00:00,102.19999694824219,102.79000091552734,101.73999786376953,102.0199966430664,2209
2024-02-28 13:00:00+00:00,102.11000061035156,103.80000305175781,101.30000305175781,102.25,12251
2024-02-28 14:00:00+00:00,101.69999694824219,102.98999786376953,100.91000366210938,102.08999633789062,7074
2024-02-28 15:00:00+00:00,100.58999633789062,102.2699966430664,100.5,101.76000213623047,5357
2024-02-28 16:00:00+00:00,101.9000015258789,102.44999694824219,100.5,100.6500015258789,4513
2024-02-28 17:00:00+00:00,101.08999633789062,102.44000244140625,101.0,101.9000015258789,3446
2024-02-28 18:00:00+00:00,101.05999755859375,101.3499984741211,100.79000091552734,101.02999877929688,2391
2024-02-28 19:00:00+00:00,101.11000061035156,101.27999877929688,100.66999816894531,101.05999755859375,0
2024-02-29 02:00:00+00:00,99.26000213623047,100.5,97.94999694824219,100.5,2243
2024-02-29 03:00:00+00:00,99.0199966430664,99.2699966430664,98.66000366210938,99.25,541
2024-02-29 04:00:00+00:00,99.36000061035156,99.4000015258789,98.9800033569336,99.0,144
2024-02-29 05:00:00+00:00,99.12999725341797,99.44000244140625,99.08999633789062,99.27999877929688,151
2024-02-29 06:00:00+00:00,99.27999877929688,99.43000030517578,99.0,99.08000183105469,233
2024-02-29 07:00:00+00:00,99.77999877929688,99.86000061035156,99.13999938964844,99.37999725341797,444
2024-02-29 08:00:00+00:00,100.19000244140625,100.5,99.37999725341797,99.58000183105469,810
2024-02-29 09:00:00+00:00,100.19999694824219,100.22000122070312,99.5,100.13999938964844,861
2024-02-29 10:00:00+00:00,99.98999786376953,100.16000366210938,99.1500015258789,100.16000366210938,958
2024-02-29 11:00:00+00:00,100.1500015258789,100.4000015258789,99.91999816894531,99.9800033569336,317
2024-02-29 12:00:00+00:00,99.54000091552734,100.31999969482422,99.5199966430664,100.08000183105469,639
2024-02-29 13:00:00+00:00,98.37000274658203,99.9000015258789,98.23999786376953,99.5199966430664,4041
2024-02-29 14:00:00+00:00,97.52999877929688,98.58999633789062,97.25,98.33000183105469,5358
2024-02-29 15:00:00+00:00,98.69000244140625,99.25,97.44000244140625,97.54000091552734,5191
2024-02-29 16:00:00+00:00,100.06999969482422,100.41000366210938,98.31999969482422,98.73999786376953,4730
2024-02-29 17:00:00+00:00,99.30000305175781,100.19999694824219,98.9800033569336,100.0999984741211,2822
2024-02-29 18:00:00+00:00,99.79000091552734,99.86000061035156,99.16000366210938,99.25,3059
2024-02-29 19:00:00+00:00,99.51000213623047,99.88999938964844,99.19000244140625,99.79000091552734,0
2024-03-01 02:00:00+00:00,98.70999908447266,100.0,98.25,99.5,539
2024-03-01 03:00:00+00:00,99.08999633789062,99.19999694824219,98.5999984741211,98.69999694824219,112
2024-03-01 04:00:00+00:00,99.41000366210938,99.62000274658203,99.1500015258789,99.1500015258789,231
2024-03-01 05:00:00+00:00,99.3499984741211,99.77999877929688,99.3499984741211,99.48999786376953,239
2024-03-01 06:00:00+00:00,99.73999786376953,99.94999694824219,99.36000061035156,99.37000274658203,174
2024-03-01 07:00:00+00:00,98.97000122070312,99.8499984741211,98.9000015258789,99.7699966430664,284
2024-03-01 08:00:00+00:00,99.47000122070312,99.47000122070312,98.83999633789062,98.94000244140625,273
2024-03-01 09:00:00+00:00,99.69000244140625,99.97000122070312,99.43000030517578,99.44999694824219,395
2024-03-01 10:00:00+00:00,99.7300033569336,100.30000305175781,99.69000244140625,99.70999908447266,467
2024-03-01 11:00:00+00:00,99.36000061035156,100.16999816894531,99.36000061035156,99.73999786376953,293
2024-03-01 12:00:00+00:00,98.75,99.6500015258789,98.5999984741211,99.4000015258789,683
2024-03-01 13:00:00+00:00,97.94000244140625,99.04000091552734,97.4000015258789,98.75,5632
2024-03-01 14:00:00+00:00,96.5,97.94000244140625,96.27999877929688,97.91999816894531,6551
2024-03-01 15:00:00+00:00,95.56999969482422,97.08999633789062,95.56999969482422,96.51000213623047,6783
2024-03-01 16:00:00+00:00,95.56999969482422,95.56999969482422,95.56999969482422,95.56999969482422,1235
2024-03-01 17:00:00+00:00,95.56999969482422,95.66999816894531,95.56999969482422,95.56999969482422,2005
2024-03-01 18:00:00+00:00,95.56999969482422,95.56999969482422,95.56999969482422,95.56999969482422,981
2024-03-01 19:00:00+00:00,95.56999969482422,95.56999969482422,95.56999969482422,95.56999969482422,975
2024-03-04 02:00:00+00:00,94.11000061035156,94.62000274658203,92.88999938964844,93.94999694824219,1947
2024-03-04 03:00:00+00:00,94.0999984741211,94.19000244140625,93.83000183105469,94.08000183105469,311
2024-03-04 04:00:00+00:00,94.05999755859375,94.13999938964844,94.0,94.0999984741211,299
2024-03-04 05:00:00+00:00,93.72000122070312,94.11000061035156,93.61000061035156,94.06999969482422,304
2024-03-04 06:00:00+00:00,94.37999725341797,94.37999725341797,93.6500015258789,93.80000305175781,283
2024-03-04 07:00:00+00:00,94.52999877929688,94.75,94.22000122070312,94.36000061035156,425
2024-03-04 08:00:00+00:00,94.4000015258789,94.86000061035156,94.29000091552734,94.48999786376953,583
2024-03-04 09:00:00+00:00,94.9000015258789,95.08000183105469,94.38999938964844,94.43000030517578,394
2024-03-04 10:00:00+00:00,95.05999755859375,95.13999938964844,94.81999969482422,94.83999633789062,177
2024-03-04 11:00:00+00:00,94.87999725341797,95.08999633789062,94.83000183105469,95.05999755859375,275
2024-03-04 12:00:00+00:00,94.94999694824219,95.25,94.8499984741211,94.8499984741211,587
2024-03-04 13:00:00+00:00,94.72000122070312,94.94999694824219,94.25,94.94999694824219,1893
2024-03-04 14:00:00+00:00,95.20999908447266,95.81999969482422,94.48999786376953,94.73999786376953,4737
2024-03-04 15:00:00+00:00,96.45999908447266,96.88999938964844,95.16999816894531,95.19000244140625,3666
2024-03-04 16:00:00+00:00,96.29000091552734,97.72000122070312,96.04000091552734,96.51000213623047,4193
2024-03-04 17:00:00+00:00,94.43000030517578,96.33999633789062,94.43000030517578,96.27999877929688,2832
2024-03-04 18:00:00+00:00,94.77999877929688,95.13999938964844,94.29000091552734,94.41000366210938,2527
2024-03-04 19:00:00+00:00,94.56999969482422,94.81999969482422,94.44999694824219,94.79000091552734,0
2024-03-05 02:00:00+00:00,94.41000366210938,95.3499984741211,94.37000274658203,94.54000091552734,494
2024-03-05 03:00:00+00:00,94.83999633789062,94.88999938964844,94.30000305175781,94.3499984741211,298
2024-03-05 04:00:00+00:00,94.69000244140625,94.93000030517578,94.62000274658203,94.87000274658203,34
2024-03-05 05:00:00+00:00,94.66000366210938,94.77999877929688,94.5999984741211,94.62999725341797,36
2024-03-05 06:00:00+00:00,94.41000366210938,94.66000366210938,94.3499984741211,94.6500015258789,164
2024-03-05 07:00:00+00:00,94.5999984741211,94.69999694824219,94.20999908447266,94.41999816894531,197
2024-03-05 08:00:00+00:00,94.56999969482422,94.66999816894531,94.44999694824219,94.5999984741211,159
2024-03-05 09:00:00+00:00,94.37000274658203,94.58000183105469,94.29000091552734,94.58000183105469,323
2024-03-05 10:00:00+00:00,94.33999633789062,94.47000122070312,94.12000274658203,94.33000183105469,346
2024-03-05 11:00:00+00:00,94.41000366210938,94.5,94.27999877929688,94.37000274658203,237
2024-03-05 12:00:00+00:00,93.87999725341797,94.41000366210938,93.52999877929688,94.4000015258789,1836
2024-03-05 13:00:00+00:00,93.45999908447266,93.91999816894531,93.13999938964844,93.8499984741211,2978
2024-03-05 14:00:00+00:00,93.58000183105469,93.9800033569336,93.2300033569336,93.44999694824219,2772
2024-03-05 15:00:00+00:00,93.68000030517578,94.12999725341797,93.44000244140625,93.58000183105469,4052
2024-03-05 16:00:00+00:00,93.80000305175781,94.0,93.33000183105469,93.66000366210938,2680
2024-03-05 17:00:00+00:00,94.27999877929688,94.6500015258789,93.73999786376953,93.7699966430664,2863
2024-03-05 18:00:00+00:00,94.1500015258789,94.55000305175781,94.02999877929688,94.2699966430664,1446
2024-03-05 19:00:00+00:00,94.3499984741211,94.41999816894531,94.11000061035156,94.1500015258789,0
2024-03-06 02:00:00+00:00,95.56999969482422,95.88999938964844,94.4000015258789,94.4000015258789,1362
2024-03-06 03:00:00+00:00,95.56999969482422,95.94999694824219,95.05999755859375,95.56999969482422,399
2024-03-06 04:00:00+00:00,95.31999969482422,95.7300033569336,95.22000122070312,95.6500015258789,82
2024-03-06 05:00:00+00:00,95.55999755859375,95.70999908447266,95.33999633789062,95.37999725341797,74
2024-03-06 06:00:00+00:00,95.6500015258789,95.91999816894531,95.5999984741211,95.66999816894531,273
2024-03-06 07:00:00+00:00,96.19000244140625,96.25,95.5,95.56999969482422,443
2024-03-06 08:00:00+00:00,96.27999877929688,96.44999694824219,96.16000366210938,96.23999786376953,378
2024-03-06 09:00:00+00:00,96.62000274658203,96.79000091552734,96.25,96.29000091552734,594
2024-03-06 10:00:00+00:00,96.41000366210938,96.55000305175781,96.05000305175781,96.55000305175781,269
2024-03-06 11:00:00+00:00,96.4000015258789,96.62999725341797,96.0999984741211,96.44000244140625,193
2024-03-06 12:00:00+00:00,96.69000244140625,96.86000061035156,96.30999755859375,96.44000244140625,461
2024-03-06 13:00:00+00:00,97.55000305175781,97.69999694824219,96.5,96.72000122070312,3060
2024-03-06 14:00:00+00:00,95.95999908447266,97.5999984741211,95.5,97.55999755859375,3566
2024-03-06 15:00:00+00:00,95.73999786376953,96.45999908447266,95.66999816894531,95.97000122070312,2282
2024-03-06 16:00:00+00:00,95.55999755859375,95.87999725341797,95.01000213623047,95.80000305175781,3323
2024-03-06 17:00:00+00:00,95.55000305175781,95.73999786376953,95.2699966430664,95.55999755859375,1534
2024-03-06 18:00:00+00:00,95.6500015258789,95.87999725341797,95.18000030517578,95.51000213623047,1668
2024-03-06 19:00:00+00:00,95.41999816894531,95.69000244140625,95.22000122070312,95.68000030517578,0
2024-03-07 02:00:00+00:00,96.11000061035156,96.62999725341797,94.86000061035156,94.86000061035156,426
2024-03-07 03:00:00+00:00,96.11000061035156,96.11000061035156,95.7699966430664,96.06999969482422,35
2024-03-07 04:00:00+00:00,96.20999908447266,96.2699966430664,96.11000061035156,96.2699966430664,35
2024-03-07 05:00:00+00:00,96.16000366210938,96.3499984741211,96.01000213623047,96.25,130
2024-03-07 06:00:00+00:00,96.06999969482422,96.27999877929688,95.88999938964844,96.19999694824219,252
2024-03-07 07:00:00+00:00,96.05999755859375,96.13999938964844,95.94000244140625,96.04000091552734,365
2024-03-07 08:00:00+00:00,96.04000091552734,96.0999984741211,95.87000274658203,96.05000305175781,252
2024-03-07 09:00:00+00:00,96.37999725341797,96.44999694824219,95.87000274658203,95.97000122070312,459
2024-03-07 10:00:00+00:00,96.4000015258789,96.69999694824219,96.27999877929688,96.33999633789062,462
2024-03-07 11:00:00+00:00,96.18000030517578,96.45999908447266,96.0199966430664,96.41999816894531,271
2024-03-07 12:00:00+00:00,96.23999786376953,96.5199966430664,96.12000274658203,96.2300033569336,404
2024-03-07 13:00:00+00:00,97.94000244140625,98.18000030517578,96.0,96.16999816894531,3779
2024-03-07 14:00:00+00:00,98.08999633789062,98.44999694824219,97.69000244140625,97.87999725341797,3954
2024-03-07 15:00:00+00:00,98.86000061035156,98.98999786376953,97.55000305175781,98.08999633789062,3237
2024-03-07 16:00:00+00:00,98.91000366210938,99.27999877929688,98.68000030517578,98.86000061035156,6075
2024-03-07 17:00:00+00:00,99.27999877929688,99.27999877929688,98.87999725341797,98.91999816894531,3204
2024-03-07 18:00:00+00:00,99.27999877929688,99.27999877929688,99.20999908447266,99.27999877929688,1866
2024-03-07 19:00:00+00:00,99.25,99.27999877929688,99.05999755859375,99.27999877929688,0
2024-03-08 02:00:00+00:00,99.16000366210938,99.55000305175781,98.19999694824219,99.19999694824219,1111
2024-03-08 03:00:00+00:00,99.88999938964844,100.0,99.22000122070312,99.22000122070312,523
2024-03-08 04:00:00+00:00,99.43000030517578,99.9000015258789,99.4000015258789,99.9000015258789,144
2024-03-08 05:00:00+00:00,99.66999816894531,99.77999877929688,99.25,99.41000366210938,224
2024-03-08 06:00:00+00:00,99.83000183105469,99.94999694824219,99.36000061035156,99.69000244140625,393
2024-03-08 07:00:00+00:00,99.83000183105469,99.87999725341797,99.69999694824219,99.87000274658203,124
2024-03-08 08:00:00+00:00,100.58000183105469,100.69000244140625,99.87999725341797,99.87999725341797,920
2024-03-08 09:00:00+00:00,101.1500015258789,101.19999694824219,100.55000305175781,100.58999633789062,1336
2024-03-08 10:00:00+00:00,101.22000122070312,101.5,101.05999755859375,101.18000030517578,855
2024-03-08 11:00:00+00:00,100.27999877929688,101.27999877929688,100.0999984741211,101.22000122070312,976
2024-03-08 12:00:00+00:00,99.5,100.27999877929688,99.30000305175781,100.25,1222
2024-03-08 13:00:00+00:00,97.25,99.58000183105469,97.08000183105469,99.51000213623047,3811
2024-03-08 14:00:00+00:00,95.77999877929688,97.25,95.5999984741211,97.25,5048
2024-03-08 15:00:00+00:00,95.68000030517578,96.04000091552734,95.29000091552734,95.77999877929688,4710
2024-03-08 16:00:00+00:00,95.62999725341797,95.81999969482422,95.36000061035156,95.66000366210938,2847
2024-03-08 17:00:00+00:00,95.27999877929688,96.80000305175781,95.27999877929688,95.62999725341797,3111
2024-03-08 18:00:00+00:00,95.27999877929688,95.27999877929688,95.27999877929688,95.27999877929688,857
2024-03-08 19:00:00+00:00,95.27999877929688,95.27999877929688,95.27999877929688,95.27999877929688,1892
2024-03-11 01:00:00+00:00,95.04000091552734,95.45999908447266,94.55000305175781,94.86000061035156,1348
2024-03-11 02:00:00+00:00,95.26000213623047,95.26000213623047,94.80000305175781,94.94000244140625,253
2024-03-11 03:00:00+00:00,95.69000244140625,95.73999786376953,95.12999725341797,95.20999908447266,269
2024-03-11 04:00:00+00:00,95.5,95.69000244140625,95.43000030517578,95.6500015258789,31
2024-03-11 05:00:00+00:00,95.77999877929688,95.81999969482422,95.37999725341797,95.41000366210938,83
2024-03-11 06:00:00+00:00,95.68000030517578,95.7300033569336,95.47000122070312,95.72000122070312,123
2024-03-11 07:00:00+00:00,95.87999725341797,96.33000183105469,95.66000366210938,95.7300033569336,349
2024-03-11 08:00:00+00:00,95.93000030517578,96.16999816894531,95.4000015258789,95.91000366210938,340
2024-03-11 09:00:00+00:00,96.3499984741211,96.44999694824219,95.87999725341797,95.95999908447266,641
2024-03-11 10:00:00+00:00,95.91000366210938,96.4000015258789,95.73999786376953,96.36000061035156,660
2024-03-11 11:00:00+00:00,96.1500015258789,96.26000213623047,95.76000213623047,95.83000183105469,504
2024-03-11 12:00:00+00:00,96.16999816894531,96.3499984741211,95.70999908447266,96.18000030517578,1317
2024-03-11 13:00:00+00:00,96.87000274658203,97.33000183105469,96.06999969482422,96.16000366210938,4292
2024-03-11 14:00:00+00:00,97.18000030517578,97.52999877929688,96.77999877929688,96.9000015258789,2174
2024-03-11 15:00:00+00:00,96.5,97.2699966430664,96.19000244140625,97.1500015258789,1632
2024-03-11 16:00:00+00:00,96.55999755859375,97.0,96.2699966430664,96.5,1963
2024-03-11 17:00:00+00:00,95.91000366210938,96.83999633789062,95.7699966430664,96.55999755859375,2575
2024-03-11 18:00:00+00:00,94.87000274658203,96.05000305175781,94.83999633789062,95.9000015258789,0
2024-03-12 01:00:00+00:00,94.98999786376953,95.48999786376953,94.87000274658203,95.05999755859375,505
2024-03-12 02:00:00+00:00,95.06999969482422,95.54000091552734,94.87000274658203,94.88999938964844,382
2024-03-12 03:00:00+00:00,95.45999908447266,95.5,94.94999694824219,95.12000274658203,44
2024-03-12 04:00:00+00:00,95.43000030517578,95.43000030517578,95.27999877929688,95.4000015258789,27
2024-03-12 05:00:00+00:00,95.48999786376953,95.66999816894531,95.38999938964844,95.4000015258789,126
2024-03-12 06:00:00+00:00,95.33999633789062,95.37999725341797,95.0199966430664,95.37999725341797,212
2024-03-12 07:00:00+00:00,95.47000122070312,95.5199966430664,95.27999877929688,95.30999755859375,111
2024-03-12 08:00:00+00:00,95.19000244140625,95.55999755859375,95.05000305175781,95.41999816894531,328
2024-03-12 09:00:00+00:00,94.4800033569336,95.1500015258789,94.0999984741211,95.12000274658203,2039
2024-03-12 10:00:00+00:00,94.52999877929688,94.75,94.44000244140625,94.44000244140625,289
2024-03-12 11:00:00+00:00,94.23999786376953,94.51000213623047,94.2300033569336,94.4800033569336,314
2024-03-12 12:00:00+00:00,94.58000183105469,94.94999694824219,94.05000305175781,94.22000122070312,1791
2024-03-12 13:00:00+00:00,94.72000122070312,95.05999755859375,94.41999816894531,94.62000274658203,1977
2024-03-12 14:00:00+00:00,94.4800033569336,94.98999786376953,94.30999755859375,94.66000366210938,2981
2024-03-12 15:00:00+00:00,95.0999984741211,95.33999633789062,94.4000015258789,94.47000122070312,2390
2024-03-12 16:00:00+00:00,95.30000305175781,95.7699966430664,95.02999877929688,95.12999725341797,2573
2024-03-12 17:00:00+00:00,95.04000091552734,95.51000213623047,94.87000274658203,95.30999755859375,1778
2024-03-12 18:00:00+00:00,95.33000183105469,95.43000030517578,95.04000091552734,95.04000091552734,0
2024-03-13 01:00:00+00:00,95.58999633789062,95.9000015258789,95.2300033569336,95.2300033569336,314
2024-03-13 02:00:00+00:00,95.5999984741211,95.69999694824219,95.55000305175781,95.69999694824219,37
2024-03-13 03:00:00+00:00,95.87000274658203,95.94999694824219,95.63999938964844,95.66999816894531,140
2024-03-13 04:00:00+00:00,96.0999984741211,96.0999984741211,95.80999755859375,95.91999816894531,182
2024-03-13 05:00:00+00:00,96.05000305175781,96.2300033569336,95.95999908447266,96.0999984741211,136
2024-03-13 06:00:00+00:00,95.6500015258789,96.0999984741211,95.55999755859375,96.08000183105469,329
2024-03-13 07:00:00+00:00,95.72000122070312,95.91999816894531,95.61000061035156,95.68000030517578,141
2024-03-13 08:00:00+00:00,96.05999755859375,96.12000274658203,95.7300033569336,95.75,138
2024-03-13 09:00:00+00:00,96.06999969482422,96.16999816894531,95.80000305175781,96.13999938964844,349
2024-03-13 10:00:00+00:00,95.81999969482422,96.0,95.72000122070312,96.0,138
2024-03-13 11:00:00+00:00,95.37999725341797,95.87999725341797,95.33000183105469,95.83999633789062,284
2024-03-13 12:00:00+00:00,94.94999694824219,95.37999725341797,94.80000305175781,95.37000274658203,1741
2024-03-13 13:00:00+00:00,94.66999816894531,95.26000213623047,94.58000183105469,94.9800033569336,1558
2024-03-13 14:00:00+00:00,94.83000183105469,94.91000366210938,94.5199966430664,94.63999938964844,1465
2024-03-13 15:00:00+00:00,94.73999786376953,95.30000305175781,94.61000061035156,94.81999969482422,1505
2024-03-13 16:00:00+00:00,95.23999786376953,95.30000305175781,94.5999984741211,94.69999694824219,1044
2024-03-13 17:00:00+00:00,94.80000305175781,95.2699966430664,94.5999984741211,95.23999786376953,1809
2024-03-13 18:00:00+00:00,95.0,95.05999755859375,94.70999908447266,94.80999755859375,0
2024-03-14 01:00:00+00:00,94.83000183105469,95.38999938964844,94.81999969482422,95.29000091552734,285
2024-03-14 02:00:00+00:00,94.91000366210938,94.94999694824219,94.80000305175781,94.9000015258789,77
2024-03-14 03:00:00+00:00,94.80000305175781,94.88999938964844,94.80000305175781,94.86000061035156,26
2024-03-14 04:00:00+00:00,94.77999877929688,94.86000061035156,94.63999938964844,94.80000305175781,131
2024-03-14 05:00:00+00:00,94.70999908447266,94.80999755859375,94.36000061035156,94.77999877929688,715
2024-03-14 06:00:00+00:00,94.47000122070312,94.81999969482422,94.44000244140625,94.70999908447266,238
2024-03-14 07:00:00+00:00,94.66000366210938,94.70999908447266,94.45999908447266,94.4800033569336,125
2024-03-14 08:00:00+00:00,94.69000244140625,94.69999694824219,94.5,94.6500015258789,172
2024-03-14 09:00:00+00:00,94.87999725341797,95.0,94.68000030517578,94.73999786376953,240
2024-03-14 10:00:00+00:00,94.7699966430664,94.91999816894531,94.6500015258789,94.91000366210938,144
2024-03-14 11:00:00+00:00,94.22000122070312,94.73999786376953,94.12999725341797,94.73999786376953,1302
2024-03-14 12:00:00+00:00,95.27999877929688,95.54000091552734,93.62999725341797,94.22000122070312,4344
2024-03-14 13:00:00+00:00,93.95999908447266,95.37000274658203,93.9000015258789,95.33999633789062,3177
2024-03-14 14:00:00+00:00,93.72000122070312,94.19000244140625,93.5,93.97000122070312,2941
2024-03-14 15:00:00+00:00,93.5999984741211,93.87999725341797,93.36000061035156,93.69999694824219,2764
2024-03-14 16:00:00+00:00,93.48999786376953,93.77999877929688,93.22000122070312,93.55999755859375,1634
2024-03-14 17:00:00+00:00,93.30999755859375,93.61000061035156,93.19999694824219,93.4800033569336,1737
2024-03-14 18:00:00+00:00,93.6500015258789,93.6500015258789,93.30999755859375,93.30999755859375,0
2024-03-15 01:00:00+00:00,93.61000061035156,93.80000305175781,93.38999938964844,93.62999725341797,215
2024-03-15 02:00:00+00:00,93.81999969482422,93.83000183105469,93.56999969482422,93.58999633789062,76
2024-03-15 03:00:00+00:00,93.72000122070312,93.80999755859375,93.5999984741211,93.70999908447266,156
2024-03-15 04:00:00+00:00,93.9800033569336,93.9800033569336,93.73999786376953,93.73999786376953,124
2024-03-15 05:00:00+00:00,93.86000061035156,93.87999725341797,93.75,93.8499984741211,73
2024-03-15 06:00:00+00:00,94.0999984741211,94.0999984741211,93.80999755859375,93.8499984741211,122
2024-03-15 07:00:00+00:00,93.73999786376953,94.25,93.62999725341797,94.12000274658203,242
2024-03-15 08:00:00+00:00,94.20999908447266,94.43000030517578,93.69000244140625,93.69999694824219,598
2024-03-15 09:00:00+00:00,93.87999725341797,94.26000213623047,93.86000061035156,94.2300033569336,201
2024-03-15 10:00:00+00:00,93.29000091552734,93.86000061035156,93.29000091552734,93.86000061035156,1413
2024-03-15 11:00:00+00:00,93.31999969482422,93.45999908447266,93.26000213623047,93.31999969482422,715
2024-03-15 12:00:00+00:00,94.1500015258789,94.19999694824219,93.30999755859375,93.30999755859375,1564
2024-03-15 13:00:00+00:00,93.80000305175781,94.5,93.75,94.19000244140625,1691
2024-03-15 14:00:00+00:00,94.0999984741211,94.55000305175781,93.66000366210938,93.80999755859375,1973
2024-03-15 15:00:00+00:00,93.80000305175781,94.33000183105469,93.69000244140625,94.12000274658203,1141
2024-03-15 16:00:00+00:00,94.05000305175781,94.12000274658203,93.66999816894531,93.7699966430664,1665
2024-03-15 17:00:00+00:00,93.86000061035156,94.16999816894531,93.70999908447266,94.05999755859375,991
2024-03-15 18:00:00+00:00,93.94999694824219,93.98999786376953,93.7699966430664,93.8499984741211,1957
2024-03-18 01:00:00+00:00,95.22000122070312,95.4000015258789,93.80000305175781,93.87999725341797,650
2024-03-18 02:00:00+00:00,96.12999725341797,96.19999694824219,95.11000061035156,95.22000122070312,870
2024-03-18 03:00:00+00:00,95.70999908447266,96.13999938964844,95.70999908447266,96.08000183105469,211
2024-03-18 04:00:00+00:00,95.81999969482422,95.91999816894531,95.69000244140625,95.69000244140625,60
2024-03-18 05:00:00+00:00,95.68000030517578,95.91000366210938,95.66999816894531,95.88999938964844,24
2024-03-18 06:00:00+00:00,95.48999786376953,95.87000274658203,95.4800033569336,95.76000213623047,140
2024-03-18 07:00:00+00:00,95.56999969482422,95.63999938964844,95.3499984741211,95.54000091552734,356
2024-03-18 08:00:00+00:00,95.66999816894531,96.0,95.54000091552734,95.55999755859375,737
2024-03-18 09:00:00+00:00,95.77999877929688,95.87999725341797,95.44000244140625,95.66000366210938,190
2024-03-18 10:00:00+00:00,95.73999786376953,95.83000183105469,95.55000305175781,95.83000183105469,112
2024-03-18 11:00:00+00:00,95.1500015258789,95.79000091552734,95.06999969482422,95.68000030517578,487
2024-03-18 12:00:00+00:00,95.87000274658203,96.0,95.1500015258789,95.16000366210938,1751
2024-03-18 13:00:00+00:00,95.80000305175781,95.9800033569336,95.22000122070312,95.87000274658203,2211
2024-03-18 14:00:00+00:00,95.22000122070312,95.91000366210938,95.05999755859375,95.80999755859375,1855
2024-03-18 15:00:00+00:00,95.11000061035156,95.31999969482422,94.70999908447266,95.22000122070312,1386
2024-03-18 16:00:00+00:00,94.51000213623047,95.11000061035156,94.31999969482422,95.11000061035156,1854
2024-03-18 17:00:00+00:00,94.52999877929688,94.70999908447266,94.12999725341797,94.54000091552734,1383
2024-03-18 18:00:00+00:00,94.58000183105469,94.66000366210938,94.48999786376953,94.51000213623047,0
2024-03-19 01:00:00+00:00,94.44999694824219,94.6500015258789,94.36000061035156,94.56999969482422,149
2024-03-19 02:00:00+00:00,94.37999725341797,94.52999877929688,94.36000061035156,94.38999938964844,61
2024-03-19 03:00:00+00:00,94.2699966430664,94.41999816894531,94.22000122070312,94.36000061035156,134
2024-03-19 04:00:00+00:00,94.20999908447266,94.23999786376953,94.11000061035156,94.22000122070312,71
2024-03-19 05:00:00+00:00,94.12999725341797,94.23999786376953,93.91999816894531,94.11000061035156,173
2024-03-19 06:00:00+00:00,93.7699966430664,94.08000183105469,93.69999694824219,94.05999755859375,341
2024-03-19 07:00:00+00:00,94.0999984741211,94.16999816894531,93.76000213623047,93.77999877929688,181
2024-03-19 08:00:00+00:00,93.4800033569336,94.16000366210938,93.37000274658203,94.08999633789062,1109
2024-03-19 09:00:00+00:00,93.51000213623047,93.69999694824219,93.33000183105469,93.45999908447266,745
2024-03-19 10:00:00+00:00,93.4800033569336,93.79000091552734,93.4000015258789,93.51000213623047,436
2024-03-19 11:00:00+00:00,93.3499984741211,93.51000213623047,93.30000305175781,93.51000213623047,539
2024-03-19 12:00:00+00:00,92.79000091552734,93.54000091552734,92.56999969482422,93.36000061035156,4643
2024-03-19 13:00:00+00:00,92.70999908447266,93.0,92.6500015258789,92.7699966430664,2441
2024-03-19 14:00:00+00:00,92.51000213623047,93.0999984741211,92.5,92.75,3678
2024-03-19 15:00:00+00:00,92.4800033569336,92.86000061035156,92.19000244140625,92.51000213623047,2706
2024-03-19 16:00:00+00:00,92.6500015258789,92.73999786376953,92.33000183105469,92.4800033569336,1258
2024-03-19 17:00:00+00:00,93.33000183105469,93.54000091552734,92.62000274658203,92.66000366210938,2624
2024-03-19 18:00:00+00:00,93.37999725341797,93.58000183105469,93.22000122070312,93.31999969482422,0
2024-03-20 01:00:00+00:00,93.30000305175781,93.47000122070312,93.04000091552734,93.12999725341797,112
2024-03-20 02:00:00+00:00,93.19999694824219,93.3499984741211,93.19999694824219,93.30000305175781,124
2024-03-20 03:00:00+00:00,93.22000122070312,93.2300033569336,93.0199966430664,93.19999694824219,31
2024-03-20 04:00:00+00:00,93.12999725341797,93.20999908447266,93.05000305175781,93.20999908447266,6
2024-03-20 05:00:00+00:00,93.04000091552734,93.16999816894531,93.04000091552734,93.13999938964844,14
2024-03-20 06:00:00+00:00,92.94999694824219,93.12000274658203,92.69999694824219,93.05000305175781,221
2024-03-20 07:00:00+00:00,92.91999816894531,92.93000030517578,92.75,92.87999725341797,73
2024-03-20 08:00:00+00:00,92.66999816894531,93.01000213623047,92.6500015258789,92.94999694824219,185
2024-03-20 09:00:00+00:00,92.52999877929688,92.7699966430664,92.51000213623047,92.6500015258789,469
2024-03-20 10:00:00+00:00,92.8499984741211,93.05999755859375,92.5,92.5199966430664,316
2024-03-20 11:00:00+00:00,92.69999694824219,92.9000015258789,92.5199966430664,92.9000015258789,267
2024-03-20 12:00:00+00:00,92.81999969482422,92.87999725341797,92.5,92.69999694824219,937
2024-03-20 13:00:00+00:00,92.30999755859375,92.83999633789062,92.25,92.81999969482422,2680
2024-03-20 14:00:00+00:00,91.95999908447266,92.33000183105469,91.86000061035156,92.2699966430664,4145
2024-03-20 15:00:00+00:00,92.04000091552734,92.19000244140625,91.80999755859375,91.93000030517578,1996
2024-03-20 16:00:00+00:00,92.58000183105469,92.73999786376953,91.95999908447266,92.04000091552734,1842
2024-03-20 17:00:00+00:00,92.37999725341797,92.75,92.22000122070312,92.61000061035156,1206
2024-03-20 18:00:00+00:00,92.18000030517578,92.55000305175781,92.11000061035156,92.44000244140625,0
2024-03-21 01:00:00+00:00,92.5999984741211,92.6500015258789,92.19000244140625,92.5,633
2024-03-21 02:00:00+00:00,93.1500015258789,93.16000366210938,92.63999938964844,92.6500015258789,413
2024-03-21 03:00:00+00:00,92.9800033569336,93.31999969482422,92.9800033569336,93.16000366210938,182
2024-03-21 04:00:00+00:00,93.12999725341797,93.2300033569336,93.01000213623047,93.01000213623047,63
2024-03-21 05:00:00+00:00,93.23999786376953,93.23999786376953,92.97000122070312,93.0199966430664,114
2024-03-21 06:00:00+00:00,93.44000244140625,93.5,93.1500015258789,93.19999694824219,291
2024-03-21 07:00:00+00:00,93.20999908447266,93.45999908447266,93.20999908447266,93.41999816894531,215
2024-03-21 08:00:00+00:00,93.11000061035156,93.30999755859375,93.06999969482422,93.23999786376953,297
2024-03-21 09:00:00+00:00,92.56999969482422,93.08999633789062,92.54000091552734,93.08999633789062,371
2024-03-21 10:00:00+00:00,92.4000015258789,92.5999984741211,92.29000091552734,92.55999755859375,357
2024-03-21 11:00:00+00:00,92.12999725341797,92.43000030517578,92.01000213623047,92.4000015258789,470
2024-03-21 12:00:00+00:00,92.91000366210938,93.02999877929688,91.91000366210938,92.08000183105469,1935
2024-03-21 13:00:00+00:00,92.26000213623047,92.9000015258789,92.06999969482422,92.9000015258789,2283
2024-03-21 14:00:00+00:00,92.45999908447266,92.48999786376953,91.91999816894531,92.25,1832
2024-03-21 15:00:00+00:00,92.0,92.45999908447266,91.83999633789062,92.45999908447266,1785
2024-03-21 16:00:00+00:00,91.91999816894531,92.08999633789062,91.87000274658203,91.9800033569336,1480
2024-03-21 17:00:00+00:00,92.2699966430664,92.37000274658203,91.8499984741211,91.91999816894531,1364
2024-03-21 18:00:00+00:00,92.22000122070312,92.30000305175781,92.02999877929688,92.26000213623047,0
2024-03-22 01:00:00+00:00,91.66000366210938,92.29000091552734,91.58999633789062,92.22000122070312,1031
2024-03-22 02:00:00+00:00,91.69999694824219,91.9800033569336,91.69999694824219,91.79000091552734,172
2024-03-22 03:00:00+00:00,91.87999725341797,91.87999725341797,91.72000122070312,91.80999755859375,41
2024-03-22 04:00:00+00:00,91.76000213623047,91.88999938964844,91.75,91.79000091552734,17
2024-03-22 05:00:00+00:00,91.75,91.86000061035156,91.75,91.80000305175781,37
2024-03-22 06:00:00+00:00,91.97000122070312,92.01000213623047,91.80999755859375,91.80999755859375,78
2024-03-22 07:00:00+00:00,91.75,91.93000030517578,91.66999816894531,91.91999816894531,328
2024-03-22 08:00:00+00:00,91.61000061035156,91.80000305175781,91.5999984741211,91.77999877929688,394
2024-03-22 09:00:00+00:00,91.93000030517578,91.93000030517578,91.61000061035156,91.61000061035156,134
2024-03-22 10:00:00+00:00,92.04000091552734,92.11000061035156,91.79000091552734,91.91000366210938,138
2024-03-22 11:00:00+00:00,92.2300033569336,92.5,91.86000061035156,92.01000213623047,603
2024-03-22 12:00:00+00:00,92.5999984741211,92.8499984741211,92.02999877929688,92.27999877929688,1304
2024-03-22 13:00:00+00:00,92.36000061035156,92.81999969482422,92.31999969482422,92.55999755859375,1568
2024-03-22 14:00:00+00:00,92.54000091552734,92.56999969482422,92.2300033569336,92.38999938964844,1267
2024-03-22 15:00:00+00:00,92.1500015258789,92.56999969482422,92.0199966430664,92.5,1212
2024-03-22 16:00:00+00:00,91.77999877929688,92.23999786376953,91.70999908447266,92.12000274658203,2417
2024-03-22 17:00:00+00:00,91.61000061035156,91.80000305175781,91.5999984741211,91.7699966430664,1279
2024-03-22 18:00:00+00:00,91.51000213623047,91.6500015258789,91.41999816894531,91.62000274658203,3255
2024-03-25 01:00:00+00:00,91.63999938964844,91.83999633789062,91.41000366210938,91.69000244140625,349
2024-03-25 02:00:00+00:00,91.72000122070312,91.72000122070312,91.58000183105469,91.63999938964844,58
2024-03-25 03:00:00+00:00,91.69000244140625,91.7300033569336,91.62999725341797,91.6500015258789,37
2024-03-25 04:00:00+00:00,91.68000030517578,91.68000030517578,91.68000030517578,91.68000030517578,14
2024-03-25 05:00:00+00:00,91.80999755859375,91.80999755859375,91.72000122070312,91.7300033569336,80
2024-03-25 06:00:00+00:00,91.6500015258789,91.91999816894531,91.62000274658203,91.73999786376953,113
2024-03-25 07:00:00+00:00,91.62999725341797,91.69999694824219,91.5,91.66999816894531,189
2024-03-25 08:00:00+00:00,91.55000305175781,91.69000244140625,91.48999786376953,91.66999816894531,168
2024-03-25 09:00:00+00:00,91.38999938964844,91.55999755859375,91.30999755859375,91.52999877929688,478
2024-03-25 10:00:00+00:00,91.38999938964844,91.4800033569336,91.30000305175781,91.4000015258789,152
2024-03-25 11:00:00+00:00,91.36000061035156,91.41999816894531,91.30000305175781,91.37000274658203,177
2024-03-25 12:00:00+00:00,91.04000091552734,91.48999786376953,90.9800033569336,91.33999633789062,2864
2024-03-25 13:00:00+00:00,91.68000030517578,91.77999877929688,91.06999969482422,91.06999969482422,1742
2024-03-25 14:00:00+00:00,91.80999755859375,92.30999755859375,91.62000274658203,91.68000030517578,2857
2024-03-25 15:00:00+00:00,91.86000061035156,91.95999908447266,91.55999755859375,91.7699966430664,2071
2024-03-25 16:00:00+00:00,92.12999725341797,92.16999816894531,91.76000213623047,91.83000183105469,1284
2024-03-25 17:00:00+00:00,92.0999984741211,92.19999694824219,92.0,92.1500015258789,1303
2024-03-25 18:00:00+00:00,92.12000274658203,92.19000244140625,91.94999694824219,92.08999633789062,0
2024-03-26 01:00:00+00:00,92.51000213623047,92.66000366210938,92.02999877929688,92.02999877929688,376
2024-03-26 02:00:00+00:00,92.37999725341797,92.5199966430664,92.33999633789062,92.51000213623047,83
2024-03-26 03:00:00+00:00,92.38999938964844,92.38999938964844,92.27999877929688,92.27999877929688,25
2024-03-26 04:00:00+00:00,92.37999725341797,92.38999938964844,92.37000274658203,92.38999938964844,7
2024-03-26 05:00:00+00:00,92.37999725341797,92.44000244140625,92.27999877929688,92.33999633789062,90
2024-03-26 06:00:00+00:00,92.61000061035156,92.62000274658203,92.38999938964844,92.38999938964844,179
2024-03-26 07:00:00+00:00,92.33999633789062,92.55999755859375,92.33000183105469,92.52999877929688,89
2024-03-26 08:00:00+00:00,92.41999816894531,92.44999694824219,92.11000061035156,92.33000183105469,241
2024-03-26 09:00:00+00:00,93.38999938964844,93.5,92.33000183105469,92.33000183105469,1111
2024-03-26 10:00:00+00:00,93.1500015258789,93.45999908447266,92.86000061035156,93.45999908447266,690
2024-03-26 11:00:00+00:00,93.05999755859375,93.3499984741211,93.05999755859375,93.12999725341797,275
2024-03-26 12:00:00+00:00,93.16999816894531,93.45999908447266,92.86000061035156,93.05000305175781,1132
2024-03-26 13:00:00+00:00,94.08999633789062,94.2699966430664,93.1500015258789,93.19999694824219,3412
2024-03-26 14:00:00+00:00,93.62999725341797,94.06999969482422,93.56999969482422,94.05000305175781,2768
2024-03-26 15:00:00+00:00,93.86000061035156,94.02999877929688,93.56999969482422,93.5999984741211,2932
2024-03-26 16:00:00+00:00,93.36000061035156,93.94999694824219,93.29000091552734,93.83999633789062,1523
2024-03-26 17:00:00+00:00,93.66000366210938,93.73999786376953,93.33000183105469,93.36000061035156,1233
2024-03-26 18:00:00+00:00,93.41999816894531,93.69999694824219,92.0199966430664,93.68000030517578,0
2024-03-27 01:00:00+00:00,93.22000122070312,93.41000366210938,93.11000061035156,93.41000366210938,280
2024-03-27 02:00:00+00:00,93.16999816894531,93.25,93.16999816894531,93.22000122070312,59
2024-03-27 03:00:00+00:00,92.91999816894531,93.1500015258789,92.86000061035156,93.1500015258789,161
2024-03-27 04:00:00+00:00,92.6500015258789,92.9000015258789,92.5999984741211,92.9000015258789,239
2024-03-27 05:00:00+00:00,92.55999755859375,92.69999694824219,92.55999755859375,92.66000366210938,80
2024-03-27 06:00:00+00:00,92.63999938964844,92.70999908447266,92.47000122070312,92.55000305175781,173
2024-03-27 07:00:00+00:00,92.69999694824219,92.88999938964844,92.62999725341797,92.66000366210938,226
2024-03-27 08:00:00+00:00,92.51000213623047,92.79000091552734,92.51000213623047,92.69000244140625,703
2024-03-27 09:00:00+00:00,92.26000213623047,92.55999755859375,92.26000213623047,92.52999877929688,361
2024-03-27 10:00:00+00:00,92.5999984741211,92.61000061035156,92.23999786376953,92.2699966430664,299
2024-03-27 11:00:00+00:00,92.33999633789062,92.58999633789062,92.2300033569336,92.58999633789062,335
2024-03-27 12:00:00+00:00,91.72000122070312,92.3499984741211,91.56999969482422,92.31999969482422,2696
2024-03-27 13:00:00+00:00,91.25,91.87999725341797,91.12000274658203,91.69000244140625,3549
2024-03-27 14:00:00+00:00,91.12000274658203,91.3499984741211,91.05000305175781,91.25,2733
2024-03-27 15:00:00+00:00,91.25,91.4800033569336,91.05999755859375,91.1500015258789,1831
2024-03-27 16:00:00+00:00,90.97000122070312,91.2699966430664,90.86000061035156,91.26000213623047,2549
2024-03-27 17:00:00+00:00,90.83999633789062,90.94000244140625,90.55999755859375,90.94000244140625,2629
2024-03-27 18:00:00+00:00,90.97000122070312,90.97000122070312,90.68000030517578,90.83000183105469,0
2024-03-28 01:00:00+00:00,91.0999984741211,91.12000274658203,90.86000061035156,90.9800033569336,365
2024-03-28 02:00:00+00:00,91.04000091552734,91.30000305175781,91.01000213623047,91.05999755859375,119
2024-03-28 03:00:00+00:00,91.12000274658203,91.30000305175781,91.06999969482422,91.06999969482422,115
2024-03-28 04:00:00+00:00,91.2699966430664,91.27999877929688,91.12000274658203,91.1500015258789,41
2024-03-28 05:00:00+00:00,91.1500015258789,91.2699966430664,91.1500015258789,91.2699966430664,131
2024-03-28 06:00:00+00:00,91.05000305175781,91.23999786376953,91.0,91.16000366210938,209
2024-03-28 07:00:00+00:00,91.05000305175781,91.1500015258789,91.0199966430664,91.0199966430664,218
2024-03-28 08:00:00+00:00,91.05999755859375,91.13999938964844,91.02999877929688,91.08999633789062,184
2024-03-28 09:00:00+00:00,91.44000244140625,91.4800033569336,91.05000305175781,91.05000305175781,310
2024-03-28 10:00:00+00:00,91.41000366210938,91.4800033569336,91.31999969482422,91.38999938964844,142
2024-03-28 11:00:00+00:00,91.47000122070312,91.7699966430664,91.3499984741211,91.43000030517578,798
2024-03-28 12:00:00+00:00,91.54000091552734,91.97000122070312,91.27999877929688,91.4800033569336,2373
2024-03-28 13:00:00+00:00,90.91000366210938,91.6500015258789,90.86000061035156,91.55000305175781,2593
2024-03-28 14:00:00+00:00,90.70999908447266,91.01000213623047,90.51000213623047,90.9000015258789,2644
2024-03-28 15:00:00+00:00,90.91000366210938,91.27999877929688,90.73999786376953,90.76000213623047,1839
2024-03-28 16:00:00+00:00,91.08000183105469,91.94999694824219,90.81999969482422,90.9000015258789,2892
2024-03-28 17:00:00+00:00,90.98999786376953,91.08000183105469,90.77999877929688,91.08000183105469,1952
2024-03-28 18:00:00+00:00,91.43000030517578,91.5,90.9800033569336,90.98999786376953,0
2024-04-01 01:00:00+00:00,92.4000015258789,92.4000015258789,91.54000091552734,91.56999969482422,556
2024-04-01 02:00:00+00:00,92.37000274658203,92.4000015258789,92.16999816894531,92.20999908447266,72
2024-04-01 03:00:00+00:00,92.44999694824219,92.47000122070312,92.3499984741211,92.4000015258789,136
2024-04-01 04:00:00+00:00,92.30000305175781,92.55000305175781,92.2699966430664,92.4000015258789,101
2024-04-01 05:00:00+00:00,92.30000305175781,92.3499984741211,92.2300033569336,92.30000305175781,63
2024-04-01 06:00:00+00:00,92.12999725341797,92.43000030517578,92.12999725341797,92.43000030517578,72
2024-04-01 07:00:00+00:00,92.02999877929688,92.75,91.98999786376953,92.19000244140625,100
2024-04-01 08:00:00+00:00,92.19000244140625,92.77999877929688,92.0,92.05000305175781,175
2024-04-01 09:00:00+00:00,92.22000122070312,92.83000183105469,92.1500015258789,92.16000366210938,193
2024-04-01 10:00:00+00:00,92.19000244140625,92.83999633789062,92.19000244140625,92.29000091552734,25
2024-04-01 11:00:00+00:00,92.38999938964844,93.05000305175781,92.19000244140625,92.19000244140625,486
2024-04-01 12:00:00+00:00,92.80999755859375,92.97000122070312,92.02999877929688,92.38999938964844,0
2024-04-01 13:00:00+00:00,93.11000061035156,93.37999725341797,92.23999786376953,92.27999877929688,1177
2024-04-01 14:00:00+00:00,92.44999694824219,93.18000030517578,91.62999725341797,92.55999755859375,1406
2024-04-01 15:00:00+00:00,93.19000244140625,93.27999877929688,91.70999908447266,91.73999786376953,1378
2024-04-01 16:00:00+00:00,92.68000030517578,93.44000244140625,92.55999755859375,92.55999755859375,4630
2024-04-01 17:00:00+00:00,92.6500015258789,93.33000183105469,92.5199966430664,92.68000030517578,1228
2024-04-01 18:00:00+00:00,92.80000305175781,93.37999725341797,92.61000061035156,93.2699966430664,0
2024-04-02 01:00:00+00:00,93.30000305175781,93.41000366210938,92.54000091552734,92.76000213623047,165
2024-04-02 02:00:00+00:00,93.22000122070312,93.23999786376953,93.22000122070312,93.23999786376953,2
2024-04-02 03:00:00+00:00,93.22000122070312,93.22000122070312,93.16000366210938,93.22000122070312,12
2024-04-02 04:00:00+00:00,93.37999725341797,93.37999725341797,93.27999877929688,93.27999877929688,19
2024-04-02 05:00:00+00:00,93.36000061035156,93.38999938964844,93.31999969482422,93.38999938964844,8
2024-04-02 06:00:00+00:00,93.30999755859375,93.38999938964844,93.27999877929688,93.36000061035156,46
2024-04-02 07:00:00+00:00,93.33000183105469,93.41000366210938,93.30000305175781,93.36000061035156,182
2024-04-02 08:00:00+00:00,92.98999786376953,93.30999755859375,92.91999816894531,93.30999755859375,248
2024-04-02 09:00:00+00:00,93.02999877929688,93.29000091552734,92.93000030517578,93.01000213623047,211
2024-04-02 10:00:00+00:00,93.22000122070312,93.26000213623047,92.94000244140625,93.0,40
2024-04-02 11:00:00+00:00,93.19000244140625,93.2699966430664,93.04000091552734,93.19999694824219,179
2024-04-02 12:00:00+00:00,92.6500015258789,93.16999816894531,92.51000213623047,93.16999816894531,1357
2024-04-02 13:00:00+00:00,92.91999816894531,93.12000274658203,92.66999816894531,92.66999816894531,2598
2024-04-02 14:00:00+00:00,92.68000030517578,93.0199966430664,92.66000366210938,92.94000244140625,2613
2024-04-02 15:00:00+00:00,92.2300033569336,92.75,92.19000244140625,92.69000244140625,2143
2024-04-02 16:00:00+00:00,92.23999786376953,92.37999725341797,92.16999816894531,92.26000213623047,1365
2024-04-02 17:00:00+00:00,91.91000366210938,92.25,91.76000213623047,92.25,1595
2024-04-02 18:00:00+00:00,91.63999938964844,91.93000030517578,91.58999633789062,91.87000274658203,0
2024-04-03 01:00:00+00:00,91.8499984741211,91.8499984741211,91.55999755859375,91.70999908447266,456
2024-04-03 02:00:00+00:00,91.83000183105469,91.87000274658203,91.7699966430664,91.77999877929688,68
2024-04-03 03:00:00+00:00,91.87000274658203,91.9000015258789,91.7699966430664,91.83000183105469,34
2024-04-03 04:00:00+00:00,91.69000244140625,91.98999786376953,91.69000244140625,91.9000015258789,31
2024-04-03 05:00:00+00:00,91.76000213623047,91.76000213623047,91.61000061035156,91.68000030517578,117
2024-04-03 06:00:00+00:00,91.63999938964844,91.7300033569336,91.56999969482422,91.7300033569336,95
2024-04-03 07:00:00+00:00,91.5999984741211,91.62999725341797,91.54000091552734,91.62999725341797,94
2024-04-03 08:00:00+00:00,91.30000305175781,91.5999984741211,91.27999877929688,91.5999984741211,380
2024-04-03 09:00:00+00:00,91.23999786376953,91.44999694824219,91.19000244140625,91.3499984741211,217
2024-04-03 10:00:00+00:00,91.4000015258789,91.52999877929688,91.23999786376953,91.23999786376953,78
2024-04-03 11:00:00+00:00,91.9800033569336,92.05999755859375,91.48999786376953,91.48999786376953,359
2024-04-03 12:00:00+00:00,91.47000122070312,92.02999877929688,91.30000305175781,92.0,1715
2024-04-03 13:00:00+00:00,90.83999633789062,91.69999694824219,90.80000305175781,91.5199966430664,3007
2024-04-03 14:00:00+00:00,90.56999969482422,90.97000122070312,90.54000091552734,90.83999633789062,3250
2024-04-03 15:00:00+00:00,90.58000183105469,90.66000366210938,90.27999877929688,90.55000305175781,2516
2024-04-03 16:00:00+00:00,90.54000091552734,90.66999816894531,90.44000244140625,90.61000061035156,2328
2024-04-03 17:00:00+00:00,90.30000305175781,90.58999633789062,90.23999786376953,90.55999755859375,1605
2024-04-03 18:00:00+00:00,90.08000183105469,90.37000274658203,90.08000183105469,90.30999755859375,0
2024-04-04 01:00:00+00:00,90.29000091552734,90.41999816894531,90.11000061035156,90.1500015258789,248
2024-04-04 02:00:00+00:00,90.27999877929688,90.27999877929688,90.12999725341797,90.12999725341797,10
2024-04-04 03:00:00+00:00,90.19999694824219,90.37999725341797,90.19999694824219,90.26000213623047,38
2024-04-04 04:00:00+00:00,90.0999984741211,90.2300033569336,90.0999984741211,90.20999908447266,126
2024-04-04 05:00:00+00:00,90.05000305175781,90.0999984741211,90.0,90.0999984741211,169
2024-04-04 06:00:00+00:00,89.80000305175781,90.04000091552734,89.80000305175781,90.0,352
2024-04-04 07:00:00+00:00,89.83000183105469,89.83000183105469,89.7300033569336,89.7699966430664,162
2024-04-04 08:00:00+00:00,89.80000305175781,89.8499984741211,89.72000122070312,89.77999877929688,163
2024-04-04 09:00:00+00:00,89.80999755859375,89.80999755859375,89.69999694824219,89.76000213623047,198
2024-04-04 10:00:00+00:00,89.86000061035156,89.88999938964844,89.79000091552734,89.80999755859375,91
2024-04-04 11:00:00+00:00,89.91000366210938,89.95999908447266,89.81999969482422,89.86000061035156,233
2024-04-04 12:00:00+00:00,89.68000030517578,89.94000244140625,89.41000366210938,89.83999633789062,1445
2024-04-04 13:00:00+00:00,89.33000183105469,89.87000274658203,89.25,89.68000030517578,2538
2024-04-04 14:00:00+00:00,89.44999694824219,89.54000091552734,89.0,89.30000305175781,4746
2024-04-04 15:00:00+00:00,89.12000274658203,89.47000122070312,89.0999984741211,89.43000030517578,1645
2024-04-04 16:00:00+00:00,89.11000061035156,89.19000244140625,89.02999877929688,89.11000061035156,2296
2024-04-04 17:00:00+00:00,88.76000213623047,89.16000366210938,88.5999984741211,89.12000274658203,3123
2024-04-04 18:00:00+00:00,88.55999755859375,88.79000091552734,88.55000305175781,88.7699966430664,0
2024-04-05 01:00:00+00:00,89.04000091552734,89.06999969482422,88.56999969482422,88.66000366210938,589
2024-04-05 02:00:00+00:00,88.63999938964844,89.0199966430664,88.5999984741211,89.0,250
2024-04-05 03:00:00+00:00,88.81999969482422,88.87999725341797,88.66999816894531,88.66999816894531,106
2024-04-05 04:00:00+00:00,88.69999694824219,88.81999969482422,88.68000030517578,88.81999969482422,65
2024-04-05 05:00:00+00:00,88.79000091552734,88.81999969482422,88.6500015258789,88.66000366210938,176
2024-04-05 06:00:00+00:00,88.80000305175781,88.87999725341797,88.72000122070312,88.79000091552734,97
2024-04-05 07:00:00+00:00,88.87999725341797,89.0,88.76000213623047,88.76000213623047,378
2024-04-05 08:00:00+00:00,88.86000061035156,88.87000274658203,88.75,88.8499984741211,179
2024-04-05 09:00:00+00:00,88.80999755859375,88.94000244140625,88.77999877929688,88.83000183105469,503
2024-04-05 10:00:00+00:00,88.77999877929688,88.9800033569336,88.77999877929688,88.79000091552734,665
2024-04-05 11:00:00+00:00,88.56999969482422,88.83000183105469,88.55000305175781,88.80999755859375,446
2024-04-05 12:00:00+00:00,88.33000183105469,88.69000244140625,88.27999877929688,88.55999755859375,2369
2024-04-05 13:00:00+00:00,88.1500015258789,88.33000183105469,88.02999877929688,88.33000183105469,3090
2024-04-05 14:00:00+00:00,88.33000183105469,88.54000091552734,88.06999969482422,88.12999725341797,3427
2024-04-05 15:00:00+00:00,87.88999938964844,88.3499984741211,87.8499984741211,88.33999633789062,2762
2024-04-05 16:00:00+00:00,88.0,88.0,87.7300033569336,87.87999725341797,3092
2024-04-05 17:00:00+00:00,87.91000366210938,88.08999633789062,87.83000183105469,87.94999694824219,2944
2024-04-05 18:00:00+00:00,87.87000274658203,88.0,87.7699966430664,87.91999816894531,3467
2024-04-08 01:00:00+00:00,89.48999786376953,89.83999633789062,87.91000366210938,87.91000366210938,1821
2024-04-08 02:00:00+00:00,89.45999908447266,89.70999908447266,89.4000015258789,89.43000030517578,481
2024-04-08 03:00:00+00:00,89.41000366210938,89.58000183105469,89.16000366210938,89.45999908447266,183
2024-04-08 04:00:00+00:00,89.16000366210938,89.25,89.0999984741211,89.23999786376953,53
2024-04-08 05:00:00+00:00,89.2699966430664,89.30999755859375,89.12000274658203,89.1500015258789,246
2024-04-08 06:00:00+00:00,89.19000244140625,89.2699966430664,89.11000061035156,89.20999908447266,98
2024-04-08 07:00:00+00:00,88.8499984741211,89.1500015258789,88.58999633789062,89.12999725341797,315
2024-04-08 08:00:00+00:00,89.13999938964844,89.13999938964844,88.83000183105469,88.83000183105469,309
2024-04-08 09:00:00+00:00,88.87000274658203,89.13999938964844,88.83000183105469,89.12000274658203,245
2024-04-08 10:00:00+00:00,88.94999694824219,89.13999938964844,88.80999755859375,88.91000366210938,136
2024-04-08 11:00:00+00:00,88.83999633789062,88.94000244140625,88.76000213623047,88.94000244140625,185
2024-04-08 12:00:00+00:00,88.51000213623047,88.80000305175781,88.36000061035156,88.80000305175781,1632
2024-04-08 13:00:00+00:00,88.51000213623047,88.87999725341797,88.4800033569336,88.55000305175781,2369
2024-04-08 14:00:00+00:00,88.19000244140625,88.51000213623047,88.0999984741211,88.5,3472
2024-04-08 15:00:00+00:00,88.05999755859375,88.29000091552734,87.9000015258789,88.16999816894531,2314
2024-04-08 16:00:00+00:00,88.1500015258789,88.19999694824219,87.94000244140625,88.08000183105469,2712
2024-04-08 17:00:00+00:00,88.56999969482422,88.75,88.11000061035156,88.13999938964844,3294
2024-04-08 18:00:00+00:00,88.5199966430664,88.55999755859375,88.19000244140625,88.55999755859375,0
2024-04-09 01:00:00+00:00,88.61000061035156,88.79000091552734,88.30000305175781,88.55000305175781,350
2024-04-09 02:00:00+00:00,88.55999755859375,88.62999725341797,88.30999755859375,88.58999633789062,398
2024-04-09 03:00:00+00:00,88.63999938964844,88.63999938964844,88.4000015258789,88.45999908447266,792
2024-04-09 04:00:00+00:00,88.31999969482422,88.31999969482422,88.31999969482422,88.31999969482422,1
2024-04-09 05:00:00+00:00,88.5,88.5,88.30999755859375,88.30999755859375,250
2024-04-09 06:00:00+00:00,88.68000030517578,88.72000122070312,88.5199966430664,88.52999877929688,172
2024-04-09 07:00:00+00:00,88.62000274658203,88.73999786376953,88.58000183105469,88.69999694824219,401
2024-04-09 08:00:00+00:00,88.83000183105469,88.97000122070312,88.58999633789062,88.58999633789062,665
2024-04-09 09:00:00+00:00,89.02999877929688,89.02999877929688,88.68000030517578,88.7699966430664,303
2024-04-09 10:00:00+00:00,88.80999755859375,89.05000305175781,88.79000091552734,88.98999786376953,1561
2024-04-09 11:00:00+00:00,88.63999938964844,88.8499984741211,88.51000213623047,88.77999877929688,1004
2024-04-09 12:00:00+00:00,88.54000091552734,88.69999694824219,88.44999694824219,88.63999938964844,2436
2024-04-09 13:00:00+00:00,89.11000061035156,89.19000244140625,88.55000305175781,88.55000305175781,4474
2024-04-09 14:00:00+00:00,88.66999816894531,89.12999725341797,88.58999633789062,89.12999725341797,2916
2024-04-09 15:00:00+00:00,88.55999755859375,88.95999908447266,88.47000122070312,88.66999816894531,2733
2024-04-09 16:00:00+00:00,88.30000305175781,88.56999969482422,88.2699966430664,88.55000305175781,1947
2024-04-09 17:00:00+00:00,88.04000091552734,88.45999908447266,87.93000030517578,88.30000305175781,3255
2024-04-09 18:00:00+00:00,87.94999694824219,88.2699966430664,87.80000305175781,88.05000305175781,0
2024-04-10 01:00:00+00:00,88.08000183105469,88.12000274658203,87.83000183105469,87.88999938964844,341
2024-04-10 02:00:00+00:00,88.05999755859375,88.08999633789062,88.0,88.08000183105469,185
2024-04-10 03:00:00+00:00,88.0999984741211,88.16999816894531,88.08999633789062,88.08999633789062,129
2024-04-10 04:00:00+00:00,88.08999633789062,88.08999633789062,88.04000091552734,88.04000091552734,10
2024-04-10 05:00:00+00:00,88.16000366210938,88.27999877929688,88.12000274658203,88.12000274658203,160
2024-04-10 06:00:00+00:00,88.19999694824219,88.44000244140625,88.16000366210938,88.2300033569336,147
2024-04-10 07:00:00+00:00,88.19000244140625,88.26000213623047,88.12999725341797,88.22000122070312,81
2024-04-10 08:00:00+00:00,88.44000244140625,88.48999786376953,88.19999694824219,88.19999694824219,365
2024-04-10 09:00:00+00:00,88.47000122070312,88.5199966430664,88.38999938964844,88.44000244140625,271
2024-04-10 10:00:00+00:00,88.45999908447266,88.5199966430664,88.36000061035156,88.48999786376953,246
2024-04-10 11:00:00+00:00,88.23999786376953,88.4800033569336,88.16000366210938,88.44000244140625,658
2024-04-10 12:00:00+00:00,87.75,88.2300033569336,87.7300033569336,88.2300033569336,2676
2024-04-10 13:00:00+00:00,87.4800033569336,87.7699966430664,87.44999694824219,87.76000213623047,3220
2024-04-10 14:00:00+00:00,87.2699966430664,87.56999969482422,87.20999908447266,87.4800033569336,5326
2024-04-10 15:00:00+00:00,87.4800033569336,87.66999816894531,87.20999908447266,87.29000091552734,3714
2024-04-10 16:00:00+00:00,87.58999633789062,87.80000305175781,87.29000091552734,87.45999908447266,4647
2024-04-10 17:00:00+00:00,87.20999908447266,87.9000015258789,87.18000030517578,87.62000274658203,5549
2024-04-10 18:00:00+00:00,87.08000183105469,87.23999786376953,87.02999877929688,87.2300033569336,0
2024-04-11 01:00:00+00:00,87.05000305175781,87.2300033569336,87.0,87.08999633789062,405
2024-04-11 02:00:00+00:00,87.06999969482422,87.1500015258789,87.0,87.06999969482422,179
2024-04-11 03:00:00+00:00,87.30000305175781,87.30000305175781,87.0999984741211,87.0999984741211,99
2024-04-11 04:00:00+00:00,87.1500015258789,87.2300033569336,87.1500015258789,87.2300033569336,19
2024-04-11 05:00:00+00:00,87.19999694824219,87.19999694824219,87.12000274658203,87.1500015258789,24
2024-04-11 06:00:00+00:00,87.12999725341797,87.20999908447266,87.04000091552734,87.20999908447266,92
2024-04-11 07:00:00+00:00,86.83999633789062,87.1500015258789,86.76000213623047,87.12999725341797,792
2024-04-11 08:00:00+00:00,86.69999694824219,86.8499984741211,86.69999694824219,86.8499984741211,523
2024-04-11 09:00:00+00:00,86.5999984741211,86.72000122070312,86.5999984741211,86.69999694824219,390
2024-04-11 10:00:00+00:00,86.58000183105469,86.7300033569336,86.55999755859375,86.5999984741211,600
2024-04-11 11:00:00+00:00,86.5999984741211,86.62999725341797,86.51000213623047,86.55999755859375,807
2024-04-11 12:00:00+00:00,86.43000030517578,86.6500015258789,86.41000366210938,86.62000274658203,3170
2024-04-11 13:00:00+00:00,86.19000244140625,86.5,86.1500015258789,86.41999816894531,4798
2024-04-11 14:00:00+00:00,86.4000015258789,86.62000274658203,86.13999938964844,86.19999694824219,5560
2024-04-11 15:00:00+00:00,86.20999908447266,86.41000366210938,86.04000091552734,86.41000366210938,5282
2024-04-11 16:00:00+00:00,85.6500015258789,86.2699966430664,85.36000061035156,86.19999694824219,5527
2024-04-11 17:00:00+00:00,85.33999633789062,85.80000305175781,85.31999969482422,85.66999816894531,3146
2024-04-11 18:00:00+00:00,85.2699966430664,85.43000030517578,85.12000274658203,85.33999633789062,0
2024-04-12 01:00:00+00:00,85.5,85.5199966430664,85.08999633789062,85.30000305175781,685
2024-04-12 02:00:00+00:00,85.26000213623047,85.51000213623047,85.26000213623047,85.5,163
2024-04-12 03:00:00+00:00,85.19000244140625,85.41000366210938,85.18000030517578,85.25,104
2024-04-12 04:00:00+00:00,85.11000061035156,85.19999694824219,85.08999633789062,85.19999694824219,123
2024-04-12 05:00:00+00:00,85.0199966430664,85.12999725341797,85.01000213623047,85.08999633789062,377
2024-04-12 06:00:00+00:00,85.08000183105469,85.11000061035156,85.01000213623047,85.0199966430664,0
2024-04-12 07:00:00+00:00,84.5999984741211,85.12999725341797,84.44999694824219,85.08999633789062,3191
2024-04-12 08:00:00+00:00,84.75,84.93000030517578,84.5,84.5999984741211,571
2024-04-12 09:00:00+00:00,84.06999969482422,84.75,84.0199966430664,84.75,1148
2024-04-12 10:00:00+00:00,83.98999786376953,84.37000274658203,83.83999633789062,84.05999755859375,1487
2024-04-12 11:00:00+00:00,84.86000061035156,84.88999938964844,83.94999694824219,83.97000122070312,1385
2024-04-12 12:00:00+00:00,84.4800033569336,84.93000030517578,84.44000244140625,84.9000015258789,3039
2024-04-12 13:00:00+00:00,85.66999816894531,85.9000015258789,84.44999694824219,84.47000122070312,6161
2024-04-12 14:00:00+00:00,85.2300033569336,85.72000122070312,85.01000213623047,85.66999816894531,6053
2024-04-12 15:00:00+00:00,84.80000305175781,85.25,84.51000213623047,85.25,4514
2024-04-12 16:00:00+00:00,84.5199966430664,84.88999938964844,84.51000213623047,84.7699966430664,2571
2024-04-12 17:00:00+00:00,84.5999984741211,84.72000122070312,84.41000366210938,84.52999877929688,2384
2024-04-12 18:00:00+00:00,84.56999969482422,84.66999816894531,84.51000213623047,84.5999984741211,3410
2024-04-15 01:00:00+00:00,84.8499984741211,85.0,84.43000030517578,84.6500015258789,375
2024-04-15 02:00:00+00:00,85.02999877929688,85.16000366210938,84.83000183105469,84.83000183105469,448
2024-04-15 03:00:00+00:00,84.9800033569336,85.13999938964844,84.9800033569336,85.05000305175781,179
2024-04-15 04:00:00+00:00,84.87000274658203,84.9800033569336,84.8499984741211,84.9800033569336,104
2024-04-15 05:00:00+00:00,84.91000366210938,85.01000213623047,84.75,84.87000274658203,189
2024-04-15 06:00:00+00:00,84.83999633789062,85.05000305175781,84.81999969482422,84.9000015258789,284
2024-04-15 07:00:00+00:00,84.86000061035156,84.88999938964844,84.80000305175781,84.86000061035156,103
2024-04-15 08:00:00+00:00,84.80000305175781,84.94999694824219,84.80000305175781,84.8499984741211,306
2024-04-15 09:00:00+00:00,85.12999725341797,85.25,84.81999969482422,84.8499984741211,634
2024-04-15 10:00:00+00:00,85.44999694824219,85.52999877929688,85.12000274658203,85.1500015258789,502
2024-04-15 11:00:00+00:00,85.81999969482422,86.19999694824219,85.4000015258789,85.41999816894531,1101
2024-04-15 12:00:00+00:00,85.7300033569336,86.08000183105469,85.52999877929688,85.80999755859375,4294
2024-04-15 13:00:00+00:00,85.52999877929688,85.83000183105469,85.5,85.7300033569336,3482
2024-04-15 14:00:00+00:00,85.23999786376953,85.55000305175781,85.2300033569336,85.52999877929688,3804
2024-04-15 15:00:00+00:00,85.18000030517578,85.33999633789062,85.18000030517578,85.23999786376953,1938
2024-04-15 16:00:00+00:00,85.62999725341797,86.13999938964844,85.16999816894531,85.19999694824219,3280
2024-04-15 17:00:00+00:00,85.26000213623047,85.68000030517578,85.16999816894531,85.62000274658203,2133
2024-04-15 18:00:00+00:00,85.2300033569336,85.29000091552734,85.11000061035156,85.27999877929688,0
2024-04-16 01:00:00+00:00,85.44000244140625,85.58000183105469,85.0999984741211,85.1500015258789,324
2024-04-16 02:00:00+00:00,85.3499984741211,85.43000030517578,85.27999877929688,85.41999816894531,61
2024-04-16 03:00:00+00:00,85.30000305175781,85.37999725341797,85.18000030517578,85.33999633789062,103
2024-04-16 04:00:00+00:00,85.5199966430664,85.5199966430664,85.2699966430664,85.30999755859375,62
2024-04-16 05:00:00+00:00,85.48999786376953,85.5199966430664,85.43000030517578,85.5199966430664,37
2024-04-16 06:00:00+00:00,85.16000366210938,85.4000015258789,85.0999984741211,85.37999725341797,179
2024-04-16 07:00:00+00:00,85.26000213623047,85.30000305175781,85.08999633789062,85.16999816894531,437
2024-04-16 08:00:00+00:00,85.11000061035156,85.27999877929688,85.05000305175781,85.27999877929688,389
2024-04-16 09:00:00+00:00,84.91000366210938,85.12999725341797,84.80000305175781,85.12999725341797,631
2024-04-16 10:00:00+00:00,84.80999755859375,84.97000122070312,84.77999877929688,84.9000015258789,145
2024-04-16 11:00:00+00:00,84.5999984741211,84.87000274658203,84.54000091552734,84.83999633789062,524
2024-04-16 12:00:00+00:00,84.27999877929688,84.63999938964844,84.19999694824219,84.5999984741211,2949
2024-04-16 13:00:00+00:00,83.62999725341797,84.45999908447266,83.58000183105469,84.26000213623047,5029
2024-04-16 14:00:00+00:00,83.11000061035156,83.77999877929688,83.0199966430664,83.62000274658203,7126
2024-04-16 15:00:00+00:00,82.66999816894531,83.31999969482422,82.61000061035156,83.0999984741211,4362
2024-04-16 16:00:00+00:00,82.04000091552734,82.70999908447266,81.44000244140625,82.69000244140625,10850
2024-04-16 17:00:00+00:00,82.80999755859375,82.91999816894531,81.87000274658203,82.08999633789062,4360
2024-04-16 18:00:00+00:00,82.9800033569336,83.52999877929688,82.72000122070312,82.7699966430664,0
2024-04-17 01:00:00+00:00,83.0,83.30000305175781,82.87000274658203,83.08999633789062,837
2024-04-17 02:00:00+00:00,83.48999786376953,83.5999984741211,82.8499984741211,83.0,420
2024-04-17 03:00:00+00:00,83.33000183105469,83.55999755859375,83.33000183105469,83.5,594
2024-04-17 04:00:00+00:00,83.75,83.79000091552734,83.3499984741211,83.3499984741211,304
2024-04-17 05:00:00+00:00,82.91999816894531,83.76000213623047,82.87000274658203,83.68000030517578,748
2024-04-17 06:00:00+00:00,83.2699966430664,83.37000274658203,82.62999725341797,82.91999816894531,600
2024-04-17 07:00:00+00:00,83.08999633789062,83.37999725341797,83.08999633789062,83.26000213623047,186
2024-04-17 08:00:00+00:00,83.11000061035156,83.19000244140625,82.9800033569336,83.05000305175781,223
2024-04-17 09:00:00+00:00,83.05000305175781,83.19999694824219,83.02999877929688,83.11000061035156,354
2024-04-17 10:00:00+00:00,83.05000305175781,83.26000213623047,83.02999877929688,83.11000061035156,291
2024-04-17 11:00:00+00:00,82.77999877929688,83.11000061035156,82.55000305175781,83.02999877929688,872
2024-04-17 12:00:00+00:00,82.0,82.80999755859375,81.7699966430664,82.80999755859375,3356
2024-04-17 13:00:00+00:00,82.63999938964844,82.76000213623047,81.91999816894531,81.98999786376953,4271
2024-04-17 14:00:00+00:00,82.0999984741211,82.70999908447266,81.91999816894531,82.6500015258789,4277
2024-04-17 15:00:00+00:00,81.41000366210938,82.16999816894531,81.4000015258789,82.0999984741211,4903
2024-04-17 16:00:00+00:00,81.06999969482422,81.4800033569336,81.06999969482422,81.41999816894531,3974
2024-04-17 17:00:00+00:00,81.41999816894531,81.63999938964844,80.91000366210938,81.08000183105469,3844
2024-04-17 18:00:00+00:00,81.33999633789062,81.43000030517578,81.22000122070312,81.41999816894531,0
2024-04-18 01:00:00+00:00,81.31999969482422,81.66000366210938,81.1500015258789,81.55000305175781,672
2024-04-18 02:00:00+00:00,81.62000274658203,81.6500015258789,81.3499984741211,81.3499984741211,324
2024-04-18 03:00:00+00:00,81.69000244140625,81.88999938964844,81.51000213623047,81.58999633789062,372
2024-04-18 04:00:00+00:00,81.5,81.68000030517578,81.45999908447266,81.6500015258789,82
2024-04-18 05:00:00+00:00,81.62000274658203,81.69000244140625,81.43000030517578,81.48999786376953,178
2024-04-18 06:00:00+00:00,81.70999908447266,81.80999755859375,81.58000183105469,81.5999984741211,458
2024-04-18 07:00:00+00:00,81.44000244140625,81.7300033569336,81.4000015258789,81.68000030517578,468
2024-04-18 08:00:00+00:00,81.61000061035156,81.62000274658203,81.4000015258789,81.45999908447266,335
2024-04-18 09:00:00+00:00,81.58000183105469,81.66000366210938,81.44999694824219,81.55999755859375,452
2024-04-18 10:00:00+00:00,81.31999969482422,81.52999877929688,81.26000213623047,81.52999877929688,486
2024-04-18 11:00:00+00:00,81.2300033569336,81.33000183105469,81.08000183105469,81.33000183105469,829
2024-04-18 12:00:00+00:00,81.12999725341797,81.66999816894531,80.69999694824219,81.19000244140625,3869
2024-04-18 13:00:00+00:00,80.18000030517578,81.29000091552734,79.7699966430664,81.16000366210938,9333
2024-04-18 14:00:00+00:00,80.27999877929688,80.88999938964844,79.69999694824219,80.16999816894531,6970
2024-04-18 15:00:00+00:00,80.06999969482422,80.72000122070312,80.01000213623047,80.27999877929688,4779
2024-04-18 16:00:00+00:00,80.33000183105469,80.51000213623047,80.05999755859375,80.05999755859375,3723
2024-04-18 17:00:00+00:00,80.62000274658203,81.0,80.33000183105469,80.33000183105469,3678
2024-04-18 18:00:00+00:00,80.87999725341797,80.87999725341797,80.37999725341797,80.61000061035156,0
2024-04-19 01:00:00+00:00,80.26000213623047,81.2699966430664,80.19999694824219,80.70999908447266,732
2024-04-19 02:00:00+00:00,80.8499984741211,80.9800033569336,80.22000122070312,80.27999877929688,247
2024-04-19 03:00:00+00:00,80.81999969482422,81.01000213623047,80.52999877929688,80.80000305175781,212
2024-04-19 04:00:00+00:00,80.63999938964844,80.87999725341797,80.5,80.80000305175781,108
2024-04-19 05:00:00+00:00,80.5999984741211,80.6500015258789,80.52999877929688,80.5999984741211,84
2024-04-19 06:00:00+00:00,80.8499984741211,80.98999786376953,80.58999633789062,80.58999633789062,209
2024-04-19 07:00:00+00:00,80.75,80.81999969482422,80.63999938964844,80.80000305175781,160
2024-04-19 08:00:00+00:00,80.69999694824219,80.8499984741211,80.31999969482422,80.75,564
2024-04-19 09:00:00+00:00,80.5,80.7699966430664,80.44999694824219,80.75,257
2024-04-19 10:00:00+00:00,80.56999969482422,80.62000274658203,80.33000183105469,80.44999694824219,429
2024-04-19 11:00:00+00:00,80.87999725341797,80.9000015258789,80.5,80.55000305175781,612
2024-04-19 12:00:00+00:00,80.63999938964844,81.56999969482422,80.55000305175781,80.9000015258789,2986
2024-04-19 13:00:00+00:00,80.30999755859375,80.80999755859375,80.20999908447266,80.63999938964844,2722
2024-04-19 14:00:00+00:00,80.48999786376953,80.88999938964844,80.25,80.33999633789062,2693
2024-04-19 15:00:00+00:00,81.20999908447266,81.33999633789062,80.43000030517578,80.4800033569336,3521
2024-04-19 16:00:00+00:00,81.12999725341797,81.2300033569336,80.93000030517578,81.2300033569336,2697
2024-04-19 17:00:00+00:00,81.08999633789062,81.47000122070312,80.80000305175781,81.12999725341797,2573
2024-04-19 18:00:00+00:00,80.9000015258789,81.12000274658203,80.87000274658203,81.08999633789062,2998
2024-04-22 01:00:00+00:00,82.19999694824219,82.30000305175781,81.05999755859375,81.12000274658203,1085
2024-04-22 02:00:00+00:00,82.2699966430664,82.58000183105469,82.1500015258789,82.19999694824219,838
2024-04-22 03:00:00+00:00,82.31999969482422,82.44000244140625,81.94999694824219,82.33000183105469,341
2024-04-22 04:00:00+00:00,82.36000061035156,82.45999908447266,82.2300033569336,82.29000091552734,334
2024-04-22 05:00:00+00:00,82.1500015258789,82.4800033569336,81.88999938964844,82.37000274658203,484
2024-04-22 06:00:00+00:00,81.93000030517578,82.19000244140625,81.8499984741211,82.12000274658203,585
2024-04-22 07:00:00+00:00,82.0199966430664,82.08999633789062,81.75,81.98999786376953,3543
2024-04-22 08:00:00+00:00,81.94999694824219,82.0999984741211,81.81999969482422,81.9800033569336,307
2024-04-22 09:00:00+00:00,82.11000061035156,82.3499984741211,81.93000030517578,81.93000030517578,505
2024-04-22 10:00:00+00:00,82.27999877929688,82.29000091552734,82.0,82.11000061035156,374
2024-04-22 11:00:00+00:00,82.08999633789062,82.5199966430664,82.04000091552734,82.27999877929688,699
2024-04-22 12:00:00+00:00,81.7699966430664,82.33000183105469,81.6500015258789,82.12000274658203,2217
2024-04-22 13:00:00+00:00,81.68000030517578,81.94000244140625,81.5199966430664,81.7699966430664,2429
2024-04-22 14:00:00+00:00,81.94000244140625,81.94000244140625,81.5,81.69999694824219,2493
2024-04-22 15:00:00+00:00,82.05999755859375,82.30999755859375,81.87999725341797,81.94999694824219,2046
2024-04-22 16:00:00+00:00,82.26000213623047,82.33999633789062,82.0,82.06999969482422,1847
2024-04-22 17:00:00+00:00,82.29000091552734,82.4000015258789,82.0999984741211,82.29000091552734,2040
2024-04-22 18:00:00+00:00,82.41999816894531,82.48999786376953,82.19000244140625,82.29000091552734,0
2024-04-23 01:00:00+00:00,82.69000244140625,82.95999908447266,82.37000274658203,82.5,591
2024-04-23 02:00:00+00:00,82.72000122070312,82.76000213623047,82.63999938964844,82.72000122070312,77
2024-04-23 03:00:00+00:00,82.7300033569336,82.81999969482422,82.6500015258789,82.68000030517578,108
2024-04-23 04:00:00+00:00,82.69999694824219,82.75,82.6500015258789,82.73999786376953,41
2024-04-23 05:00:00+00:00,82.6500015258789,82.7300033569336,82.6500015258789,82.69999694824219,41
2024-04-23 06:00:00+00:00,82.44000244140625,82.7300033569336,82.4000015258789,82.63999938964844,354
2024-04-23 07:00:00+00:00,82.2699966430664,82.5,82.25,82.45999908447266,200
2024-04-23 08:00:00+00:00,82.37000274658203,82.44999694824219,82.18000030517578,82.2699966430664,286
2024-04-23 09:00:00+00:00,82.44000244140625,82.70999908447266,82.2699966430664,82.33000183105469,511
2024-04-23 10:00:00+00:00,82.62000274658203,82.70999908447266,82.30999755859375,82.43000030517578,401
2024-04-23 11:00:00+00:00,82.30999755859375,82.5999984741211,82.2699966430664,82.5999984741211,427
2024-04-23 12:00:00+00:00,81.97000122070312,82.33999633789062,81.80999755859375,82.31999969482422,1190
2024-04-23 13:00:00+00:00,80.87000274658203,82.05999755859375,80.76000213623047,81.9800033569336,5071
2024-04-23 14:00:00+00:00,81.5,81.5199966430664,80.62999725341797,80.88999938964844,3323
2024-04-23 15:00:00+00:00,81.12999725341797,81.62999725341797,80.97000122070312,81.4800033569336,1961
2024-04-23 16:00:00+00:00,81.55999755859375,81.61000061035156,81.12000274658203,81.1500015258789,1259
2024-04-23 17:00:00+00:00,81.98999786376953,82.0,81.5,81.55999755859375,2628
2024-04-23 18:00:00+00:00,81.63999938964844,82.0,81.62999725341797,82.0,0
2024-04-24 01:00:00+00:00,81.13999938964844,81.72000122070312,81.0199966430664,81.72000122070312,368
2024-04-24 02:00:00+00:00,81.19000244140625,81.23999786376953,81.05999755859375,81.16999816894531,160
2024-04-24 03:00:00+00:00,81.37000274658203,81.47000122070312,81.23999786376953,81.23999786376953,167
2024-04-24 04:00:00+00:00,81.44999694824219,81.47000122070312,81.30999755859375,81.30999755859375,77
2024-04-24 05:00:00+00:00,81.30000305175781,81.41999816894531,81.30000305175781,81.41000366210938,92
2024-04-24 06:00:00+00:00,81.31999969482422,81.4000015258789,81.23999786376953,81.30000305175781,179
2024-04-24 07:00:00+00:00,81.38999938964844,81.45999908447266,81.30000305175781,81.33000183105469,269
2024-04-24 08:00:00+00:00,81.30999755859375,81.4000015258789,81.19999694824219,81.36000061035156,189
2024-04-24 09:00:00+00:00,81.37999725341797,81.43000030517578,81.19000244140625,81.2699966430664,350
2024-04-24 10:00:00+00:00,81.48999786376953,81.69999694824219,81.4000015258789,81.4000015258789,339
2024-04-24 11:00:00+00:00,81.63999938964844,81.69999694824219,81.45999908447266,81.45999908447266,165
2024-04-24 12:00:00+00:00,81.7699966430664,82.0,81.63999938964844,81.66000366210938,1106
2024-04-24 13:00:00+00:00,81.4800033569336,81.91999816894531,81.37999725341797,81.76000213623047,1852
2024-04-24 14:00:00+00:00,81.33999633789062,81.72000122070312,81.20999908447266,81.48999786376953,1833
2024-04-24 15:00:00+00:00,81.26000213623047,81.5999984741211,81.22000122070312,81.36000061035156,1101
2024-04-24 16:00:00+00:00,81.25,81.37000274658203,81.1500015258789,81.2699966430664,1153
2024-04-24 17:00:00+00:00,81.0999984741211,81.4800033569336,81.05999755859375,81.26000213623047,1549
2024-04-24 18:00:00+00:00,80.91000366210938,81.12999725341797,80.91000366210938,81.12999725341797,0
2024-04-25 01:00:00+00:00,80.9000015258789,81.08000183105469,80.80000305175781,80.91000366210938,393
2024-04-25 02:00:00+00:00,80.94999694824219,81.0999984741211,80.87999725341797,80.87999725341797,275
2024-04-25 03:00:00+00:00,80.77999877929688,81.01000213623047,80.76000213623047,81.0,362
2024-04-25 04:00:00+00:00,80.73999786376953,80.77999877929688,80.72000122070312,80.7699966430664,104
2024-04-25 05:00:00+00:00,80.76000213623047,80.81999969482422,80.70999908447266,80.7300033569336,122
2024-04-25 06:00:00+00:00,80.98999786376953,81.01000213623047,80.7699966430664,80.7699966430664,120
2024-04-25 07:00:00+00:00,80.80999755859375,81.0,80.75,81.0,200
2024-04-25 08:00:00+00:00,80.77999877929688,80.83999633789062,80.72000122070312,80.80999755859375,267
2024-04-25 09:00:00+00:00,80.80000305175781,80.9000015258789,80.76000213623047,80.83999633789062,259
2024-04-25 10:00:00+00:00,80.97000122070312,81.04000091552734,80.80000305175781,80.80999755859375,177
2024-04-25 11:00:00+00:00,80.76000213623047,81.0,80.75,80.95999908447266,538
2024-04-25 12:00:00+00:00,81.19000244140625,81.51000213623047,80.69999694824219,80.76000213623047,1945
2024-04-25 13:00:00+00:00,81.18000030517578,81.58000183105469,80.76000213623047,81.20999908447266,2418
2024-04-25 14:00:00+00:00,81.36000061035156,81.69999694824219,81.18000030517578,81.18000030517578,2793
2024-04-25 15:00:00+00:00,81.06999969482422,81.44000244140625,80.8499984741211,81.33999633789062,2049
2024-04-25 16:00:00+00:00,81.08000183105469,81.22000122070312,80.91999816894531,81.05000305175781,1265
2024-04-25 17:00:00+00:00,81.05000305175781,81.26000213623047,80.72000122070312,81.08000183105469,1717
2024-04-25 18:00:00+00:00,80.98999786376953,81.27999877929688,80.94000244140625,81.05000305175781,0
2024-04-26 01:00:00+00:00,81.08000183105469,81.25,80.91000366210938,81.06999969482422,152
2024-04-26 02:00:00+00:00,81.0,81.1500015258789,81.0,81.08000183105469,141
2024-04-26 03:00:00+00:00,81.06999969482422,81.08000183105469,80.94999694824219,81.0,158
2024-04-26 04:00:00+00:00,81.1500015258789,81.30000305175781,81.1500015258789,81.16999816894531,31
2024-04-26 05:00:00+00:00,81.33999633789062,81.44999694824219,81.12000274658203,81.20999908447266,109
2024-04-26 06:00:00+00:00,81.45999908447266,81.4800033569336,81.26000213623047,81.33000183105469,103
2024-04-26 07:00:00+00:00,81.37999725341797,81.4000015258789,81.30000305175781,81.4000015258789,56
2024-04-26 08:00:00+00:00,81.23999786376953,81.4000015258789,81.22000122070312,81.33000183105469,172
2024-04-26 09:00:00+00:00,81.3499984741211,81.41000366210938,81.16000366210938,81.25,351
2024-04-26 10:00:00+00:00,81.55000305175781,81.66999816894531,81.2699966430664,81.33999633789062,373
2024-04-26 11:00:00+00:00,81.44000244140625,81.62000274658203,81.4000015258789,81.62000274658203,73
2024-04-26 12:00:00+00:00,80.97000122070312,81.45999908447266,80.91000366210938,81.44000244140625,1158
2024-04-26 13:00:00+00:00,80.9800033569336,81.19999694824219,80.72000122070312,80.97000122070312,1799
2024-04-26 14:00:00+00:00,80.83999633789062,81.12999725341797,80.76000213623047,80.95999908447266,1479
2024-04-26 15:00:00+00:00,81.41000366210938,81.44000244140625,80.73999786376953,80.83999633789062,1518
2024-04-26 16:00:00+00:00,81.04000091552734,81.38999938964844,81.0199966430664,81.38999938964844,1154
2024-04-26 17:00:00+00:00,80.88999938964844,81.12000274658203,80.66000366210938,81.02999877929688,1823
2024-04-26 18:00:00+00:00,80.91999816894531,80.94000244140625,80.72000122070312,80.87999725341797,1168
2024-04-29 01:00:00+00:00,81.31999969482422,81.45999908447266,81.11000061035156,81.29000091552734,511
2024-04-29 02:00:00+00:00,81.83999633789062,81.91000366210938,81.33999633789062,81.33999633789062,506
2024-04-29 03:00:00+00:00,81.9000015258789,82.0,81.6500015258789,81.83000183105469,403
2024-04-29 04:00:00+00:00,82.19999694824219,82.25,81.80999755859375,81.8499984741211,370
2024-04-29 05:00:00+00:00,82.44999694824219,82.44999694824219,81.94000244140625,82.19999694824219,748
2024-04-29 06:00:00+00:00,82.12000274658203,82.5,82.05000305175781,82.45999908447266,654
2024-04-29 07:00:00+00:00,82.25,82.30000305175781,82.05999755859375,82.12000274658203,335
2024-04-29 08:00:00+00:00,82.12999725341797,82.4000015258789,82.05999755859375,82.25,715
2024-04-29 09:00:00+00:00,82.30000305175781,82.30000305175781,81.9800033569336,82.08000183105469,467
2024-04-29 10:00:00+00:00,82.29000091552734,82.33999633789062,82.25,82.27999877929688,276
2024-04-29 11:00:00+00:00,81.94999694824219,82.38999938964844,81.91999816894531,82.27999877929688,469
2024-04-29 12:00:00+00:00,81.75,81.95999908447266,81.4000015258789,81.95999908447266,2288
2024-04-29 13:00:00+00:00,81.8499984741211,82.12999725341797,81.52999877929688,81.69999694824219,2029
2024-04-29 14:00:00+00:00,81.8499984741211,82.1500015258789,81.3499984741211,81.87000274658203,2654
2024-04-29 15:00:00+00:00,81.66000366210938,81.93000030517578,81.51000213623047,81.8499984741211,1444
2024-04-29 16:00:00+00:00,81.68000030517578,81.81999969482422,81.52999877929688,81.66999816894531,1093
2024-04-29 17:00:00+00:00,81.69000244140625,81.7699966430664,81.41000366210938,81.66000366210938,2113
2024-04-29 18:00:00+00:00,81.31999969482422,81.66999816894531,81.26000213623047,81.66999816894531,0
2024-04-30 01:00:00+00:00,81.0199966430664,81.30999755859375,80.80999755859375,81.30000305175781,798
2024-04-30 02:00:00+00:00,80.87999725341797,81.05999755859375,80.72000122070312,81.0,456
2024-04-30 03:00:00+00:00,80.77999877929688,80.86000061035156,80.77999877929688,80.86000061035156,58
2024-04-30 04:00:00+00:00,80.36000061035156,80.81999969482422,80.36000061035156,80.79000091552734,960
2024-04-30 05:00:00+00:00,80.37999725341797,80.5199966430664,80.30000305175781,80.37000274658203,595
2024-04-30 06:00:00+00:00,80.08000183105469,80.44999694824219,79.91000366210938,80.4000015258789,1708
2024-04-30 07:00:00+00:00,79.0999984741211,80.1500015258789,78.80000305175781,80.0999984741211,2815
2024-04-30 08:00:00+00:00,78.20999908447266,79.12999725341797,78.20999908447266,79.0999984741211,2804
2024-04-30 09:00:00+00:00,78.91999816894531,79.08999633789062,78.02999877929688,78.22000122070312,2416
2024-04-30 10:00:00+00:00,78.56999969482422,79.37000274658203,78.51000213623047,78.88999938964844,1535
2024-04-30 11:00:00+00:00,78.75,78.9000015258789,78.36000061035156,78.51000213623047,1209
2024-04-30 12:00:00+00:00,78.20999908447266,78.88999938964844,78.20999908447266,78.73999786376953,3409
2024-04-30 13:00:00+00:00,78.62999725341797,78.70999908447266,78.0999984741211,78.20999908447266,3399
2024-04-30 14:00:00+00:00,78.38999938964844,78.66999816894531,78.05999755859375,78.66999816894531,3005
2024-04-30 15:00:00+00:00,78.5199966430664,78.73999786376953,78.20999908447266,78.26000213623047,3227
2024-04-30 16:00:00+00:00,78.31999969482422,78.79000091552734,78.25,78.5199966430664,2346
2024-04-30 17:00:00+00:00,78.54000091552734,78.69000244140625,78.29000091552734,78.33000183105469,2179
2024-04-30 18:00:00+00:00,78.5199966430664,78.7300033569336,78.37000274658203,78.54000091552734,0
2024-05-01 01:00:00+00:00,78.0,78.5199966430664,78.0,78.5199966430664,930
2024-05-01 02:00:00+00:00,78.12000274658203,78.26000213623047,78.01000213623047,78.05000305175781,246
2024-05-01 03:00:00+00:00,78.05000305175781,78.1500015258789,78.0,78.12000274658203,181
2024-05-01 04:00:00+00:00,78.02999877929688,78.12000274658203,78.0,78.05000305175781,98
2024-05-01 05:00:00+00:00,78.0199966430664,78.08000183105469,78.0,78.0199966430664,153
2024-05-01 06:00:00+00:00,77.76000213623047,78.02999877929688,77.70999908447266,78.02999877929688,986
2024-05-01 07:00:00+00:00,78.08000183105469,78.08999633789062,77.7699966430664,77.7699966430664,238
2024-05-01 08:00:00+00:00,78.44000244140625,78.44999694824219,78.0199966430664,78.08999633789062,630
2024-05-01 09:00:00+00:00,78.19999694824219,78.44999694824219,78.18000030517578,78.44999694824219,232
2024-05-01 10:00:00+00:00,78.0,78.2699966430664,77.9000015258789,78.18000030517578,584
2024-05-01 11:00:00+00:00,78.0199966430664,78.06999969482422,77.80999755859375,78.01000213623047,460
2024-05-01 12:00:00+00:00,77.52999877929688,78.05000305175781,77.5,78.0199966430664,3268
2024-05-01 13:00:00+00:00,77.22000122070312,77.79000091552734,77.06999969482422,77.5,3572
2024-05-01 14:00:00+00:00,76.23999786376953,77.27999877929688,76.20999908447266,77.23999786376953,7083
2024-05-01 15:00:00+00:00,76.51000213623047,76.75,76.05000305175781,76.12999725341797,3187
2024-05-01 16:00:00+00:00,76.91000366210938,77.4000015258789,76.4800033569336,76.48999786376953,3546
2024-05-01 17:00:00+00:00,76.76000213623047,76.91999816894531,76.5999984741211,76.91999816894531,2629
2024-05-01 18:00:00+00:00,76.48999786376953,76.80000305175781,76.43000030517578,76.76000213623047,0
2024-05-02 01:00:00+00:00,76.73999786376953,76.94999694824219,76.5199966430664,76.5199966430664,250
2024-05-02 02:00:00+00:00,76.87999725341797,76.98999786376953,76.75,76.75,104
2024-05-02 03:00:00+00:00,77.12000274658203,77.12000274658203,76.80000305175781,76.83999633789062,158
2024-05-02 04:00:00+00:00,77.23999786376953,77.2699966430664,77.01000213623047,77.08999633789062,231
2024-05-02 05:00:00+00:00,77.11000061035156,77.31999969482422,77.05999755859375,77.2699966430664,124
2024-05-02 06:00:00+00:00,77.01000213623047,77.19999694824219,76.93000030517578,77.11000061035156,219
2024-05-02 07:00:00+00:00,77.05999755859375,77.06999969482422,76.9000015258789,76.9800033569336,348
2024-05-02 08:00:00+00:00,77.45999908447266,77.5999984741211,77.0199966430664,77.0199966430664,932
2024-05-02 09:00:00+00:00,77.44999694824219,77.5199966430664,77.19999694824219,77.4000015258789,404
2024-05-02 10:00:00+00:00,77.5,77.69999694824219,77.37000274658203,77.41000366210938,489
2024-05-02 11:00:00+00:00,78.05999755859375,78.12999725341797,77.43000030517578,77.48999786376953,712
2024-05-02 12:00:00+00:00,76.66000366210938,78.0199966430664,76.66000366210938,78.0199966430664,3098
2024-05-02 13:00:00+00:00,75.77999877929688,76.69000244140625,75.75,76.68000030517578,4071
2024-05-02 14:00:00+00:00,75.93000030517578,76.31999969482422,75.75,75.80999755859375,2479
2024-05-02 15:00:00+00:00,75.5,75.94000244140625,75.4000015258789,75.91000366210938,3011
2024-05-02 16:00:00+00:00,75.56999969482422,75.83000183105469,75.45999908447266,75.52999877929688,2193
2024-05-02 17:00:00+00:00,75.66999816894531,75.66999816894531,75.25,75.56999969482422,2493
2024-05-02 18:00:00+00:00,75.55000305175781,75.7699966430664,75.5199966430664,75.66000366210938,0
2024-05-03 01:00:00+00:00,75.81999969482422,76.12999725341797,75.66000366210938,75.66000366210938,306
2024-05-03 02:00:00+00:00,76.0199966430664,76.0199966430664,75.83000183105469,75.86000061035156,150
2024-05-03 03:00:00+00:00,75.93000030517578,76.0,75.93000030517578,76.0,16
2024-05-03 04:00:00+00:00,75.95999908447266,76.08999633789062,75.94000244140625,75.94000244140625,84
2024-05-03 05:00:00+00:00,75.70999908447266,75.91999816894531,75.69000244140625,75.91999816894531,172
2024-05-03 06:00:00+00:00,75.6500015258789,75.9000015258789,75.45999908447266,75.70999908447266,746
2024-05-03 07:00:00+00:00,75.4000015258789,75.81999969482422,75.33000183105469,75.5999984741211,538
2024-05-03 08:00:00+00:00,75.0199966430664,75.4000015258789,75.01000213623047,75.4000015258789,1409
2024-05-03 09:00:00+00:00,75.16999816894531,75.33999633789062,75.0,75.0199966430664,694
2024-05-03 10:00:00+00:00,75.41000366210938,75.58999633789062,75.05000305175781,75.16000366210938,838
2024-05-03 11:00:00+00:00,75.29000091552734,75.45999908447266,75.06999969482422,75.41999816894531,547
2024-05-03 12:00:00+00:00,75.63999938964844,75.69000244140625,74.93000030517578,75.25,2823
2024-05-03 13:00:00+00:00,78.62000274658203,78.62000274658203,75.5999984741211,75.63999938964844,6370
2024-05-03 14:00:00+00:00,78.05999755859375,78.62000274658203,77.7300033569336,78.5999984741211,5394
2024-05-03 15:00:00+00:00,78.48999786376953,78.62000274658203,77.9800033569336,78.02999877929688,3503
2024-05-03 16:00:00+00:00,78.37000274658203,78.51000213623047,78.12000274658203,78.48999786376953,2641
2024-05-03 17:00:00+00:00,78.37000274658203,78.5,78.29000091552734,78.37000274658203,1312
2024-05-03 18:00:00+00:00,77.91999816894531,78.5,77.87000274658203,78.36000061035156,4260
2024-05-06 01:00:00+00:00,79.08000183105469,79.83999633789062,78.05999755859375,78.05999755859375,1023
2024-05-06 02:00:00+00:00,78.5999984741211,79.13999938964844,78.5999984741211,78.9800033569336,292
2024-05-06 03:00:00+00:00,78.72000122070312,78.80000305175781,78.51000213623047,78.58000183105469,98
2024-05-06 04:00:00+00:00,78.5999984741211,78.76000213623047,78.5,78.76000213623047,65
2024-05-06 05:00:00+00:00,78.44999694824219,78.61000061035156,78.36000061035156,78.5999984741211,131
2024-05-06 06:00:00+00:00,78.4000015258789,78.61000061035156,78.38999938964844,78.47000122070312,360
2024-05-06 07:00:00+00:00,78.33000183105469,78.38999938964844,77.75,78.38999938964844,692
2024-05-06 08:00:00+00:00,77.70999908447266,78.5,77.61000061035156,78.33000183105469,500
2024-05-06 09:00:00+00:00,77.25,77.79000091552734,76.91999816894531,77.69999694824219,892
2024-05-06 10:00:00+00:00,77.44000244140625,77.5999984741211,77.12999725341797,77.26000213623047,304
2024-05-06 11:00:00+00:00,77.0999984741211,77.61000061035156,76.93000030517578,77.44999694824219,308
2024-05-06 12:00:00+00:00,76.55000305175781,77.20999908447266,76.51000213623047,77.05000305175781,1976
2024-05-06 13:00:00+00:00,77.5,77.6500015258789,76.56999969482422,76.56999969482422,2933
2024-05-06 14:00:00+00:00,78.2300033569336,78.30000305175781,77.41000366210938,77.47000122070312,2250
2024-05-06 15:00:00+00:00,77.72000122070312,78.22000122070312,77.31999969482422,78.22000122070312,1675
2024-05-06 16:00:00+00:00,77.04000091552734,77.72000122070312,77.0,77.72000122070312,1503
2024-05-06 17:00:00+00:00,77.11000061035156,77.1500015258789,76.93000030517578,77.04000091552734,1078
2024-05-06 18:00:00+00:00,77.04000091552734,77.19000244140625,76.83999633789062,77.12000274658203,0
2024-05-07 01:00:00+00:00,77.73999786376953,77.88999938964844,77.31999969482422,77.58999633789062,264
2024-05-07 02:00:00+00:00,77.58000183105469,77.75,77.52999877929688,77.73999786376953,99
2024-05-07 03:00:00+00:00,77.69999694824219,77.73999786376953,77.5199966430664,77.54000091552734,61
2024-05-07 04:00:00+00:00,77.61000061035156,77.73999786376953,77.5999984741211,77.73999786376953,67
2024-05-07 05:00:00+00:00,77.68000030517578,77.73999786376953,77.58999633789062,77.63999938964844,132
2024-05-07 06:00:00+00:00,77.69000244140625,77.73999786376953,77.52999877929688,77.69000244140625,132
2024-05-07 07:00:00+00:00,77.36000061035156,77.73999786376953,77.11000061035156,77.69999694824219,435
2024-05-07 08:00:00+00:00,77.04000091552734,77.38999938964844,76.80999755859375,77.3499984741211,527
2024-05-07 09:00:00+00:00,76.83999633789062,77.2300033569336,76.76000213623047,77.0199966430664,331
2024-05-07 10:00:00+00:00,76.88999938964844,77.01000213623047,76.75,76.83999633789062,385
2024-05-07 11:00:00+00:00,77.08000183105469,77.12999725341797,76.87999725341797,76.94000244140625,255
2024-05-07 12:00:00+00:00,78.05999755859375,78.19999694824219,77.11000061035156,77.11000061035156,1898
2024-05-07 13:00:00+00:00,77.88999938964844,78.54000091552734,77.81999969482422,78.05999755859375,2710
2024-05-07 14:00:00+00:00,78.12000274658203,78.52999877929688,77.86000061035156,77.9000015258789,1905
2024-05-07 15:00:00+00:00,77.91999816894531,78.2699966430664,77.91000366210938,78.08999633789062,1381
2024-05-07 16:00:00+00:00,77.87999725341797,78.05999755859375,77.80000305175781,77.91999816894531,1338
2024-05-07 17:00:00+00:00,77.48999786376953,77.91999816894531,77.44999694824219,77.87000274658203,1650
2024-05-07 18:00:00+00:00,77.38999938964844,77.6500015258789,77.37999725341797,77.47000122070312,0
2024-05-08 01:00:00+00:00,77.58000183105469,77.7699966430664,77.2699966430664,77.48999786376953,285
2024-05-08 02:00:00+00:00,77.58999633789062,77.7699966430664,77.58000183105469,77.58000183105469,65
2024-05-08 03:00:00+00:00,77.8499984741211,77.87999725341797,77.69000244140625,77.69000244140625,107
2024-05-08 04:00:00+00:00,77.86000061035156,77.95999908447266,77.8499984741211,77.8499984741211,59
2024-05-08 05:00:00+00:00,77.81999969482422,77.86000061035156,77.7300033569336,77.8499984741211,88
2024-05-08 06:00:00+00:00,77.73999786376953,77.95999908447266,77.73999786376953,77.83000183105469,146
2024-05-08 07:00:00+00:00,77.94999694824219,77.95999908447266,77.69999694824219,77.73999786376953,172
2024-05-08 08:00:00+00:00,78.04000091552734,78.2300033569336,77.83000183105469,77.95999908447266,385
2024-05-08 09:00:00+00:00,78.41000366210938,78.4800033569336,78.02999877929688,78.02999877929688,696
2024-05-08 10:00:00+00:00,78.27999877929688,78.4800033569336,78.22000122070312,78.38999938964844,327
2024-05-08 11:00:00+00:00,78.41000366210938,78.62000274658203,78.20999908447266,78.29000091552734,854
2024-05-08 12:00:00+00:00,78.87999725341797,79.04000091552734,78.43000030517578,78.43000030517578,2484
2024-05-08 13:00:00+00:00,79.3499984741211,79.3499984741211,78.3499984741211,78.88999938964844,3364
2024-05-08 14:00:00+00:00,79.27999877929688,79.76000213623047,78.68000030517578,79.3499984741211,5523
2024-05-08 15:00:00+00:00,79.58999633789062,79.69999694824219,79.2300033569336,79.2699966430664,3388
2024-05-08 16:00:00+00:00,79.8499984741211,80.0,79.5,79.5999984741211,3670
2024-05-08 17:00:00+00:00,80.13999938964844,80.29000091552734,79.80000305175781,79.83999633789062,3420
2024-05-08 18:00:00+00:00,79.86000061035156,80.29000091552734,79.80000305175781,80.12999725341797,0
2024-05-09 01:00:00+00:00,79.22000122070312,80.2300033569336,79.13999938964844,80.2300033569336,493
2024-05-09 02:00:00+00:00,79.31999969482422,79.48999786376953,79.16000366210938,79.20999908447266,207
2024-05-09 03:00:00+00:00,79.20999908447266,79.36000061035156,79.0999984741211,79.30999755859375,231
2024-05-09 04:00:00+00:00,79.27999877929688,79.38999938964844,79.19999694824219,79.25,93
2024-05-09 05:00:00+00:00,78.69999694824219,79.30999755859375,78.62999725341797,79.30999755859375,633
2024-05-09 06:00:00+00:00,78.75,78.80999755859375,78.25,78.70999908447266,1809
2024-05-09 07:00:00+00:00,78.43000030517578,78.98999786376953,78.37000274658203,78.70999908447266,524
2024-05-09 08:00:00+00:00,78.58000183105469,78.58000183105469,78.3499984741211,78.48999786376953,371
2024-05-09 09:00:00+00:00,78.58000183105469,78.72000122070312,78.48999786376953,78.56999969482422,288
2024-05-09 10:00:00+00:00,78.6500015258789,78.73999786376953,78.52999877929688,78.56999969482422,256
2024-05-09 11:00:00+00:00,78.81999969482422,79.0999984741211,78.58000183105469,78.6500015258789,434
2024-05-09 12:00:00+00:00,78.63999938964844,79.94999694824219,78.55999755859375,78.83999633789062,3796
2024-05-09 13:00:00+00:00,77.86000061035156,78.88999938964844,77.77999877929688,78.62999725341797,4174
2024-05-09 14:00:00+00:00,78.58999633789062,78.75,77.80000305175781,77.87000274658203,3402
2024-05-09 15:00:00+00:00,78.91000366210938,79.06999969482422,78.41000366210938,78.5999984741211,2609
2024-05-09 16:00:00+00:00,79.0199966430664,79.30000305175781,78.8499984741211,78.91000366210938,2182
2024-05-09 17:00:00+00:00,78.76000213623047,79.01000213623047,78.63999938964844,79.0,1685
2024-05-09 18:00:00+00:00,78.37999725341797,78.77999877929688,78.33000183105469,78.7699966430664,0
2024-05-10 01:00:00+00:00,77.9000015258789,78.58000183105469,77.6500015258789,78.37999725341797,499
2024-05-10 02:00:00+00:00,77.94000244140625,78.02999877929688,77.5999984741211,77.87999725341797,207
2024-05-10 03:00:00+00:00,77.91000366210938,77.9800033569336,77.80000305175781,77.87999725341797,78
2024-05-10 04:00:00+00:00,77.91999816894531,77.94999694824219,77.81999969482422,77.87000274658203,52
2024-05-10 05:00:00+00:00,78.11000061035156,78.19000244140625,77.94000244140625,77.94999694824219,73
2024-05-10 06:00:00+00:00,78.19999694824219,78.23999786376953,77.87999725341797,78.12000274658203,372
2024-05-10 07:00:00+00:00,78.31999969482422,78.43000030517578,78.0999984741211,78.19999694824219,229
2024-05-10 08:00:00+00:00,78.11000061035156,78.55000305175781,78.02999877929688,78.33999633789062,219
2024-05-10 09:00:00+00:00,77.94000244140625,78.29000091552734,77.75,78.08999633789062,311
2024-05-10 10:00:00+00:00,78.0999984741211,78.16999816894531,77.97000122070312,77.9800033569336,75
2024-05-10 11:00:00+00:00,77.5199966430664,78.08000183105469,77.5199966430664,78.08000183105469,354
2024-05-10 12:00:00+00:00,78.0,78.4000015258789,77.5199966430664,77.5199966430664,973
2024-05-10 13:00:00+00:00,78.05999755859375,78.4800033569336,77.94999694824219,78.0,1066
2024-05-10 14:00:00+00:00,77.87999725341797,78.08999633789062,77.43000030517578,78.05000305175781,1881
2024-05-10 15:00:00+00:00,78.20999908447266,78.55000305175781,77.77999877929688,77.87999725341797,1800
2024-05-10 16:00:00+00:00,76.8499984741211,78.25,76.70999908447266,78.16000366210938,4106
2024-05-10 17:00:00+00:00,77.0999984741211,77.11000061035156,76.6500015258789,76.87000274658203,1749
2024-05-10 18:00:00+00:00,77.44999694824219,77.69000244140625,77.0999984741211,77.0999984741211,2731
2024-05-13 01:00:00+00:00,77.54000091552734,77.94000244140625,77.44999694824219,77.44999694824219,254
2024-05-13 02:00:00+00:00,77.41999816894531,77.58999633789062,77.41999816894531,77.48999786376953,66
2024-05-13 03:00:00+00:00,77.69000244140625,77.77999877929688,77.41999816894531,77.41999816894531,136
2024-05-13 04:00:00+00:00,77.66000366210938,77.69999694824219,77.58000183105469,77.69999694824219,14
2024-05-13 05:00:00+00:00,77.31999969482422,77.73999786376953,77.26000213623047,77.61000061035156,176
2024-05-13 06:00:00+00:00,77.4800033569336,77.5199966430664,77.11000061035156,77.37999725341797,205
2024-05-13 07:00:00+00:00,77.66999816894531,77.69999694824219,77.5,77.5199966430664,118
2024-05-13 08:00:00+00:00,77.58999633789062,77.68000030517578,77.4800033569336,77.63999938964844,119
2024-05-13 09:00:00+00:00,78.05999755859375,78.13999938964844,77.6500015258789,77.6500015258789,399
2024-05-13 10:00:00+00:00,77.7699966430664,78.06999969482422,77.72000122070312,78.05999755859375,120
2024-05-13 11:00:00+00:00,77.62000274658203,77.87000274658203,77.55999755859375,77.7699966430664,302
2024-05-13 12:00:00+00:00,77.61000061035156,77.80999755859375,77.33999633789062,77.61000061035156,1030
2024-05-13 13:00:00+00:00,78.20999908447266,78.36000061035156,77.5999984741211,77.61000061035156,2013
2024-05-13 14:00:00+00:00,78.26000213623047,78.43000030517578,78.02999877929688,78.20999908447266,1745
2024-05-13 15:00:00+00:00,78.12000274658203,78.23999786376953,77.81999969482422,78.2300033569336,1281
2024-05-13 16:00:00+00:00,77.62000274658203,78.30999755859375,77.61000061035156,78.12000274658203,1424
2024-05-13 17:00:00+00:00,77.70999908447266,77.94000244140625,77.5199966430664,77.61000061035156,1503
2024-05-13 18:00:00+00:00,77.62999725341797,77.83999633789062,77.55999755859375,77.72000122070312,0
2024-05-14 01:00:00+00:00,77.55999755859375,77.91000366210938,77.45999908447266,77.73999786376953,149
2024-05-14 02:00:00+00:00,77.48999786376953,77.62999725341797,77.48999786376953,77.58999633789062,48
2024-05-14 03:00:00+00:00,77.56999969482422,77.56999969482422,77.48999786376953,77.48999786376953,29
2024-05-14 04:00:00+00:00,77.61000061035156,77.6500015258789,77.58000183105469,77.58000183105469,34
2024-05-14 05:00:00+00:00,77.33000183105469,77.61000061035156,77.33000183105469,77.61000061035156,157
2024-05-14 06:00:00+00:00,77.0999984741211,77.36000061035156,77.01000213623047,77.33000183105469,607
2024-05-14 07:00:00+00:00,76.41000366210938,77.05999755859375,76.36000061035156,77.05999755859375,1365
2024-05-14 08:00:00+00:00,76.18000030517578,76.41999816894531,75.86000061035156,76.41000366210938,1723
2024-05-14 09:00:00+00:00,76.30000305175781,76.31999969482422,76.11000061035156,76.16999816894531,374
2024-05-14 10:00:00+00:00,76.36000061035156,76.51000213623047,76.27999877929688,76.33999633789062,338
2024-05-14 11:00:00+00:00,76.33999633789062,76.4800033569336,76.2699966430664,76.37000274658203,230
2024-05-14 12:00:00+00:00,76.01000213623047,76.52999877929688,76.0,76.37000274658203,1793
2024-05-14 13:00:00+00:00,75.70999908447266,76.18000030517578,75.51000213623047,76.02999877929688,4691
2024-05-14 14:00:00+00:00,75.37999725341797,75.94000244140625,75.36000061035156,75.72000122070312,3612
2024-05-14 15:00:00+00:00,74.98999786376953,75.44999694824219,74.94999694824219,75.41000366210938,5468
2024-05-14 16:00:00+00:00,74.62999725341797,74.98999786376953,74.62999725341797,74.9800033569336,5102
2024-05-14 17:00:00+00:00,74.62999725341797,74.68000030517578,74.62999725341797,74.62999725341797,1500
2024-05-14 18:00:00+00:00,74.62999725341797,74.62999725341797,74.62999725341797,74.62999725341797,0
2024-05-15 01:00:00+00:00,74.08999633789062,74.72000122070312,73.76000213623047,74.5999984741211,2633
2024-05-15 02:00:00+00:00,74.11000061035156,74.16999816894531,73.9000015258789,74.05000305175781,367
2024-05-15 03:00:00+00:00,73.9800033569336,74.16000366210938,73.93000030517578,74.12000274658203,265
2024-05-15 04:00:00+00:00,73.81999969482422,73.98999786376953,73.81999969482422,73.91999816894531,151
2024-05-15 05:00:00+00:00,73.91999816894531,74.05999755859375,73.68000030517578,73.80000305175781,1144
2024-05-15 06:00:00+00:00,74.4800033569336,74.4800033569336,73.81999969482422,73.94000244140625,403
2024-05-15 07:00:00+00:00,74.80999755859375,74.8499984741211,74.27999877929688,74.5,400
2024-05-15 08:00:00+00:00,75.37999725341797,75.44000244140625,74.33999633789062,74.80000305175781,757
2024-05-15 09:00:00+00:00,74.47000122070312,75.44999694824219,74.41999816894531,75.37999725341797,642
2024-05-15 10:00:00+00:00,74.63999938964844,74.69999694824219,74.48999786376953,74.5,374
2024-05-15 11:00:00+00:00,74.45999908447266,74.69999694824219,74.36000061035156,74.58000183105469,526
2024-05-15 12:00:00+00:00,75.22000122070312,75.25,74.27999877929688,74.45999908447266,1949
2024-05-15 13:00:00+00:00,74.91000366210938,75.44999694824219,74.5199966430664,75.19999694824219,2511
2024-05-15 14:00:00+00:00,75.41999816894531,75.86000061035156,74.9000015258789,74.91999816894531,4348
2024-05-15 15:00:00+00:00,75.81999969482422,75.91000366210938,75.31999969482422,75.4000015258789,2735
2024-05-15 16:00:00+00:00,75.30000305175781,75.86000061035156,75.1500015258789,75.83000183105469,2142
2024-05-15 17:00:00+00:00,75.41999816894531,75.69999694824219,75.23999786376953,75.27999877929688,2079
2024-05-15 18:00:00+00:00,75.45999908447266,75.52999877929688,75.29000091552734,75.44000244140625,0
2024-05-16 01:00:00+00:00,76.16000366210938,76.27999877929688,75.5999984741211,75.63999938964844,393
2024-05-16 02:00:00+00:00,75.94000244140625,76.08000183105469,75.9000015258789,76.05999755859375,100
2024-05-16 03:00:00+00:00,76.05999755859375,76.05999755859375,75.93000030517578,75.95999908447266,36
2024-05-16 04:00:00+00:00,76.02999877929688,76.25,75.98999786376953,76.08000183105469,76
2024-05-16 05:00:00+00:00,76.36000061035156,76.5,75.9800033569336,76.0,292
2024-05-16 06:00:00+00:00,76.52999877929688,76.75,76.36000061035156,76.36000061035156,424
2024-05-16 07:00:00+00:00,76.62000274658203,77.0,76.5999984741211,76.61000061035156,388
2024-05-16 08:00:00+00:00,76.58999633789062,76.83000183105469,76.47000122070312,76.68000030517578,491
2024-05-16 09:00:00+00:00,76.5199966430664,76.69000244140625,76.41999816894531,76.56999969482422,434
2024-05-16 10:00:00+00:00,76.58000183105469,76.66999816894531,76.44999694824219,76.5,221
2024-05-16 11:00:00+00:00,76.79000091552734,76.86000061035156,76.38999938964844,76.48999786376953,580
2024-05-16 12:00:00+00:00,76.12999725341797,76.79000091552734,75.91000366210938,76.77999877929688,1801
2024-05-16 13:00:00+00:00,75.3499984741211,76.23999786376953,75.22000122070312,76.12999725341797,2665
2024-05-16 14:00:00+00:00,76.3499984741211,76.48999786376953,75.22000122070312,75.3499984741211,3034
2024-05-16 15:00:00+00:00,76.87000274658203,77.0999984741211,76.19000244140625,76.33000183105469,2260
2024-05-16 16:00:00+00:00,76.87000274658203,77.23999786376953,76.80000305175781,76.87999725341797,1691
2024-05-16 17:00:00+00:00,76.36000061035156,76.97000122070312,76.33000183105469,76.88999938964844,1484
2024-05-16 18:00:00+00:00,75.98999786376953,76.37999725341797,75.98999786376953,76.36000061035156,0
2024-05-17 01:00:00+00:00,76.26000213623047,76.29000091552734,75.76000213623047,75.91999816894531,221
2024-05-17 02:00:00+00:00,76.1500015258789,76.37999725341797,76.04000091552734,76.30000305175781,49
2024-05-17 03:00:00+00:00,76.08000183105469,76.23999786376953,76.04000091552734,76.1500015258789,89
2024-05-17 04:00:00+00:00,76.05999755859375,76.1500015258789,76.05000305175781,76.11000061035156,47
2024-05-17 05:00:00+00:00,76.0,76.20999908447266,75.93000030517578,76.06999969482422,78
2024-05-17 06:00:00+00:00,76.30000305175781,76.36000061035156,75.97000122070312,75.97000122070312,144
2024-05-17 07:00:00+00:00,76.26000213623047,76.55000305175781,76.19000244140625,76.27999877929688,181
2024-05-17 08:00:00+00:00,76.66000366210938,76.69000244140625,76.22000122070312,76.23999786376953,226
2024-05-17 09:00:00+00:00,76.76000213623047,76.83000183105469,76.6500015258789,76.66000366210938,264
2024-05-17 10:00:00+00:00,76.52999877929688,76.75,76.52999877929688,76.7300033569336,109
2024-05-17 11:00:00+00:00,76.51000213623047,76.7699966430664,76.48999786376953,76.55999755859375,155
2024-05-17 12:00:00+00:00,75.76000213623047,76.48999786376953,75.75,76.48999786376953,1153
2024-05-17 13:00:00+00:00,75.86000061035156,76.30000305175781,75.55000305175781,75.76000213623047,1405
2024-05-17 14:00:00+00:00,76.04000091552734,76.06999969482422,75.58000183105469,75.83999633789062,1681
2024-05-17 15:00:00+00:00,75.94000244140625,76.16000366210938,75.77999877929688,76.0199966430664,765
2024-05-17 16:00:00+00:00,75.79000091552734,76.01000213623047,75.75,75.93000030517578,974
2024-05-17 17:00:00+00:00,75.91000366210938,76.02999877929688,75.6500015258789,75.79000091552734,956
2024-05-17 18:00:00+00:00,75.91999816894531,75.98999786376953,75.79000091552734,75.94000244140625,1107
2024-05-20 01:00:00+00:00,76.30000305175781,76.66999816894531,75.91000366210938,75.91000366210938,345
2024-05-20 02:00:00+00:00,76.31999969482422,76.36000061035156,76.19000244140625,76.29000091552734,46
2024-05-20 03:00:00+00:00,76.37000274658203,76.44000244140625,76.36000061035156,76.36000061035156,24
2024-05-20 04:00:00+00:00,76.5199966430664,76.55999755859375,76.37999725341797,76.38999938964844,84
2024-05-20 05:00:00+00:00,76.5,76.54000091552734,76.45999908447266,76.5,23
2024-05-20 06:00:00+00:00,76.33000183105469,76.76000213623047,76.29000091552734,76.5,247
2024-05-20 07:00:00+00:00,76.55999755859375,76.62000274658203,76.18000030517578,76.3499984741211,422
2024-05-20 08:00:00+00:00,76.63999938964844,76.7300033569336,76.5,76.5199966430664,144
2024-05-20 09:00:00+00:00,76.41000366210938,76.66999816894531,76.30999755859375,76.58000183105469,138
2024-05-20 10:00:00+00:00,76.43000030517578,76.55000305175781,76.4000015258789,76.44000244140625,190
2024-05-20 11:00:00+00:00,76.66999816894531,76.70999908447266,76.33999633789062,76.41000366210938,140
2024-05-20 12:00:00+00:00,76.7300033569336,76.80000305175781,76.27999877929688,76.62999725341797,1653
2024-05-20 13:00:00+00:00,76.62999725341797,76.9800033569336,76.5,76.7300033569336,1491
2024-05-20 14:00:00+00:00,75.91000366210938,76.69999694824219,75.77999877929688,76.61000061035156,1956
2024-05-20 15:00:00+00:00,75.98999786376953,76.12000274658203,75.5,75.9000015258789,1750
2024-05-20 16:00:00+00:00,76.38999938964844,76.44999694824219,75.87999725341797,75.97000122070312,1359
2024-05-20 17:00:00+00:00,76.30999755859375,76.61000061035156,76.29000091552734,76.38999938964844,1208
2024-05-20 18:00:00+00:00,75.91999816894531,76.3499984741211,75.8499984741211,76.30999755859375,0
2024-05-21 01:00:00+00:00,75.81999969482422,76.1500015258789,75.79000091552734,76.02999877929688,171
2024-05-21 02:00:00+00:00,75.87000274658203,75.94999694824219,75.81999969482422,75.86000061035156,20
2024-05-21 03:00:00+00:00,75.7699966430664,75.83999633789062,75.72000122070312,75.83999633789062,32
2024-05-21 04:00:00+00:00,75.61000061035156,75.80000305175781,75.58000183105469,75.80000305175781,155
2024-05-21 05:00:00+00:00,75.80999755859375,75.8499984741211,75.52999877929688,75.55999755859375,135
2024-05-21 06:00:00+00:00,75.9800033569336,75.9800033569336,75.79000091552734,75.81999969482422,55
2024-05-21 07:00:00+00:00,75.79000091552734,76.05000305175781,75.70999908447266,75.94999694824219,129
2024-05-21 08:00:00+00:00,75.38999938964844,75.8499984741211,75.33000183105469,75.80999755859375,610
2024-05-21 09:00:00+00:00,75.37999725341797,75.48999786376953,75.33999633789062,75.4000015258789,232
2024-05-21 10:00:00+00:00,75.38999938964844,75.52999877929688,75.30000305175781,75.36000061035156,226
2024-05-21 11:00:00+00:00,75.12000274658203,75.45999908447266,75.05000305175781,75.37999725341797,568
2024-05-21 12:00:00+00:00,75.56999969482422,75.72000122070312,74.9800033569336,75.08000183105469,1233
2024-05-21 13:00:00+00:00,76.30999755859375,76.4800033569336,75.54000091552734,75.54000091552734,2628
2024-05-21 14:00:00+00:00,76.30000305175781,76.5,76.12999725341797,76.31999969482422,3326
2024-05-21 15:00:00+00:00,76.48999786376953,76.70999908447266,76.2699966430664,76.30000305175781,1776
2024-05-21 16:00:00+00:00,76.4800033569336,76.66999816894531,76.37999725341797,76.48999786376953,1369
2024-05-21 17:00:00+00:00,76.33000183105469,76.48999786376953,76.29000091552734,76.44999694824219,1494
2024-05-21 18:00:00+00:00,76.48999786376953,76.48999786376953,76.33000183105469,76.33000183105469,0
2024-05-22 01:00:00+00:00,77.37000274658203,77.75,76.2300033569336,76.2300033569336,1431
2024-05-22 02:00:00+00:00,77.08999633789062,77.41000366210938,77.01000213623047,77.41000366210938,332
2024-05-22 03:00:00+00:00,77.29000091552734,77.29000091552734,76.91000366210938,77.11000061035156,120
2024-05-22 04:00:00+00:00,77.2699966430664,77.43000030517578,77.2300033569336,77.33000183105469,61
2024-05-22 05:00:00+00:00,77.23999786376953,77.37999725341797,77.11000061035156,77.33000183105469,239
2024-05-22 06:00:00+00:00,77.19000244140625,77.30000305175781,77.1500015258789,77.23999786376953,269
2024-05-22 07:00:00+00:00,77.3499984741211,77.3499984741211,77.16999816894531,77.19000244140625,72
2024-05-22 08:00:00+00:00,78.06999969482422,78.23999786376953,77.30999755859375,77.30999755859375,923
2024-05-22 09:00:00+00:00,78.19000244140625,78.25,77.9000015258789,78.02999877929688,382
2024-05-22 10:00:00+00:00,77.97000122070312,78.19000244140625,77.94000244140625,78.19000244140625,456
2024-05-22 11:00:00+00:00,77.83999633789062,78.19999694824219,77.83999633789062,77.95999908447266,489
2024-05-22 12:00:00+00:00,77.94999694824219,78.0199966430664,77.47000122070312,77.87999725341797,1663
2024-05-22 13:00:00+00:00,78.1500015258789,78.18000030517578,77.68000030517578,77.94000244140625,2452
2024-05-22 14:00:00+00:00,78.52999877929688,78.7699966430664,78.0999984741211,78.1500015258789,4118
2024-05-22 15:00:00+00:00,79.37999725341797,79.37999725341797,78.5199966430664,78.52999877929688,4869
2024-05-22 16:00:00+00:00,79.37999725341797,79.37999725341797,79.37999725341797,79.37999725341797,1174
2024-05-22 17:00:00+00:00,79.37999725341797,79.37999725341797,79.37999725341797,79.37999725341797,508
2024-05-22 18:00:00+00:00,79.37999725341797,79.37999725341797,79.37999725341797,79.37999725341797,0
2024-05-23 01:00:00+00:00,79.18000030517578,79.37999725341797,78.36000061035156,79.37999725341797,1359
2024-05-23 02:00:00+00:00,79.16000366210938,79.51000213623047,79.05999755859375,79.25,420
2024-05-23 03:00:00+00:00,79.08999633789062,79.16999816894531,79.0,79.12000274658203,49
2024-05-23 04:00:00+00:00,79.06999969482422,79.12999725341797,79.0,79.0199966430664,61
2024-05-23 05:00:00+00:00,79.0199966430664,79.1500015258789,78.9800033569336,79.12000274658203,141
2024-05-23 06:00:00+00:00,79.19000244140625,79.19999694824219,78.98999786376953,79.06999969482422,422
2024-05-23 07:00:00+00:00,78.9800033569336,79.3499984741211,78.95999908447266,79.26000213623047,539
2024-05-23 08:00:00+00:00,79.1500015258789,79.19000244140625,78.9800033569336,79.0199966430664,277
2024-05-23 09:00:00+00:00,79.0999984741211,79.25,79.0,79.16000366210938,204
2024-05-23 10:00:00+00:00,79.2300033569336,79.31999969482422,79.0,79.08000183105469,805
2024-05-23 11:00:00+00:00,79.5,79.55999755859375,79.2300033569336,79.27999877929688,804
2024-05-23 12:00:00+00:00,79.91000366210938,80.69999694824219,79.5,79.52999877929688,5156
2024-05-23 13:00:00+00:00,79.5199966430664,79.94999694824219,78.83999633789062,79.91000366210938,6928
2024-05-23 14:00:00+00:00,80.19000244140625,80.55000305175781,78.94000244140625,79.51000213623047,4197
2024-05-23 15:00:00+00:00,81.70999908447266,82.22000122070312,80.22000122070312,80.22000122070312,7395
2024-05-23 16:00:00+00:00,82.13999938964844,82.5999984741211,81.45999908447266,81.68000030517578,3989
2024-05-23 17:00:00+00:00,81.7300033569336,82.1500015258789,81.47000122070312,82.13999938964844,2786
2024-05-23 18:00:00+00:00,81.69999694824219,81.8499984741211,81.56999969482422,81.73999786376953,0
2024-05-24 01:00:00+00:00,81.11000061035156,81.72000122070312,81.01000213623047,81.4000015258789,1022
2024-05-24 02:00:00+00:00,81.30999755859375,81.48999786376953,81.08000183105469,81.08000183105469,187
2024-05-24 03:00:00+00:00,81.41999816894531,81.48999786376953,81.19000244140625,81.27999877929688,349
2024-05-24 04:00:00+00:00,81.5999984741211,81.5999984741211,81.31999969482422,81.3499984741211,178
2024-05-24 05:00:00+00:00,81.33000183105469,81.6500015258789,81.25,81.62999725341797,208
2024-05-24 06:00:00+00:00,81.16000366210938,81.41000366210938,81.1500015258789,81.3499984741211,160
2024-05-24 07:00:00+00:00,81.08999633789062,81.22000122070312,81.04000091552734,81.16000366210938,154
2024-05-24 08:00:00+00:00,81.51000213623047,81.55999755859375,81.05999755859375,81.05999755859375,343
2024-05-24 09:00:00+00:00,81.13999938964844,81.58999633789062,81.04000091552734,81.55000305175781,251
2024-05-24 10:00:00+00:00,81.25,81.43000030517578,81.12000274658203,81.13999938964844,327
2024-05-24 11:00:00+00:00,81.29000091552734,81.87999725341797,81.2300033569336,81.27999877929688,1014
2024-05-24 12:00:00+00:00,81.87000274658203,82.16999816894531,81.1500015258789,81.30999755859375,2584
2024-05-24 13:00:00+00:00,81.20999908447266,82.08999633789062,81.20999908447266,81.83999633789062,2499
2024-05-24 14:00:00+00:00,79.80000305175781,81.3499984741211,79.52999877929688,81.22000122070312,5825
2024-05-24 15:00:00+00:00,80.45999908447266,80.66000366210938,79.66999816894531,79.80999755859375,2060
2024-05-24 16:00:00+00:00,80.55000305175781,80.69000244140625,80.30000305175781,80.48999786376953,1560
2024-05-24 17:00:00+00:00,80.76000213623047,80.80999755859375,80.37000274658203,80.52999877929688,1755
2024-05-24 18:00:00+00:00,80.41000366210938,80.80000305175781,80.37999725341797,80.76000213623047,2245
2024-05-28 04:00:00+00:00,81.0,81.0199966430664,80.94999694824219,81.01000213623047,12
2024-05-28 05:00:00+00:00,80.83000183105469,81.0,80.77999877929688,80.93000030517578,81
2024-05-28 06:00:00+00:00,80.6500015258789,80.94000244140625,80.5999984741211,80.83999633789062,93
2024-05-28 07:00:00+00:00,80.61000061035156,80.87000274658203,80.61000061035156,80.66999816894531,95
2024-05-28 08:00:00+00:00,80.33000183105469,80.62000274658203,80.30000305175781,80.5999984741211,269
2024-05-28 09:00:00+00:00,80.79000091552734,80.86000061035156,80.30000305175781,80.36000061035156,156
2024-05-28 10:00:00+00:00,81.33000183105469,81.4000015258789,80.79000091552734,80.83000183105469,313
2024-05-28 11:00:00+00:00,82.02999877929688,82.0999984741211,81.3499984741211,81.3499984741211,897
2024-05-28 12:00:00+00:00,82.36000061035156,82.77999877929688,81.95999908447266,82.0,3292
2024-05-28 13:00:00+00:00,82.47000122070312,82.56999969482422,82.05000305175781,82.37999725341797,2762
2024-05-28 14:00:00+00:00,82.36000061035156,83.19000244140625,82.3499984741211,82.4800033569336,4735
2024-05-28 15:00:00+00:00,82.12000274658203,82.45999908447266,81.80000305175781,82.36000061035156,3093
2024-05-28 16:00:00+00:00,81.56999969482422,82.18000030517578,81.4000015258789,82.12999725341797,2718
2024-05-28 17:00:00+00:00,82.3499984741211,82.5,81.51000213623047,81.5999984741211,2275
2024-05-28 18:00:00+00:00,82.16999816894531,82.5999984741211,82.11000061035156,82.37000274658203,0
2024-05-29 01:00:00+00:00,82.0,82.33000183105469,81.81999969482422,82.33000183105469,317
2024-05-29 02:00:00+00:00,81.87999725341797,82.06999969482422,81.87999725341797,81.94000244140625,155
2024-05-29 03:00:00+00:00,82.0199966430664,82.05999755859375,81.88999938964844,81.93000030517578,36
2024-05-29 04:00:00+00:00,82.25,82.26000213623047,82.02999877929688,82.05000305175781,36
2024-05-29 05:00:00+00:00,82.19000244140625,82.43000030517578,82.12999725341797,82.20999908447266,73
2024-05-29 06:00:00+00:00,82.36000061035156,82.5,82.22000122070312,82.22000122070312,241
2024-05-29 07:00:00+00:00,81.87000274658203,82.45999908447266,81.8499984741211,82.37000274658203,199
2024-05-29 08:00:00+00:00,81.9000015258789,82.05000305175781,81.80000305175781,81.88999938964844,217
2024-05-29 09:00:00+00:00,82.1500015258789,82.1500015258789,81.61000061035156,81.8499984741211,436
2024-05-29 10:00:00+00:00,81.87999725341797,82.3499984741211,81.81999969482422,82.1500015258789,415
2024-05-29 11:00:00+00:00,81.68000030517578,81.91999816894531,81.6500015258789,81.87999725341797,430
2024-05-29 12:00:00+00:00,80.95999908447266,81.88999938964844,80.9000015258789,81.66000366210938,2589
2024-05-29 13:00:00+00:00,80.63999938964844,81.27999877929688,80.25,81.0,2669
2024-05-29 14:00:00+00:00,81.2300033569336,81.30000305175781,80.63999938964844,80.63999938964844,2308
2024-05-29 15:00:00+00:00,80.56999969482422,81.30000305175781,80.51000213623047,81.19000244140625,1306
2024-05-29 16:00:00+00:00,80.9800033569336,80.9800033569336,80.44999694824219,80.55999755859375,1489
2024-05-29 17:00:00+00:00,80.9800033569336,81.19000244140625,80.81999969482422,80.97000122070312,1652
2024-05-29 18:00:00+00:00,81.30000305175781,81.33000183105469,80.97000122070312,80.98999786376953,0
2024-05-30 01:00:00+00:00,81.16999816894531,81.26000213623047,80.94000244140625,81.08999633789062,128
2024-05-30 02:00:00+00:00,80.94999694824219,81.19000244140625,80.94999694824219,81.19000244140625,29
2024-05-30 03:00:00+00:00,80.91999816894531,80.97000122070312,80.80000305175781,80.97000122070312,106
2024-05-30 04:00:00+00:00,81.05000305175781,81.08999633789062,80.9800033569336,80.9800033569336,41
2024-05-30 05:00:00+00:00,80.5999984741211,81.08999633789062,80.5,81.06999969482422,165
2024-05-30 06:00:00+00:00,80.93000030517578,80.9800033569336,80.66999816894531,80.66999816894531,80
2024-05-30 07:00:00+00:00,80.91999816894531,81.0,80.80999755859375,80.9000015258789,181
2024-05-30 08:00:00+00:00,81.56999969482422,81.6500015258789,80.91999816894531,80.91999816894531,868
2024-05-30 09:00:00+00:00,81.91000366210938,82.08999633789062,81.5999984741211,81.5999984741211,610
2024-05-30 10:00:00+00:00,81.4800033569336,82.16999816894531,81.37999725341797,81.91999816894531,503
2024-05-30 11:00:00+00:00,81.91000366210938,82.02999877929688,81.48999786376953,81.5199966430664,352
2024-05-30 12:00:00+00:00,80.87000274658203,81.9800033569336,80.8499984741211,81.95999908447266,1484
2024-05-30 13:00:00+00:00,79.61000061035156,80.86000061035156,79.54000091552734,80.83000183105469,3368
2024-05-30 14:00:00+00:00,77.94999694824219,79.77999877929688,77.7699966430664,79.61000061035156,6314
2024-05-30 15:00:00+00:00,77.83000183105469,78.0,77.20999908447266,77.54000091552734,5381
2024-05-30 16:00:00+00:00,77.63999938964844,78.0,77.4000015258789,77.83000183105469,2099
2024-05-30 17:00:00+00:00,77.4800033569336,77.63999938964844,77.41000366210938,77.62999725341797,2281
2024-05-30 18:00:00+00:00,78.08000183105469,78.08000183105469,77.44000244140625,77.4800033569336,0
2024-05-31 01:00:00+00:00,77.55999755859375,78.83000183105469,77.5,78.4800033569336,280
2024-05-31 02:00:00+00:00,77.47000122070312,77.58000183105469,77.22000122070312,77.51000213623047,364
2024-05-31 03:00:00+00:00,77.33000183105469,77.45999908447266,77.30999755859375,77.45999908447266,49
2024-05-31 04:00:00+00:00,76.93000030517578,77.76000213623047,76.81999969482422,77.27999877929688,268
2024-05-31 05:00:00+00:00,77.25,77.38999938964844,76.9800033569336,77.0,138
2024-05-31 06:00:00+00:00,77.2699966430664,77.36000061035156,77.18000030517578,77.22000122070312,69
2024-05-31 07:00:00+00:00,77.29000091552734,77.45999908447266,77.20999908447266,77.30000305175781,117
2024-05-31 08:00:00+00:00,77.75,77.75,77.01000213623047,77.27999877929688,323
2024-05-31 09:00:00+00:00,77.66999816894531,77.83000183105469,77.5999984741211,77.76000213623047,169
2024-05-31 10:00:00+00:00,77.55999755859375,77.7699966430664,77.4800033569336,77.5999984741211,215
2024-05-31 11:00:00+00:00,77.54000091552734,77.66999816894531,77.43000030517578,77.54000091552734,344
2024-05-31 12:00:00+00:00,76.36000061035156,77.54000091552734,76.19000244140625,77.5,4444
2024-05-31 13:00:00+00:00,76.63999938964844,77.5199966430664,76.37000274658203,76.38999938964844,3188
2024-05-31 14:00:00+00:00,76.19000244140625,76.91999816894531,76.16000366210938,76.63999938964844,3503
2024-05-31 15:00:00+00:00,76.72000122070312,77.12999725341797,76.11000061035156,76.20999908447266,3167
2024-05-31 16:00:00+00:00,76.3499984741211,76.80999755859375,76.25,76.72000122070312,2733
2024-05-31 17:00:00+00:00,76.37000274658203,76.43000030517578,76.12999725341797,76.3499984741211,2392
2024-05-31 18:00:00+00:00,76.1500015258789,76.4800033569336,76.06999969482422,76.33999633789062,3004
2024-06-03 01:00:00+00:00,76.30000305175781,76.52999877929688,76.1500015258789,76.1500015258789,312
2024-06-03 02:00:00+00:00,76.2300033569336,76.31999969482422,76.16000366210938,76.25,116
2024-06-03 03:00:00+00:00,76.25,76.25,76.13999938964844,76.25,64
2024-06-03 04:00:00+00:00,76.05999755859375,76.37000274658203,76.04000091552734,76.2699966430664,79
2024-06-03 05:00:00+00:00,75.5999984741211,76.08999633789062,75.55999755859375,76.05999755859375,705
2024-06-03 06:00:00+00:00,75.18000030517578,75.5999984741211,75.1500015258789,75.56999969482422,875
2024-06-03 07:00:00+00:00,75.22000122070312,75.29000091552734,75.1500015258789,75.19000244140625,216
2024-06-03 08:00:00+00:00,75.4000015258789,75.41999816894531,75.20999908447266,75.25,234
2024-06-03 09:00:00+00:00,75.30000305175781,75.41999816894531,75.11000061035156,75.41999816894531,615
2024-06-03 10:00:00+00:00,75.12000274658203,75.33999633789062,74.86000061035156,75.30999755859375,729
2024-06-03 11:00:00+00:00,75.08999633789062,75.33999633789062,74.94000244140625,75.12000274658203,1131
2024-06-03 12:00:00+00:00,75.12000274658203,75.4000015258789,74.81999969482422,75.08999633789062,2163
2024-06-03 13:00:00+00:00,74.69999694824219,75.94999694824219,74.63999938964844,75.08999633789062,3940
2024-06-03 14:00:00+00:00,73.81999969482422,75.05000305175781,73.7300033569336,74.7300033569336,6858
2024-06-03 15:00:00+00:00,73.62000274658203,74.54000091552734,73.1500015258789,73.83999633789062,5954
2024-06-03 16:00:00+00:00,73.3499984741211,74.30000305175781,73.30000305175781,73.58999633789062,2042
2024-06-03 17:00:00+00:00,73.1500015258789,73.43000030517578,73.1500015258789,73.36000061035156,3815
2024-06-03 18:00:00+00:00,73.1500015258789,73.29000091552734,73.1500015258789,73.1500015258789,0
2024-06-04 01:00:00+00:00,73.36000061035156,73.58000183105469,73.11000061035156,73.1500015258789,1040
2024-06-04 02:00:00+00:00,73.22000122070312,73.38999938964844,73.16999816894531,73.33999633789062,177
2024-06-04 03:00:00+00:00,73.48999786376953,73.48999786376953,73.18000030517578,73.18000030517578,138
2024-06-04 04:00:00+00:00,73.36000061035156,74.88999938964844,73.36000061035156,73.44999694824219,25
2024-06-04 05:00:00+00:00,73.33000183105469,74.81999969482422,73.1500015258789,73.36000061035156,105
2024-06-04 06:00:00+00:00,73.33999633789062,73.41000366210938,73.1500015258789,73.29000091552734,192
2024-06-04 07:00:00+00:00,73.18000030517578,73.37000274658203,73.16000366210938,73.2699966430664,517
2024-06-04 08:00:00+00:00,73.04000091552734,73.19999694824219,72.94000244140625,73.19999694824219,794
2024-06-04 09:00:00+00:00,73.05000305175781,73.26000213623047,72.91999816894531,72.98999786376953,277
2024-06-04 10:00:00+00:00,72.63999938964844,73.02999877929688,72.63999938964844,73.02999877929688,571
2024-06-04 11:00:00+00:00,72.69999694824219,74.23999786376953,72.62000274658203,72.63999938964844,424
2024-06-04 12:00:00+00:00,72.83999633789062,73.08000183105469,72.26000213623047,72.76000213623047,2432
2024-06-04 13:00:00+00:00,73.23999786376953,74.16000366210938,72.80000305175781,72.8499984741211,4936
2024-06-04 14:00:00+00:00,73.31999969482422,74.04000091552734,73.02999877929688,73.26000213623047,5645
2024-06-04 15:00:00+00:00,73.41000366210938,73.69999694824219,73.04000091552734,73.26000213623047,3221
2024-06-04 16:00:00+00:00,73.41999816894531,73.79000091552734,72.70999908447266,73.36000061035156,2850
2024-06-04 17:00:00+00:00,73.5199966430664,74.23999786376953,73.4000015258789,73.45999908447266,1893
2024-06-04 18:00:00+00:00,73.48999786376953,73.66999816894531,73.37999725341797,73.48999786376953,0
2024-06-05 01:00:00+00:00,73.76000213623047,74.0,73.54000091552734,73.5999984741211,220
2024-06-05 02:00:00+00:00,73.9800033569336,74.91999816894531,73.7699966430664,73.77999877929688,187
2024-06-05 03:00:00+00:00,74.16000366210938,74.30999755859375,73.97000122070312,74.0,291
2024-06-05 04:00:00+00:00,74.22000122070312,74.29000091552734,74.12999725341797,74.19999694824219,74
2024-06-05 05:00:00+00:00,74.68000030517578,74.68000030517578,74.12999725341797,74.20999908447266,682
2024-06-05 06:00:00+00:00,74.37000274658203,74.7300033569336,74.37000274658203,74.69000244140625,175
2024-06-05 07:00:00+00:00,74.4800033569336,74.7699966430664,74.38999938964844,74.41999816894531,158
2024-06-05 08:00:00+00:00,75.0199966430664,75.91000366210938,74.5199966430664,74.5199966430664,524
2024-06-05 09:00:00+00:00,74.5999984741211,75.01000213623047,74.5,75.01000213623047,353
2024-06-05 10:00:00+00:00,74.55999755859375,74.66999816894531,74.44999694824219,74.55999755859375,166
2024-06-05 11:00:00+00:00,74.47000122070312,74.55000305175781,74.33000183105469,74.55000305175781,190
2024-06-05 12:00:00+00:00,74.4000015258789,75.16000366210938,74.06999969482422,74.44999694824219,2132
2024-06-05 13:00:00+00:00,74.4000015258789,74.81999969482422,74.05000305175781,74.37000274658203,2468
2024-06-05 14:00:00+00:00,74.83999633789062,75.36000061035156,74.23999786376953,74.36000061035156,3208
2024-06-05 15:00:00+00:00,74.69000244140625,74.9800033569336,74.55000305175781,74.83000183105469,2075
2024-06-05 16:00:00+00:00,74.77999877929688,75.16000366210938,74.62000274658203,74.70999908447266,1937
2024-06-05 17:00:00+00:00,74.4800033569336,74.91000366210938,74.41999816894531,74.7699966430664,2188
2024-06-05 18:00:00+00:00,74.36000061035156,74.62000274658203,74.33999633789062,74.4800033569336,0
2024-06-06 01:00:00+00:00,74.48999786376953,74.6500015258789,74.33000183105469,74.33000183105469,123
2024-06-06 02:00:00+00:00,74.31999969482422,74.5,74.30999755859375,74.48999786376953,91
2024-06-06 03:00:00+00:00,74.16999816894531,75.12999725341797,74.13999938964844,74.31999969482422,124
2024-06-06 04:00:00+00:00,74.27999877929688,74.31999969482422,74.19999694824219,74.19999694824219,40
2024-06-06 05:00:00+00:00,74.23999786376953,74.36000061035156,74.19000244140625,74.26000213623047,68
2024-06-06 06:00:00+00:00,74.04000091552734,74.2300033569336,73.80999755859375,74.2300033569336,418
2024-06-06 07:00:00+00:00,73.75,74.06999969482422,73.69999694824219,74.02999877929688,538
2024-06-06 08:00:00+00:00,74.43000030517578,75.08000183105469,73.76000213623047,73.76000213623047,425
2024-06-06 09:00:00+00:00,74.22000122070312,75.18000030517578,74.12000274658203,74.43000030517578,152
2024-06-06 10:00:00+00:00,74.3499984741211,74.3499984741211,73.95999908447266,74.2300033569336,183
2024-06-06 11:00:00+00:00,74.01000213623047,75.25,74.0,74.31999969482422,388
2024-06-06 12:00:00+00:00,74.13999938964844,75.19999694824219,73.80999755859375,74.04000091552734,1836
2024-06-06 13:00:00+00:00,74.61000061035156,74.86000061035156,73.88999938964844,74.1500015258789,3045
2024-06-06 14:00:00+00:00,75.19999694824219,75.25,74.43000030517578,74.6500015258789,3696
2024-06-06 15:00:00+00:00,75.08999633789062,75.29000091552734,74.7300033569336,75.2300033569336,3569
2024-06-06 16:00:00+00:00,75.3499984741211,75.5,74.9000015258789,75.12000274658203,2164
2024-06-06 17:00:00+00:00,75.87000274658203,75.91000366210938,75.0,75.3499984741211,2004
2024-06-06 18:00:00+00:00,75.51000213623047,75.87999725341797,75.29000091552734,75.86000061035156,0
2024-06-07 01:00:00+00:00,75.37999725341797,76.0,75.37999725341797,75.61000061035156,262
2024-06-07 02:00:00+00:00,75.37000274658203,75.62999725341797,75.30000305175781,75.37999725341797,78
2024-06-07 03:00:00+00:00,75.36000061035156,75.48999786376953,75.36000061035156,75.37999725341797,10
2024-06-07 04:00:00+00:00,75.41999816894531,75.48999786376953,75.41000366210938,75.43000030517578,41
2024-06-07 05:00:00+00:00,75.36000061035156,75.37999725341797,75.25,75.37999725341797,11
2024-06-07 06:00:00+00:00,75.36000061035156,75.5199966430664,75.26000213623047,75.26000213623047,55
2024-06-07 07:00:00+00:00,75.52999877929688,75.55999755859375,75.30000305175781,75.48999786376953,103
2024-06-07 08:00:00+00:00,74.94999694824219,75.48999786376953,74.8499984741211,75.48999786376953,283
2024-06-07 09:00:00+00:00,74.72000122070312,74.94000244140625,74.5,74.94000244140625,413
2024-06-07 10:00:00+00:00,74.79000091552734,74.9000015258789,74.72000122070312,74.76000213623047,396
2024-06-07 11:00:00+00:00,74.44000244140625,74.81999969482422,74.0999984741211,74.80999755859375,1018
2024-06-07 12:00:00+00:00,74.27999877929688,74.4800033569336,74.01000213623047,74.41999816894531,1403
2024-06-07 13:00:00+00:00,74.08000183105469,74.54000091552734,74.0199966430664,74.41000366210938,4295
2024-06-07 14:00:00+00:00,74.7699966430664,74.87000274658203,74.02999877929688,74.08999633789062,3302
2024-06-07 15:00:00+00:00,74.33000183105469,75.0199966430664,74.26000213623047,74.7699966430664,2400
2024-06-07 16:00:00+00:00,74.02999877929688,74.5199966430664,74.02999877929688,74.3499984741211,2266
2024-06-07 17:00:00+00:00,73.87000274658203,74.12000274658203,73.62000274658203,74.05000305175781,2746
2024-06-07 18:00:00+00:00,73.8499984741211,74.20999908447266,73.54000091552734,73.87000274658203,3950
2024-06-10 01:00:00+00:00,74.02999877929688,74.27999877929688,73.83999633789062,73.83999633789062,246
2024-06-10 02:00:00+00:00,74.05999755859375,74.0999984741211,74.01000213623047,74.05999755859375,20
2024-06-10 03:00:00+00:00,73.83999633789062,74.08000183105469,73.76000213623047,74.06999969482422,54
2024-06-10 04:00:00+00:00,73.81999969482422,73.8499984741211,73.73999786376953,73.73999786376953,17
2024-06-10 05:00:00+00:00,73.7300033569336,73.79000091552734,73.7300033569336,73.76000213623047,14
2024-06-10 06:00:00+00:00,73.72000122070312,73.7699966430664,73.69000244140625,73.7300033569336,17
2024-06-10 07:00:00+00:00,73.55000305175781,73.94000244140625,73.4000015258789,73.77999877929688,330
2024-06-10 08:00:00+00:00,73.45999908447266,73.63999938964844,73.4000015258789,73.48999786376953,420
2024-06-10 09:00:00+00:00,73.44999694824219,73.97000122070312,73.19999694824219,73.44999694824219,2663
2024-06-10 10:00:00+00:00,73.33000183105469,73.6500015258789,73.25,73.43000030517578,340
2024-06-10 11:00:00+00:00,72.86000061035156,73.43000030517578,72.80999755859375,73.33000183105469,630
2024-06-10 12:00:00+00:00,73.19000244140625,73.75,72.75,72.9000015258789,992
2024-06-10 13:00:00+00:00,71.98999786376953,73.19000244140625,71.72000122070312,73.19000244140625,3872
2024-06-10 14:00:00+00:00,71.55000305175781,72.91999816894531,71.5199966430664,71.97000122070312,4666
2024-06-10 15:00:00+00:00,71.63999938964844,72.91999816894531,71.27999877929688,71.52999877929688,3203
2024-06-10 16:00:00+00:00,71.94999694824219,71.95999908447266,71.56999969482422,71.66000366210938,1856
2024-06-10 17:00:00+00:00,71.75,73.0999984741211,71.75,71.94000244140625,2086
2024-06-10 18:00:00+00:00,71.94999694824219,71.98999786376953,71.58000183105469,71.7699966430664,0
2024-06-11 01:00:00+00:00,72.05000305175781,72.33000183105469,71.87999725341797,72.11000061035156,183
2024-06-11 02:00:00+00:00,72.01000213623047,72.04000091552734,71.80999755859375,72.0,67
2024-06-11 03:00:00+00:00,72.2300033569336,72.26000213623047,72.01000213623047,72.01000213623047,154
2024-06-11 04:00:00+00:00,71.98999786376953,72.23999786376953,71.98999786376953,72.19000244140625,111
2024-06-11 05:00:00+00:00,71.94999694824219,72.04000091552734,71.80999755859375,71.91999816894531,310
2024-06-11 06:00:00+00:00,71.97000122070312,72.0199966430664,71.7300033569336,71.91999816894531,342
2024-06-11 07:00:00+00:00,72.08000183105469,72.19999694824219,71.87000274658203,71.94000244140625,96
2024-06-11 08:00:00+00:00,72.19999694824219,72.22000122070312,72.01000213623047,72.06999969482422,184
2024-06-11 09:00:00+00:00,72.27999877929688,72.37000274658203,72.12999725341797,72.16999816894531,186
2024-06-11 10:00:00+00:00,72.29000091552734,72.33999633789062,72.16000366210938,72.27999877929688,209
2024-06-11 11:00:00+00:00,71.69999694824219,72.2699966430664,71.56999969482422,72.2699966430664,859
2024-06-11 12:00:00+00:00,72.31999969482422,72.94000244140625,71.51000213623047,71.66999816894531,1634
2024-06-11 13:00:00+00:00,72.66999816894531,72.66999816894531,71.80000305175781,72.31999969482422,2265
2024-06-11 14:00:00+00:00,73.12000274658203,73.66000366210938,72.55999755859375,72.68000030517578,2940
2024-06-11 15:00:00+00:00,73.26000213623047,74.4000015258789,72.98999786376953,73.16000366210938,2218
2024-06-11 16:00:00+00:00,73.01000213623047,73.36000061035156,72.87000274658203,73.22000122070312,2066
2024-06-11 17:00:00+00:00,72.91999816894531,73.94000244140625,72.7300033569336,73.0199966430664,1947
2024-06-11 18:00:00+00:00,72.94999694824219,73.55999755859375,72.62999725341797,72.88999938964844,0
2024-06-12 01:00:00+00:00,72.95999908447266,73.23999786376953,72.95999908447266,73.0,51
2024-06-12 02:00:00+00:00,72.33999633789062,73.30000305175781,72.30999755859375,72.87999725341797,89
2024-06-12 03:00:00+00:00,73.22000122070312,73.22000122070312,72.4000015258789,72.41000366210938,0
2024-06-12 04:00:00+00:00,72.38999938964844,72.4800033569336,72.38999938964844,72.41999816894531,185
2024-06-12 05:00:00+00:00,72.27999877929688,72.43000030517578,72.27999877929688,72.33999633789062,190
2024-06-12 06:00:00+00:00,72.27999877929688,72.86000061035156,72.25,72.30999755859375,74
2024-06-12 07:00:00+00:00,72.37999725341797,72.43000030517578,72.29000091552734,72.29000091552734,59
2024-06-12 08:00:00+00:00,72.1500015258789,72.86000061035156,72.1500015258789,72.44000244140625,3191
2024-06-12 09:00:00+00:00,71.91999816894531,72.16999816894531,71.91999816894531,72.12999725341797,416
2024-06-12 10:00:00+00:00,72.08000183105469,72.13999938964844,71.94000244140625,71.98999786376953,488
2024-06-12 11:00:00+00:00,71.80000305175781,72.5,71.66000366210938,72.1500015258789,465
2024-06-12 12:00:00+00:00,72.43000030517578,73.0,71.63999938964844,71.7699966430664,1430
2024-06-12 13:00:00+00:00,72.04000091552734,73.19999694824219,72.02999877929688,72.45999908447266,1501
2024-06-12 14:00:00+00:00,72.0999984741211,73.0,71.5,72.05999755859375,2811
2024-06-12 15:00:00+00:00,73.08000183105469,73.08000183105469,71.73999786376953,72.11000061035156,0
2024-06-12 16:00:00+00:00,71.9800033569336,72.7699966430664,71.7300033569336,72.18000030517578,14057
2024-06-12 17:00:00+00:00,71.94000244140625,72.86000061035156,71.81999969482422,71.95999908447266,1479
2024-06-12 18:00:00+00:00,71.72000122070312,72.75,71.66000366210938,71.94999694824219,0
2024-06-13 01:00:00+00:00,71.70999908447266,72.5999984741211,71.51000213623047,71.7300033569336,244
2024-06-13 02:00:00+00:00,71.4000015258789,71.52999877929688,71.4000015258789,71.5199966430664,50
2024-06-13 03:00:00+00:00,71.55999755859375,71.55999755859375,71.45999908447266,71.45999908447266,2
2024-06-13 04:00:00+00:00,71.63999938964844,71.6500015258789,71.58999633789062,71.58999633789062,31
2024-06-13 05:00:00+00:00,71.66000366210938,71.66000366210938,71.55000305175781,71.58999633789062,32
2024-06-13 06:00:00+00:00,71.68000030517578,71.83999633789062,71.55999755859375,71.81999969482422,173
2024-06-13 07:00:00+00:00,71.87000274658203,72.05999755859375,71.76000213623047,71.76000213623047,69
2024-06-13 08:00:00+00:00,71.76000213623047,73.01000213623047,71.58999633789062,71.7699966430664,106
2024-06-13 09:00:00+00:00,71.73999786376953,71.87000274658203,71.69999694824219,71.8499984741211,131
2024-06-13 10:00:00+00:00,71.73999786376953,71.81999969482422,71.70999908447266,71.70999908447266,114
2024-06-13 11:00:00+00:00,71.87000274658203,71.87000274658203,71.5999984741211,71.75,134
2024-06-13 12:00:00+00:00,71.56999969482422,72.19999694824219,71.52999877929688,71.83000183105469,1021
2024-06-13 13:00:00+00:00,71.61000061035156,72.83999633789062,71.4800033569336,71.55999755859375,1355
2024-06-13 14:00:00+00:00,71.94000244140625,73.37999725341797,71.44999694824219,71.68000030517578,1833
2024-06-13 15:00:00+00:00,71.6500015258789,73.41999816894531,71.5199966430664,71.93000030517578,1457
2024-06-13 16:00:00+00:00,71.48999786376953,73.5,71.48999786376953,71.55999755859375,757
2024-06-13 17:00:00+00:00,71.43000030517578,71.54000091552734,71.41000366210938,71.5,1090
2024-06-13 18:00:00+00:00,71.43000030517578,71.55000305175781,71.30000305175781,71.41999816894531,0
2024-06-14 01:00:00+00:00,71.41999816894531,71.58999633789062,71.30999755859375,71.58999633789062,195
2024-06-14 02:00:00+00:00,71.22000122070312,71.41999816894531,71.20999908447266,71.41999816894531,56
2024-06-14 03:00:00+00:00,71.23999786376953,71.36000061035156,71.20999908447266,71.20999908447266,44
2024-06-14 04:00:00+00:00,71.2699966430664,71.2699966430664,71.22000122070312,71.22000122070312,8
2024-06-14 05:00:00+00:00,71.5,71.5199966430664,71.19999694824219,71.23999786376953,31
2024-06-14 06:00:00+00:00,71.19999694824219,71.5,71.19999694824219,71.5,582
2024-06-14 07:00:00+00:00,71.23999786376953,71.29000091552734,71.19999694824219,71.2699966430664,70
2024-06-14 08:00:00+00:00,71.0999984741211,71.30999755859375,71.01000213623047,71.30999755859375,288
2024-06-14 09:00:00+00:00,71.19000244140625,71.30999755859375,71.05999755859375,71.12000274658203,287
2024-06-14 10:00:00+00:00,71.44999694824219,71.44999694824219,71.19000244140625,71.19000244140625,360
2024-06-14 11:00:00+00:00,71.43000030517578,71.5,71.3499984741211,71.3499984741211,127
2024-06-14 12:00:00+00:00,71.56999969482422,71.69999694824219,71.41000366210938,71.5,435
2024-06-14 13:00:00+00:00,71.58000183105469,73.7300033569336,71.20999908447266,71.58000183105469,1748
2024-06-14 14:00:00+00:00,71.80000305175781,74.0,71.27999877929688,71.47000122070312,2352
2024-06-14 15:00:00+00:00,71.30000305175781,74.18000030517578,71.2699966430664,71.69999694824219,1155
2024-06-14 16:00:00+00:00,74.69999694824219,74.69999694824219,71.05000305175781,74.2300033569336,0
2024-06-14 17:00:00+00:00,71.18000030517578,74.66000366210938,71.08000183105469,74.66000366210938,9531
2024-06-14 18:00:00+00:00,71.08000183105469,74.4800033569336,70.83999633789062,71.18000030517578,1806
2024-06-17 01:00:00+00:00,70.37000274658203,74.5,70.33000183105469,70.8499984741211,379
2024-06-17 02:00:00+00:00,70.30000305175781,70.4000015258789,70.29000091552734,70.33999633789062,44
2024-06-17 03:00:00+00:00,69.94999694824219,70.4000015258789,69.80000305175781,70.30000305175781,179
2024-06-17 04:00:00+00:00,69.55000305175781,72.93000030517578,69.51000213623047,69.7699966430664,78
2024-06-17 05:00:00+00:00,69.62999725341797,73.29000091552734,69.51000213623047,69.55000305175781,120
2024-06-17 06:00:00+00:00,69.1500015258789,72.44999694824219,69.05999755859375,69.51000213623047,270
2024-06-17 07:00:00+00:00,69.08000183105469,69.19999694824219,69.05999755859375,69.1500015258789,360
2024-06-17 08:00:00+00:00,68.9800033569336,69.29000091552734,68.9000015258789,69.12000274658203,299
2024-06-17 09:00:00+00:00,69.18000030517578,69.18000030517578,68.93000030517578,69.01000213623047,122
2024-06-17 10:00:00+00:00,68.94999694824219,72.75,68.94000244140625,69.12999725341797,234
2024-06-17 11:00:00+00:00,68.70999908447266,69.0,68.63999938964844,69.0,600
2024-06-17 12:00:00+00:00,68.63999938964844,68.75,68.5,68.72000122070312,1025
2024-06-17 13:00:00+00:00,68.61000061035156,72.05000305175781,68.29000091552734,68.62999725341797,1533
2024-06-17 14:00:00+00:00,69.52999877929688,73.20999908447266,68.41999816894531,68.58999633789062,1850
2024-06-17 15:00:00+00:00,69.44000244140625,73.19999694824219,69.30999755859375,69.5999984741211,1235
2024-06-17 16:00:00+00:00,69.4800033569336,72.76000213623047,69.25,69.38999938964844,1156
2024-06-17 17:00:00+00:00,69.77999877929688,72.43000030517578,69.45999908447266,69.47000122070312,1153
2024-06-17 18:00:00+00:00,69.9800033569336,73.16000366210938,69.75,69.75,0
2024-06-18 01:00:00+00:00,69.41000366210938,70.25,69.04000091552734,70.01000213623047,97
2024-06-18 02:00:00+00:00,69.56999969482422,69.56999969482422,69.45999908447266,69.45999908447266,7
2024-06-18 03:00:00+00:00,69.41000366210938,69.62000274658203,69.41000366210938,69.62000274658203,4
2024-06-18 04:00:00+00:00,69.44000244140625,69.6500015258789,69.44000244140625,69.63999938964844,13
2024-06-18 05:00:00+00:00,69.33999633789062,69.87000274658203,69.33999633789062,69.87000274658203,32
2024-06-18 06:00:00+00:00,69.25,69.48999786376953,68.9000015258789,69.36000061035156,1109
2024-06-18 07:00:00+00:00,69.25,69.25,69.16000366210938,69.16000366210938,15
2024-06-18 08:00:00+00:00,69.1500015258789,69.36000061035156,69.04000091552734,69.36000061035156,166
2024-06-18 09:00:00+00:00,69.12000274658203,69.23999786376953,69.06999969482422,69.1500015258789,89
2024-06-18 10:00:00+00:00,69.29000091552734,69.30000305175781,69.12000274658203,69.12000274658203,210
2024-06-18 11:00:00+00:00,69.2300033569336,69.31999969482422,69.19999694824219,69.26000213623047,148
2024-06-18 12:00:00+00:00,69.72000122070312,72.5999984741211,69.01000213623047,69.22000122070312,347
2024-06-18 13:00:00+00:00,69.91999816894531,73.1500015258789,69.62000274658203,69.70999908447266,1157
2024-06-18 14:00:00+00:00,70.5999984741211,73.0,69.88999938964844,69.98999786376953,1588
2024-06-18 15:00:00+00:00,71.66999816894531,74.87999725341797,70.6500015258789,70.66999816894531,1434
2024-06-18 16:00:00+00:00,71.62000274658203,74.73999786376953,71.5,71.63999938964844,827
2024-06-18 17:00:00+00:00,71.04000091552734,74.19999694824219,69.7300033569336,71.63999938964844,1598
2024-06-18 18:00:00+00:00,70.91999816894531,71.16999816894531,70.87999725341797,71.05000305175781,0
2024-06-20 04:00:00+00:00,71.38999938964844,71.48999786376953,71.37999725341797,71.37999725341797,13
2024-06-20 05:00:00+00:00,71.30000305175781,71.58000183105469,71.29000091552734,71.48999786376953,52
2024-06-20 06:00:00+00:00,71.05999755859375,71.4800033569336,71.05000305175781,71.33999633789062,112
2024-06-20 07:00:00+00:00,71.7699966430664,71.77999877929688,71.05999755859375,71.05999755859375,56
2024-06-20 08:00:00+00:00,71.86000061035156,75.01000213623047,71.70999908447266,71.79000091552734,95
2024-06-20 09:00:00+00:00,71.87999725341797,75.0,71.79000091552734,71.8499984741211,1108
2024-06-20 10:00:00+00:00,71.83999633789062,74.91999816894531,71.5,71.70999908447266,0
2024-06-20 11:00:00+00:00,71.44999694824219,74.72000122070312,71.44999694824219,71.83999633789062,1749
2024-06-20 12:00:00+00:00,71.4800033569336,74.5199966430664,71.38999938964844,71.44999694824219,329
2024-06-20 13:00:00+00:00,71.19000244140625,73.80000305175781,70.79000091552734,71.4000015258789,604
2024-06-20 14:00:00+00:00,71.2699966430664,73.80000305175781,70.69000244140625,71.13999938964844,474
2024-06-20 15:00:00+00:00,70.97000122070312,73.26000213623047,70.7699966430664,71.2699966430664,416
2024-06-20 16:00:00+00:00,70.87999725341797,73.05999755859375,70.83000183105469,70.94000244140625,0
2024-06-20 17:00:00+00:00,71.01000213623047,71.12000274658203,70.86000061035156,71.02999877929688,4528
2024-06-20 18:00:00+00:00,70.9000015258789,71.80000305175781,70.81999969482422,71.0,0
2024-06-21 01:00:00+00:00,70.58999633789062,71.19999694824219,70.4000015258789,71.05999755859375,342
2024-06-21 02:00:00+00:00,70.3499984741211,70.41000366210938,70.3499984741211,70.41000366210938,7
2024-06-21 03:00:00+00:00,70.37999725341797,70.37999725341797,70.30000305175781,70.30000305175781,2
2024-06-21 04:00:00+00:00,70.11000061035156,70.11000061035156,70.11000061035156,70.11000061035156,1
2024-06-21 05:00:00+00:00,70.41000366210938,70.41000366210938,70.11000061035156,70.11000061035156,7
2024-06-21 06:00:00+00:00,70.11000061035156,70.5199966430664,70.06999969482422,70.5,44
2024-06-21 07:00:00+00:00,70.37999725341797,70.48999786376953,70.16000366210938,70.16000366210938,102
2024-06-21 08:00:00+00:00,70.44999694824219,70.44999694824219,70.20999908447266,70.3499984741211,26
2024-06-21 09:00:00+00:00,71.95999908447266,71.95999908447266,70.05000305175781,70.2300033569336,0
2024-06-21 10:00:00+00:00,69.91000366210938,71.30000305175781,69.80000305175781,70.11000061035156,661
2024-06-21 11:00:00+00:00,70.0,71.30000305175781,69.93000030517578,69.93000030517578,54
2024-06-21 12:00:00+00:00,70.1500015258789,72.13999938964844,70.08000183105469,70.12999725341797,240
2024-06-21 13:00:00+00:00,68.8499984741211,72.08000183105469,68.8499984741211,70.0199966430664,1434
2024-06-21 14:00:00+00:00,68.5,72.13999938964844,68.22000122070312,68.79000091552734,1042
2024-06-21 15:00:00+00:00,67.8499984741211,72.13999938964844,67.8499984741211,68.41000366210938,752
2024-06-21 16:00:00+00:00,67.86000061035156,72.06999969482422,67.8499984741211,67.8499984741211,220
2024-06-21 17:00:00+00:00,68.2699966430664,72.66000366210938,67.8499984741211,72.29000091552734,246
2024-06-21 18:00:00+00:00,69.05000305175781,72.05999755859375,68.75,69.30000305175781,155
2024-06-24 01:00:00+00:00,71.5999984741211,71.5999984741211,67.9000015258789,67.91999816894531,0
2024-06-24 02:00:00+00:00,71.6500015258789,71.6500015258789,71.6500015258789,71.6500015258789,1
2024-06-24 03:00:00+00:00,71.63999938964844,71.6500015258789,71.63999938964844,71.6500015258789,2
2024-06-24 04:00:00+00:00,71.6500015258789,71.6500015258789,71.6500015258789,71.6500015258789,1
2024-06-24 05:00:00+00:00,71.80000305175781,71.80000305175781,71.80000305175781,71.80000305175781,2
2024-06-24 06:00:00+00:00,71.80000305175781,71.80000305175781,71.63999938964844,71.63999938964844,4
2024-06-24 07:00:00+00:00,72.0999984741211,72.0999984741211,72.0999984741211,72.0999984741211,2
2024-06-24 08:00:00+00:00,72.08999633789062,72.08999633789062,72.08999633789062,72.08999633789062,1
2024-06-24 10:00:00+00:00,72.66000366210938,72.66000366210938,72.66000366210938,72.66000366210938,1
2024-06-24 11:00:00+00:00,72.44999694824219,72.44999694824219,72.44999694824219,72.44999694824219,1
2024-06-24 12:00:00+00:00,72.5,72.69999694824219,71.5199966430664,71.5199966430664,4
2024-06-24 13:00:00+00:00,72.12000274658203,72.5999984741211,72.05999755859375,72.44999694824219,18
2024-06-24 14:00:00+00:00,72.08000183105469,72.31999969482422,70.04000091552734,70.04000091552734,2
2024-06-24 15:00:00+00:00,72.48999786376953,72.70999908447266,72.44000244140625,72.44000244140625,7
2024-06-24 16:00:00+00:00,71.38999938964844,71.38999938964844,71.38999938964844,71.38999938964844,6
2024-06-24 17:00:00+00:00,72.44000244140625,72.44000244140625,71.5199966430664,72.44000244140625,0
2024-06-24 18:00:00+00:00,72.2300033569336,72.58999633789062,72.2300033569336,72.3499984741211,0
2024-06-25 01:00:00+00:00,72.41000366210938,72.41000366210938,72.41000366210938,72.41000366210938,1
2024-06-25 08:00:00+00:00,72.87000274658203,72.87000274658203,72.62000274658203,72.62000274658203,10
2024-06-25 11:00:00+00:00,73.04000091552734,73.04000091552734,73.04000091552734,73.04000091552734,3
2024-06-25 12:00:00+00:00,73.79000091552734,73.79000091552734,73.04000091552734,73.04000091552734,5
2024-06-25 13:00:00+00:00,74.8499984741211,74.8499984741211,72.0,73.66999816894531,27
2024-06-25 14:00:00+00:00,73.5,74.4000015258789,73.5,74.31999969482422,0
2024-06-25 15:00:00+00:00,74.0,74.0,73.76000213623047,73.76000213623047,61
2024-06-25 16:00:00+00:00,73.72000122070312,73.7300033569336,73.72000122070312,73.72000122070312,5
2024-06-25 17:00:00+00:00,74.19999694824219,74.19999694824219,74.19999694824219,74.19999694824219,0
2024-06-26 05:00:00+00:00,74.05000305175781,74.05000305175781,74.05000305175781,74.05000305175781,1
2024-06-26 08:00:00+00:00,74.19999694824219,74.19999694824219,74.19999694824219,74.19999694824219,15
2024-06-26 09:00:00+00:00,74.55000305175781,74.55000305175781,74.4000015258789,74.4000015258789,6
2024-06-26 12:00:00+00:00,73.72000122070312,74.19999694824219,73.72000122070312,74.19999694824219,4
2024-06-26 13:00:00+00:00,73.80000305175781,74.0,73.72000122070312,73.72000122070312,8
2024-06-26 14:00:00+00:00,74.80000305175781,74.80000305175781,73.72000122070312,73.9000015258789,29
2024-06-26 15:00:00+00:00,74.69999694824219,74.69999694824219,73.98999786376953,73.98999786376953,2
2024-06-26 16:00:00+00:00,74.19999694824219,74.19999694824219,74.19999694824219,74.19999694824219,0
2024-06-27 09:00:00+00:00,74.13999938964844,74.2300033569336,74.13999938964844,74.2300033569336,0
2024-06-27 12:00:00+00:00,74.51000213623047,75.16999816894531,74.5,75.08000183105469,11
2024-06-27 13:00:00+00:00,73.69000244140625,74.38999938964844,73.69000244140625,73.8499984741211,4
2024-06-27 14:00:00+00:00,73.45999908447266,73.58000183105469,73.16999816894531,73.18000030517578,5
2024-06-27 15:00:00+00:00,73.5999984741211,73.62999725341797,73.4000015258789,73.58000183105469,5
2024-06-27 16:00:00+00:00,73.62000274658203,73.62000274658203,73.62000274658203,73.62000274658203,2
2024-06-27 17:00:00+00:00,74.16000366210938,74.16000366210938,73.8499984741211,73.8499984741211,3
2024-06-27 18:00:00+00:00,73.7699966430664,73.7699966430664,73.7699966430664,73.7699966430664,0
2024-06-28 01:00:00+00:00,74.2300033569336,74.2300033569336,74.2300033569336,74.2300033569336,1
2024-06-28 07:00:00+00:00,74.43000030517578,74.43000030517578,74.43000030517578,74.43000030517578,1
2024-06-28 10:00:00+00:00,74.56999969482422,74.56999969482422,74.56999969482422,74.56999969482422,1
2024-06-28 12:00:00+00:00,74.5,74.6500015258789,74.5,74.6500015258789,3
2024-06-28 14:00:00+00:00,74.02999877929688,74.16000366210938,74.02999877929688,74.16000366210938,3
2024-06-28 16:00:00+00:00,71.73999786376953,73.5999984741211,71.20999908447266,73.5999984741211,31
2024-06-28 17:00:00+00:00,72.2300033569336,72.2300033569336,71.80999755859375,71.80999755859375,4
2024-06-28 18:00:00+00:00,71.5999984741211,71.5999984741211,71.5999984741211,71.5999984741211,2
2024-07-01 03:00:00+00:00,72.16999816894531,72.16999816894531,72.05000305175781,72.05000305175781,0
2024-07-01 05:00:00+00:00,71.95999908447266,71.95999908447266,71.95999908447266,71.95999908447266,1
2024-07-01 12:00:00+00:00,72.41999816894531,72.69999694824219,72.2699966430664,72.69999694824219,5
2024-07-01 13:00:00+00:00,72.4000015258789,72.52999877929688,72.4000015258789,72.41999816894531,7
2024-07-01 14:00:00+00:00,72.05000305175781,72.20999908447266,72.05000305175781,72.20999908447266,2
2024-07-01 15:00:00+00:00,72.12999725341797,72.30999755859375,72.12999725341797,72.30999755859375,2
2024-07-01 18:00:00+00:00,72.22000122070312,72.37999725341797,72.22000122070312,72.37999725341797,0
2024-07-02 01:00:00+00:00,72.81999969482422,73.08000183105469,72.80000305175781,72.80000305175781,3
2024-07-02 05:00:00+00:00,72.66000366210938,72.66000366210938,72.66000366210938,72.66000366210938,2
2024-07-02 09:00:00+00:00,72.62000274658203,72.70999908447266,72.62000274658203,72.70999908447266,1
2024-07-02 10:00:00+00:00,72.62000274658203,72.62000274658203,72.62000274658203,72.62000274658203,1
2024-07-02 11:00:00+00:00,72.22000122070312,72.22000122070312,72.22000122070312,72.22000122070312,1
2024-07-02 12:00:00+00:00,72.12000274658203,72.12000274658203,72.12000274658203,72.12000274658203,1
2024-07-02 14:00:00+00:00,71.69999694824219,71.88999938964844,71.69999694824219,71.88999938964844,15
2024-07-02 15:00:00+00:00,71.83999633789062,71.95999908447266,71.62000274658203,71.66000366210938,10
2024-07-02 17:00:00+00:00,71.33000183105469,71.79000091552734,71.33000183105469,71.79000091552734,0
2024-07-03 02:00:00+00:00,71.62999725341797,71.62999725341797,71.62999725341797,71.62999725341797,1
2024-07-03 13:30:00+00:00,70.91999816894531,70.91999816894531,70.91999816894531,70.91999816894531,1
2024-07-03 14:30:00+00:00,70.87999725341797,71.01000213623047,70.87999725341797,71.01000213623047,6
2024-07-05 12:00:00+00:00,70.08000183105469,70.75,69.7300033569336,70.75,3
2024-07-05 13:00:00+00:00,69.70999908447266,69.70999908447266,69.70999908447266,69.70999908447266,1
2024-07-05 14:00:00+00:00,69.51000213623047,69.54000091552734,69.43000030517578,69.43000030517578,4
2024-07-05 15:00:00+00:00,69.70999908447266,69.75,69.70999908447266,69.75,5
2024-07-05 16:00:00+00:00,69.55000305175781,70.08000183105469,69.55000305175781,70.08000183105469,4
2024-07-05 17:00:00+00:00,69.5199966430664,69.5199966430664,69.37999725341797,69.37999725341797,3
2024-07-08 01:00:00+00:00,69.38999938964844,69.38999938964844,69.38999938964844,69.38999938964844,0
2024-07-08 02:00:00+00:00,69.4000015258789,69.4000015258789,69.4000015258789,69.4000015258789,1
2024-07-08 07:00:00+00:00,69.69999694824219,69.69999694824219,69.69999694824219,69.69999694824219,1
2024-07-08 10:00:00+00:00,69.80000305175781,69.80000305175781,69.80000305175781,69.80000305175781,1
2024-07-08 11:00:00+00:00,70.18000030517578,70.18000030517578,70.18000030517578,70.18000030517578,2
2024-07-08 16:00:00+00:00,69.26000213623047,69.26000213623047,69.26000213623047,69.26000213623047,2
2024-07-08 17:00:00+00:00,69.48999786376953,69.63999938964844,69.48999786376953,69.63999938964844,6
2024-07-08 18:00:00+00:00,69.48999786376953,69.58000183105469,69.2699966430664,69.27999877929688,0
2024-07-09 12:00:00+00:00,69.22000122070312,69.58999633789062,69.22000122070312,69.58999633789062,5
2024-07-09 13:00:00+00:00,68.80000305175781,69.22000122070312,68.77999877929688,69.22000122070312,18
2024-07-09 14:00:00+00:00,69.18000030517578,69.18000030517578,69.02999877929688,69.02999877929688,3
2024-07-09 15:00:00+00:00,69.0999984741211,69.0999984741211,69.0999984741211,69.0999984741211,0
2024-07-09 16:00:00+00:00,69.19999694824219,69.19999694824219,69.19999694824219,69.19999694824219,30
2024-07-09 17:00:00+00:00,69.23999786376953,69.29000091552734,69.23999786376953,69.29000091552734,0
2024-07-10 01:00:00+00:00,69.2699966430664,69.2699966430664,69.2699966430664,69.2699966430664,2
2024-07-10 04:00:00+00:00,69.0999984741211,69.0999984741211,69.0999984741211,69.0999984741211,2
2024-07-10 07:00:00+00:00,69.18000030517578,69.18000030517578,69.18000030517578,69.18000030517578,0
2024-07-10 10:00:00+00:00,69.18000030517578,69.18000030517578,69.18000030517578,69.18000030517578,1
2024-07-10 11:00:00+00:00,69.4800033569336,69.5,69.45999908447266,69.45999908447266,6
2024-07-10 12:00:00+00:00,69.4800033569336,69.4800033569336,69.4800033569336,69.4800033569336,27
2024-07-10 13:00:00+00:00,69.62999725341797,69.62999725341797,69.62999725341797,69.62999725341797,0
2024-07-10 14:00:00+00:00,69.38999938964844,69.38999938964844,69.38999938964844,69.38999938964844,40
2024-07-10 15:00:00+00:00,70.16000366210938,70.16000366210938,69.86000061035156,69.86000061035156,2
2024-07-10 16:00:00+00:00,70.19999694824219,70.25,69.97000122070312,70.0999984741211,11
2024-07-10 17:00:00+00:00,70.01000213623047,70.08000183105469,70.01000213623047,70.08000183105469,2
2024-07-10 18:00:00+00:00,69.5,69.72000122070312,69.5,69.72000122070312,0
2024-07-11 07:00:00+00:00,69.69000244140625,69.93000030517578,69.69000244140625,69.83999633789062,12
2024-07-11 12:00:00+00:00,69.48999786376953,69.48999786376953,69.48999786376953,69.48999786376953,1
2024-07-11 13:00:00+00:00,69.38999938964844,69.38999938964844,69.38999938964844,69.38999938964844,0
2024-07-11 14:00:00+00:00,69.79000091552734,69.79000091552734,69.79000091552734,69.79000091552734,26
2024-07-11 18:00:00+00:00,69.0999984741211,69.12000274658203,68.93000030517578,68.94999694824219,0
2024-07-12 06:00:00+00:00,68.83999633789062,69.0999984741211,68.83999633789062,69.0999984741211,2
2024-07-12 10:00:00+00:00,68.91999816894531,68.91999816894531,68.91999816894531,68.91999816894531,2
2024-07-12 12:00:00+00:00,68.87999725341797,68.87999725341797,68.3499984741211,68.43000030517578,0
2024-07-12 13:00:00+00:00,68.30000305175781,68.30000305175781,68.30000305175781,68.30000305175781,10
2024-07-12 14:00:00+00:00,68.72000122070312,68.72000122070312,68.72000122070312,68.72000122070312,1
2024-07-12 15:00:00+00:00,68.4800033569336,68.51000213623047,68.4800033569336,68.51000213623047,7
2024-07-12 17:00:00+00:00,68.91999816894531,68.91999816894531,68.91999816894531,68.91999816894531,8
2024-07-12 18:00:00+00:00,68.91999816894531,68.91999816894531,68.91999816894531,68.91999816894531,8
2024-07-15 01:00:00+00:00,68.9000015258789,69.58999633789062,68.9000015258789,69.33000183105469,2
2024-07-15 09:00:00+00:00,70.0199966430664,70.0199966430664,69.94999694824219,69.94999694824219,3
2024-07-15 10:00:00+00:00,70.56999969482422,70.62000274658203,70.0199966430664,70.0199966430664,13
2024-07-15 11:00:00+00:00,70.55999755859375,70.55999755859375,70.55999755859375,70.55999755859375,1
2024-07-15 12:00:00+00:00,70.11000061035156,71.55999755859375,70.11000061035156,70.70999908447266,9
2024-07-15 13:00:00+00:00,71.19000244140625,71.19000244140625,71.19000244140625,71.19000244140625,9
2024-07-15 14:00:00+00:00,71.19999694824219,71.19999694824219,71.19999694824219,71.19999694824219,7
2024-07-15 15:00:00+00:00,70.63999938964844,71.01000213623047,70.63999938964844,71.01000213623047,0
2024-07-15 16:00:00+00:00,71.01000213623047,71.01000213623047,71.01000213623047,71.01000213623047,58
2024-07-15 17:00:00+00:00,71.01000213623047,71.01000213623047,71.01000213623047,71.01000213623047,3
2024-07-15 18:00:00+00:00,70.76000213623047,70.86000061035156,70.76000213623047,70.76000213623047,0
2024-07-16 09:00:00+00:00,70.94999694824219,70.94999694824219,70.62999725341797,70.62999725341797,4
2024-07-16 13:00:00+00:00,70.9000015258789,70.9000015258789,69.80999755859375,70.2300033569336,0
2024-07-16 15:00:00+00:00,70.69000244140625,70.69000244140625,70.2300033569336,70.6500015258789,33
2024-07-16 16:00:00+00:00,70.06999969482422,70.06999969482422,70.06999969482422,70.06999969482422,0
2024-07-16 17:00:00+00:00,70.5199966430664,70.5199966430664,70.19999694824219,70.19999694824219,41
2024-07-16 18:00:00+00:00,70.41000366210938,70.41000366210938,70.41000366210938,70.41000366210938,0
2024-07-17 10:00:00+00:00,71.08999633789062,71.08999633789062,71.0,71.0,2
2024-07-17 12:00:00+00:00,71.54000091552734,71.54000091552734,71.54000091552734,71.54000091552734,0
2024-07-17 13:00:00+00:00,71.25,71.41999816894531,71.25,71.41999816894531,5
2024-07-17 14:00:00+00:00,71.5,72.04000091552734,71.25,71.25,0
2024-07-17 16:00:00+00:00,71.25,71.25,71.25,71.25,0
2024-07-18 10:00:00+00:00,71.01000213623047,71.01000213623047,71.01000213623047,71.01000213623047,0
2024-07-18 14:00:00+00:00,71.45999908447266,71.54000091552734,71.45999908447266,71.54000091552734,6
2024-07-18 15:00:00+00:00,71.22000122070312,71.4000015258789,71.1500015258789,71.4000015258789,6
2024-07-18 18:00:00+00:00,71.5999984741211,71.5999984741211,71.37000274658203,71.5999984741211,0
2024-07-19 14:00:00+00:00,71.04000091552734,71.04000091552734,70.23999786376953,70.30999755859375,4
2024-07-19 15:00:00+00:00,70.33999633789062,70.33999633789062,70.33999633789062,70.33999633789062,1
2024-07-19 16:00:00+00:00,69.93000030517578,70.0,69.93000030517578,70.0,2
2024-07-22 06:00:00+00:00,70.12999725341797,70.12999725341797,70.12999725341797,70.12999725341797,0
2024-07-22 11:00:00+00:00,70.4800033569336,70.4800033569336,70.4800033569336,70.4800033569336,1
2024-07-22 13:00:00+00:00,70.87000274658203,70.87000274658203,70.87000274658203,70.87000274658203,0
2024-07-22 14:00:00+00:00,69.8499984741211,69.8499984741211,69.8499984741211,69.8499984741211,0
2024-07-22 16:00:00+00:00,70.01000213623047,70.01000213623047,70.01000213623047,70.01000213623047,5
2024-07-22 17:00:00+00:00,70.23999786376953,70.23999786376953,70.23999786376953,70.23999786376953,1
2024-07-22 18:00:00+00:00,70.04000091552734,70.2300033569336,69.91999816894531,69.91999816894531,0
2024-07-23 04:00:00+00:00,70.63999938964844,70.63999938964844,70.63999938964844,70.63999938964844,1
2024-07-23 07:00:00+00:00,69.81999969482422,69.81999969482422,69.81999969482422,69.81999969482422,1
2024-07-23 13:00:00+00:00,68.41000366210938,69.30999755859375,68.41000366210938,69.30999755859375,14
2024-07-23 14:00:00+00:00,67.88999938964844,68.43000030517578,67.70999908447266,68.41999816894531,49
2024-07-23 15:00:00+00:00,67.58999633789062,67.80999755859375,67.58999633789062,67.80999755859375,12
2024-07-23 17:00:00+00:00,68.23999786376953,68.23999786376953,68.23999786376953,68.23999786376953,4
2024-07-23 18:00:00+00:00,68.01000213623047,68.18000030517578,68.01000213623047,68.18000030517578,0
2024-07-24 01:00:00+00:00,68.01000213623047,68.01000213623047,68.01000213623047,68.01000213623047,9
2024-07-24 04:00:00+00:00,67.94999694824219,67.94999694824219,67.94999694824219,67.94999694824219,1
2024-07-24 07:00:00+00:00,67.0999984741211,67.76000213623047,67.0999984741211,67.66999816894531,5
2024-07-24 08:00:00+00:00,67.58000183105469,67.58000183105469,67.58000183105469,67.58000183105469,1
2024-07-24 09:00:00+00:00,67.0999984741211,67.0999984741211,67.0999984741211,67.0999984741211,1
2024-07-24 10:00:00+00:00,67.33000183105469,67.33000183105469,67.2300033569336,67.2300033569336,2
2024-07-24 11:00:00+00:00,66.86000061035156,67.0999984741211,66.86000061035156,67.0999984741211,7
2024-07-24 12:00:00+00:00,66.16000366210938,66.5,66.16000366210938,66.5,2
2024-07-24 13:00:00+00:00,66.2699966430664,66.44000244140625,66.18000030517578,66.44000244140625,8
2024-07-24 14:00:00+00:00,66.33999633789062,66.80999755859375,65.9000015258789,66.73999786376953,31
2024-07-24 15:00:00+00:00,66.44999694824219,66.44999694824219,66.44999694824219,66.44999694824219,0
2024-07-24 17:00:00+00:00,66.52999877929688,67.01000213623047,66.52999877929688,66.52999877929688,0
2024-07-25 03:00:00+00:00,66.33000183105469,66.4000015258789,66.33000183105469,66.4000015258789,10
2024-07-25 05:00:00+00:00,66.95999908447266,67.08999633789062,66.23999786376953,66.80999755859375,4
2024-07-25 12:00:00+00:00,67.12999725341797,67.12999725341797,66.66999816894531,66.66999816894531,6
2024-07-25 15:00:00+00:00,67.0,67.0,67.0,67.0,2
2024-07-25 17:00:00+00:00,67.0199966430664,67.08999633789062,67.0199966430664,67.08999633789062,4
2024-07-25 18:00:00+00:00,67.25,67.25,67.25,67.25,0
2024-07-26 13:00:00+00:00,66.4000015258789,66.4000015258789,66.4000015258789,66.4000015258789,1
2024-07-26 14:00:00+00:00,66.11000061035156,66.11000061035156,66.11000061035156,66.11000061035156,1
2024-07-26 15:00:00+00:00,65.86000061035156,65.86000061035156,65.86000061035156,65.86000061035156,0
2024-07-26 17:00:00+00:00,66.04000091552734,66.04000091552734,65.68000030517578,65.70999908447266,7
2024-07-26 18:00:00+00:00,66.05000305175781,66.05000305175781,66.05000305175781,66.05000305175781,2
2024-07-29 02:00:00+00:00,66.7699966430664,66.7699966430664,66.7699966430664,66.7699966430664,0
2024-07-29 07:00:00+00:00,66.91999816894531,66.91999816894531,66.91999816894531,66.91999816894531,1
2024-07-29 08:00:00+00:00,67.69000244140625,67.73999786376953,67.2699966430664,67.47000122070312,12
2024-07-29 10:00:00+00:00,67.58999633789062,67.58999633789062,67.58999633789062,67.58999633789062,1
2024-07-29 11:00:00+00:00,67.0,67.0,67.0,67.0,2
2024-07-29 12:00:00+00:00,67.5199966430664,67.5199966430664,67.51000213623047,67.51000213623047,0
2024-07-29 18:00:00+00:00,67.5,67.5,67.5,67.5,0
2024-07-30 05:00:00+00:00,67.61000061035156,67.61000061035156,67.5199966430664,67.5199966430664,2
2024-07-30 12:00:00+00:00,68.44999694824219,68.5,68.0,68.0,10
2024-07-30 13:00:00+00:00,67.9800033569336,67.9800033569336,67.9800033569336,67.9800033569336,0
2024-07-30 17:00:00+00:00,68.37000274658203,68.37000274658203,68.37000274658203,68.37000274658203,0
2024-07-31 01:00:00+00:00,68.12000274658203,68.3499984741211,68.12000274658203,68.3499984741211,3
2024-07-31 07:00:00+00:00,67.94999694824219,67.94999694824219,67.9000015258789,67.9000015258789,4
2024-07-31 08:00:00+00:00,68.1500015258789,68.1500015258789,67.9800033569336,67.9800033569336,10
2024-07-31 09:00:00+00:00,68.1500015258789,68.1500015258789,68.1500015258789,68.1500015258789,7
2024-07-31 12:00:00+00:00,68.36000061035156,68.36000061035156,68.36000061035156,68.36000061035156,2
2024-07-31 13:00:00+00:00,68.0199966430664,68.0199966430664,67.61000061035156,67.61000061035156,3
2024-07-31 14:00:00+00:00,68.16999816894531,68.16999816894531,68.16999816894531,68.16999816894531,0
2024-07-31 15:00:00+00:00,67.16000366210938,67.2699966430664,67.16000366210938,67.2699966430664,0
2024-07-31 16:00:00+00:00,67.98999786376953,67.98999786376953,67.98999786376953,67.98999786376953,0
2024-08-01 09:00:00+00:00,67.5999984741211,67.5999984741211,67.5999984741211,67.5999984741211,1
2024-08-01 12:00:00+00:00,68.69999694824219,68.69999694824219,68.61000061035156,68.61000061035156,4
2024-08-01 13:00:00+00:00,67.94999694824219,67.94999694824219,67.94999694824219,67.94999694824219,0
2024-08-01 14:00:00+00:00,66.94999694824219,67.0999984741211,66.94999694824219,67.0999984741211,10
2024-08-01 15:00:00+00:00,67.23999786376953,67.23999786376953,67.23999786376953,67.23999786376953,0
2024-08-01 17:00:00+00:00,66.69999694824219,66.69999694824219,66.69999694824219,66.69999694824219,0
2024-08-02 01:00:00+00:00,66.5199966430664,66.5199966430664,66.5199966430664,66.5199966430664,3
2024-08-02 02:00:00+00:00,67.52999877929688,67.52999877929688,67.52999877929688,67.52999877929688,1
2024-08-02 06:00:00+00:00,67.52999877929688,67.52999877929688,67.52999877929688,67.52999877929688,1
2024-08-02 07:00:00+00:00,67.33000183105469,67.33000183105469,67.33000183105469,67.33000183105469,1
2024-08-02 08:00:00+00:00,67.1500015258789,67.1500015258789,67.1500015258789,67.1500015258789,1
2024-08-02 10:00:00+00:00,66.83000183105469,66.83000183105469,66.83000183105469,66.83000183105469,1
2024-08-02 11:00:00+00:00,66.94999694824219,66.94999694824219,66.94999694824219,66.94999694824219,5
2024-08-02 14:00:00+00:00,67.93000030517578,67.93000030517578,67.93000030517578,67.93000030517578,0
2024-08-02 16:00:00+00:00,67.22000122070312,67.22000122070312,67.22000122070312,67.22000122070312,16
2024-08-02 17:00:00+00:00,67.0,67.0,67.0,67.0,1
2024-08-05 01:00:00+00:00,67.73999786376953,67.73999786376953,66.91999816894531,67.08999633789062,2
2024-08-05 06:00:00+00:00,66.52999877929688,66.52999877929688,66.52999877929688,66.52999877929688,1
2024-08-05 07:00:00+00:00,66.48999786376953,66.48999786376953,65.68000030517578,66.4000015258789,5
2024-08-05 10:00:00+00:00,65.80999755859375,65.80999755859375,65.80999755859375,65.80999755859375,0
2024-08-05 13:00:00+00:00,65.80000305175781,65.80000305175781,65.80000305175781,65.80000305175781,0
2024-08-05 14:00:00+00:00,66.12999725341797,66.12999725341797,66.12999725341797,66.12999725341797,0
2024-08-05 18:00:00+00:00,66.5,66.93000030517578,66.5,66.93000030517578,0
2024-08-06 02:00:00+00:00,66.69000244140625,66.69000244140625,66.69000244140625,66.69000244140625,1
2024-08-06 05:00:00+00:00,66.63999938964844,66.63999938964844,66.63999938964844,66.63999938964844,1
2024-08-06 06:00:00+00:00,66.22000122070312,66.22000122070312,66.22000122070312,66.22000122070312,2
2024-08-06 09:00:00+00:00,66.44999694824219,66.44999694824219,66.44999694824219,66.44999694824219,1
2024-08-06 13:00:00+00:00,66.62000274658203,66.62000274658203,66.62000274658203,66.62000274658203,0
2024-08-06 14:00:00+00:00,66.68000030517578,66.68000030517578,66.68000030517578,66.68000030517578,0
2024-08-07 06:00:00+00:00,66.0,66.0,66.0,66.0,1
2024-08-07 08:00:00+00:00,66.19999694824219,66.19999694824219,66.19999694824219,66.19999694824219,6
2024-08-07 12:00:00+00:00,66.19999694824219,66.19999694824219,66.19999694824219,66.19999694824219,0
2024-08-07 14:00:00+00:00,65.91999816894531,65.91999816894531,65.91999816894531,65.91999816894531,0
2024-08-07 15:00:00+00:00,67.0,67.0,66.68000030517578,66.68000030517578,27
2024-08-07 16:00:00+00:00,66.87000274658203,66.87000274658203,66.87000274658203,66.87000274658203,1
2024-08-07 17:00:00+00:00,66.52999877929688,66.52999877929688,66.52999877929688,66.52999877929688,0
2024-08-08 12:00:00+00:00,66.06999969482422,66.0999984741211,66.06999969482422,66.06999969482422,1
2024-08-08 13:00:00+00:00,66.0,66.0,65.30000305175781,65.30000305175781,0
2024-08-08 15:00:00+00:00,65.91999816894531,65.91999816894531,65.91999816894531,65.91999816894531,0
2024-08-08 16:00:00+00:00,65.9000015258789,65.9000015258789,65.9000015258789,65.9000015258789,16
2024-08-08 17:00:00+00:00,65.94000244140625,65.94000244140625,65.94000244140625,65.94000244140625,0
2024-08-09 07:00:00+00:00,66.20999908447266,66.20999908447266,66.20999908447266,66.20999908447266,1
2024-08-09 11:00:00+00:00,67.25,67.25,66.91000366210938,66.91000366210938,2
2024-08-09 12:00:00+00:00,66.94999694824219,66.94999694824219,66.93000030517578,66.93000030517578,2
2024-08-09 13:00:00+00:00,67.18000030517578,67.18000030517578,66.94999694824219,66.94999694824219,7
2024-08-09 14:00:00+00:00,66.69999694824219,67.11000061035156,66.69999694824219,67.11000061035156,3
2024-08-09 15:00:00+00:00,67.18000030517578,67.18000030517578,67.18000030517578,67.18000030517578,0
2024-08-09 17:00:00+00:00,67.4000015258789,67.4000015258789,66.98999786376953,66.98999786376953,25
2024-08-09 18:00:00+00:00,67.4000015258789,67.4000015258789,67.4000015258789,67.4000015258789,8
2024-08-12 03:00:00+00:00,68.22000122070312,68.22000122070312,67.55000305175781,67.55000305175781,0
2024-08-12 06:00:00+00:00,67.9800033569336,67.9800033569336,67.9800033569336,67.9800033569336,2
2024-08-12 09:00:00+00:00,68.16000366210938,68.16000366210938,68.16000366210938,68.16000366210938,0
2024-08-12 13:00:00+00:00,67.95999908447266,67.95999908447266,67.6500015258789,67.6500015258789,9
2024-08-12 15:00:00+00:00,68.3499984741211,68.3499984741211,68.3499984741211,68.3499984741211,1
2024-08-12 16:00:00+00:00,69.25,69.94999694824219,69.0,69.0,11
2024-08-12 17:00:00+00:00,69.25,69.25,69.25,69.25,2
2024-08-12 18:00:00+00:00,68.94999694824219,68.94999694824219,68.29000091552734,68.36000061035156,0
2024-08-13 06:00:00+00:00,67.69999694824219,67.80000305175781,67.69999694824219,67.80000305175781,3
2024-08-13 12:00:00+00:00,67.94999694824219,67.94999694824219,67.94999694824219,67.94999694824219,1
2024-08-13 13:00:00+00:00,67.79000091552734,67.83999633789062,67.66999816894531,67.66999816894531,0
2024-08-13 17:00:00+00:00,67.33999633789062,67.75,67.33999633789062,67.7300033569336,0
2024-08-14 01:00:00+00:00,67.1500015258789,67.1500015258789,66.97000122070312,66.97000122070312,2
2024-08-14 02:00:00+00:00,67.1500015258789,67.1500015258789,67.1500015258789,67.1500015258789,1
2024-08-14 07:00:00+00:00,67.55000305175781,67.55000305175781,67.55000305175781,67.55000305175781,1
2024-08-14 08:00:00+00:00,67.1500015258789,67.1500015258789,67.1500015258789,67.1500015258789,0
2024-08-14 13:00:00+00:00,66.5999984741211,66.63999938964844,66.5999984741211,66.63999938964844,9
2024-08-14 14:00:00+00:00,66.70999908447266,67.05999755859375,66.69000244140625,66.69000244140625,13
2024-08-14 15:00:00+00:00,66.36000061035156,66.4000015258789,66.36000061035156,66.4000015258789,2
2024-08-14 17:00:00+00:00,66.12000274658203,66.18000030517578,66.12000274658203,66.12000274658203,0
2024-08-15 05:00:00+00:00,66.5999984741211,66.5999984741211,66.5999984741211,66.5999984741211,1
2024-08-15 07:00:00+00:00,66.44999694824219,66.44999694824219,66.44999694824219,66.44999694824219,2
2024-08-15 14:00:00+00:00,66.68000030517578,66.68000030517578,66.62999725341797,66.62999725341797,3
2024-08-15 15:00:00+00:00,66.75,66.75,66.75,66.75,1
2024-08-15 16:00:00+00:00,66.6500015258789,66.72000122070312,66.6500015258789,66.72000122070312,0
2024-08-16 07:00:00+00:00,66.25,66.3499984741211,66.25,66.25,3
2024-08-16 10:00:00+00:00,65.8499984741211,66.0199966430664,65.8499984741211,65.97000122070312,4
2024-08-16 12:00:00+00:00,65.77999877929688,65.77999877929688,65.77999877929688,65.77999877929688,1
2024-08-16 14:00:00+00:00,66.05000305175781,66.05000305175781,66.05000305175781,66.05000305175781,0
2024-08-16 15:00:00+00:00,66.22000122070312,66.22000122070312,66.01000213623047,66.01000213623047,11
2024-08-16 16:00:00+00:00,66.33999633789062,66.36000061035156,66.33999633789062,66.36000061035156,6
2024-08-19 01:00:00+00:00,67.45999908447266,67.45999908447266,66.77999877929688,66.77999877929688,6
2024-08-19 05:00:00+00:00,67.5199966430664,67.5199966430664,67.5199966430664,67.5199966430664,1
2024-08-19 07:00:00+00:00,67.0999984741211,67.0999984741211,67.0999984741211,67.0999984741211,2
2024-08-19 11:00:00+00:00,67.5,67.5,67.5,67.5,1
2024-08-19 12:00:00+00:00,68.0,68.0,68.0,68.0,1
2024-08-19 13:00:00+00:00,68.38999938964844,68.38999938964844,68.38999938964844,68.38999938964844,0
2024-08-19 14:00:00+00:00,68.25,68.5,68.25,68.5,15
2024-08-19 15:00:00+00:00,68.3499984741211,68.5,68.3499984741211,68.5,0
2024-08-19 16:00:00+00:00,68.4000015258789,68.4000015258789,67.9800033569336,68.4000015258789,0
2024-08-20 12:00:00+00:00,68.7699966430664,68.7699966430664,68.55000305175781,68.7699966430664,2
2024-08-20 13:00:00+00:00,68.95999908447266,68.95999908447266,68.94999694824219,68.94999694824219,2
2024-08-20 14:00:00+00:00,69.06999969482422,69.19000244140625,68.7300033569336,68.7300033569336,3
2024-08-20 15:00:00+00:00,68.87000274658203,69.04000091552734,68.41999816894531,68.47000122070312,8
2024-08-20 17:00:00+00:00,69.06999969482422,69.06999969482422,69.04000091552734,69.04000091552734,0
2024-08-21 01:00:00+00:00,68.81999969482422,68.81999969482422,68.81999969482422,68.81999969482422,11
2024-08-21 10:00:00+00:00,69.04000091552734,69.36000061035156,68.94999694824219,68.9800033569336,5
2024-08-21 13:00:00+00:00,69.13999938964844,69.13999938964844,69.13999938964844,69.13999938964844,1
2024-08-21 14:00:00+00:00,69.55000305175781,69.55000305175781,69.55000305175781,69.55000305175781,3
2024-08-21 15:00:00+00:00,69.41999816894531,69.41999816894531,69.41999816894531,69.41999816894531,1
2024-08-21 16:00:00+00:00,69.0999984741211,69.29000091552734,69.0999984741211,69.29000091552734,6
2024-08-21 17:00:00+00:00,69.5,69.5,69.25,69.27999877929688,4
2024-08-21 18:00:00+00:00,69.75,69.75,69.75,69.75,0
2024-08-22 06:00:00+00:00,69.58999633789062,69.79000091552734,69.58999633789062,69.79000091552734,2
2024-08-22 07:00:00+00:00,69.37999725341797,69.37999725341797,69.37999725341797,69.37999725341797,2
2024-08-22 13:00:00+00:00,68.51000213623047,68.51000213623047,68.51000213623047,68.51000213623047,0
2024-08-22 15:00:00+00:00,70.8499984741211,70.87000274658203,68.91999816894531,68.91999816894531,40
2024-08-22 16:00:00+00:00,69.47000122070312,69.47000122070312,69.47000122070312,69.47000122070312,0
2024-08-23 07:00:00+00:00,70.41999816894531,70.41999816894531,70.41999816894531,70.41999816894531,1
2024-08-23 14:00:00+00:00,70.98999786376953,71.0,70.91999816894531,71.0,5
2024-08-23 15:00:00+00:00,71.0999984741211,71.0999984741211,71.0999984741211,71.0999984741211,3
2024-08-26 03:00:00+00:00,71.98999786376953,71.98999786376953,71.97000122070312,71.97000122070312,3
2024-08-26 07:00:00+00:00,71.87999725341797,71.91000366210938,71.5999984741211,71.91000366210938,3
2024-08-26 08:00:00+00:00,71.7300033569336,71.7300033569336,71.7300033569336,71.7300033569336,1
2024-08-26 13:00:00+00:00,71.26000213623047,71.26000213623047,71.26000213623047,71.26000213623047,0
2024-08-26 14:00:00+00:00,71.5999984741211,71.5999984741211,71.5999984741211,71.5999984741211,0
2024-08-27 03:00:00+00:00,69.72000122070312,70.2699966430664,69.72000122070312,70.2699966430664,8
2024-08-27 05:00:00+00:00,70.91000366210938,70.91000366210938,70.72000122070312,70.83000183105469,5
2024-08-27 12:00:00+00:00,69.31999969482422,69.6500015258789,69.31999969482422,69.6500015258789,9
2024-08-27 13:00:00+00:00,69.62999725341797,70.0,69.62999725341797,70.0,3
2024-08-27 15:00:00+00:00,70.05999755859375,70.05999755859375,69.83000183105469,69.83000183105469,2
2024-08-27 17:00:00+00:00,69.70999908447266,70.0199966430664,69.70999908447266,69.70999908447266,0
2024-08-28 08:00:00+00:00,69.55000305175781,69.55000305175781,69.55000305175781,69.55000305175781,1
2024-08-28 14:00:00+00:00,68.5999984741211,68.72000122070312,68.5999984741211,68.66999816894531,5
2024-08-28 18:00:00+00:00,68.9000015258789,68.9000015258789,68.9000015258789,68.9000015258789,0
2024-08-29 12:00:00+00:00,69.30000305175781,69.5,69.30000305175781,69.5,1
2024-08-29 14:00:00+00:00,69.08999633789062,69.08999633789062,69.08999633789062,69.08999633789062,3
2024-08-29 15:00:00+00:00,70.0,70.0,69.97000122070312,69.97000122070312,4
2024-08-29 17:00:00+00:00,70.19999694824219,70.19999694824219,70.19000244140625,70.19000244140625,0
2024-08-30 01:00:00+00:00,69.93000030517578,69.93000030517578,69.93000030517578,69.93000030517578,1
2024-08-30 13:00:00+00:00,69.69000244140625,69.69000244140625,69.69000244140625,69.69000244140625,6
2024-08-30 18:00:00+00:00,69.9000015258789,69.9000015258789,69.55000305175781,69.55000305175781,3
2024-09-03 04:00:00+00:00,69.69000244140625,69.69000244140625,69.44000244140625,69.63999938964844,55
2024-09-03 05:00:00+00:00,69.5999984741211,69.69999694824219,69.54000091552734,69.69999694824219,54
2024-09-03 06:00:00+00:00,69.73999786376953,69.77999877929688,69.58000183105469,69.5999984741211,241
2024-09-03 07:00:00+00:00,69.94999694824219,69.98999786376953,69.7699966430664,69.7699966430664,437
2024-09-03 08:00:00+00:00,69.9800033569336,70.06999969482422,69.75,69.94000244140625,509
2024-09-03 09:00:00+00:00,69.51000213623047,69.97000122070312,69.43000030517578,69.97000122070312,997
2024-09-03 10:00:00+00:00,69.47000122070312,69.69999694824219,69.44000244140625,69.5,483
2024-09-03 11:00:00+00:00,69.55999755859375,69.61000061035156,69.1500015258789,69.48999786376953,348
2024-09-03 12:00:00+00:00,70.31999969482422,70.5,69.55999755859375,69.55999755859375,2481
2024-09-03 13:00:00+00:00,70.44999694824219,70.63999938964844,70.12000274658203,70.31999969482422,2391
2024-09-03 14:00:00+00:00,70.62999725341797,70.70999908447266,70.30000305175781,70.45999908447266,3257
2024-09-03 15:00:00+00:00,70.95999908447266,71.08999633789062,70.54000091552734,70.62000274658203,3197
2024-09-03 16:00:00+00:00,71.05999755859375,71.18000030517578,70.88999938964844,70.94000244140625,2738
2024-09-03 17:00:00+00:00,70.45999908447266,71.05999755859375,70.45999908447266,71.05000305175781,2177
2024-09-03 18:00:00+00:00,70.5,70.69999694824219,70.44999694824219,70.44999694824219,0
2024-09-04 01:00:00+00:00,70.43000030517578,70.48999786376953,70.25,70.29000091552734,361
2024-09-04 02:00:00+00:00,69.98999786376953,70.43000030517578,69.83000183105469,70.43000030517578,431
2024-09-04 03:00:00+00:00,69.81999969482422,70.0,69.75,69.9800033569336,279
2024-09-04 04:00:00+00:00,69.87999725341797,69.94999694824219,69.8499984741211,69.8499984741211,35
2024-09-04 05:00:00+00:00,69.70999908447266,69.88999938964844,69.70999908447266,69.8499984741211,261
2024-09-04 06:00:00+00:00,69.45999908447266,69.73999786376953,69.3499984741211,69.70999908447266,1231
2024-09-04 07:00:00+00:00,69.69999694824219,69.69999694824219,69.41999816894531,69.47000122070312,460
2024-09-04 08:00:00+00:00,69.55000305175781,69.69000244140625,69.52999877929688,69.69000244140625,353
2024-09-04 09:00:00+00:00,69.62000274658203,69.69000244140625,69.5,69.55000305175781,420
2024-09-04 10:00:00+00:00,69.73999786376953,69.80000305175781,69.62999725341797,69.62999725341797,497
2024-09-04 11:00:00+00:00,69.83000183105469,70.05000305175781,69.72000122070312,69.75,766
2024-09-04 12:00:00+00:00,69.77999877929688,69.94999694824219,69.61000061035156,69.83999633789062,1556
2024-09-04 13:00:00+00:00,70.16999816894531,70.2300033569336,69.75,69.77999877929688,2017
2024-09-04 14:00:00+00:00,70.08000183105469,70.3499984741211,69.93000030517578,70.19000244140625,3011
2024-09-04 15:00:00+00:00,69.93000030517578,70.16000366210938,69.83999633789062,70.0999984741211,1982
2024-09-04 16:00:00+00:00,69.87000274658203,70.02999877929688,69.80000305175781,69.93000030517578,1912
2024-09-04 17:00:00+00:00,69.5999984741211,69.87999725341797,69.55999755859375,69.87999725341797,3143
2024-09-04 18:00:00+00:00,69.86000061035156,69.93000030517578,69.56999969482422,69.61000061035156,0
2024-09-05 01:00:00+00:00,70.27999877929688,70.30000305175781,69.80999755859375,69.83999633789062,721
2024-09-05 02:00:00+00:00,70.18000030517578,70.23999786376953,70.05000305175781,70.23999786376953,150
2024-09-05 03:00:00+00:00,70.02999877929688,70.18000030517578,70.01000213623047,70.18000030517578,22
2024-09-05 04:00:00+00:00,70.0199966430664,70.08999633789062,69.98999786376953,70.02999877929688,29
2024-09-05 05:00:00+00:00,69.9800033569336,70.02999877929688,69.95999908447266,69.9800033569336,25
2024-09-05 06:00:00+00:00,69.94000244140625,70.05000305175781,69.80999755859375,69.98999786376953,266
2024-09-05 07:00:00+00:00,70.1500015258789,70.1500015258789,69.8499984741211,69.9000015258789,123
2024-09-05 08:00:00+00:00,70.0,70.1500015258789,69.95999908447266,70.1500015258789,200
2024-09-05 09:00:00+00:00,70.12999725341797,70.1500015258789,69.9000015258789,70.01000213623047,302
2024-09-05 10:00:00+00:00,69.95999908447266,70.12000274658203,69.88999938964844,70.0999984741211,270
2024-09-05 11:00:00+00:00,69.87000274658203,69.9800033569336,69.86000061035156,69.9800033569336,126
2024-09-05 12:00:00+00:00,70.02999877929688,70.0999984741211,69.81999969482422,69.8499984741211,912
2024-09-05 13:00:00+00:00,69.56999969482422,70.02999877929688,69.51000213623047,70.02999877929688,2222
2024-09-05 14:00:00+00:00,69.80999755859375,70.01000213623047,69.52999877929688,69.52999877929688,2063
2024-09-05 15:00:00+00:00,69.11000061035156,69.87999725341797,69.0999984741211,69.79000091552734,3337
2024-09-05 16:00:00+00:00,69.5,69.54000091552734,69.05000305175781,69.0999984741211,2299
2024-09-05 17:00:00+00:00,69.4000015258789,69.55000305175781,69.31999969482422,69.48999786376953,1693
2024-09-05 18:00:00+00:00,69.47000122070312,69.55000305175781,69.31999969482422,69.4000015258789,0
2024-09-06 01:00:00+00:00,69.29000091552734,69.56999969482422,69.0999984741211,69.5,512
2024-09-06 02:00:00+00:00,69.08000183105469,69.29000091552734,69.02999877929688,69.29000091552734,202
2024-09-06 03:00:00+00:00,69.11000061035156,69.11000061035156,68.91999816894531,69.0999984741211,413
2024-09-06 04:00:00+00:00,69.05000305175781,69.12999725341797,69.05000305175781,69.11000061035156,74
2024-09-06 05:00:00+00:00,68.95999908447266,69.04000091552734,68.9000015258789,69.04000091552734,246
2024-09-06 06:00:00+00:00,68.97000122070312,69.0,68.86000061035156,68.95999908447266,501
2024-09-06 07:00:00+00:00,68.87999725341797,68.93000030517578,68.75,68.93000030517578,602
2024-09-06 08:00:00+00:00,68.68000030517578,68.88999938964844,68.66000366210938,68.83999633789062,400
2024-09-06 09:00:00+00:00,68.91999816894531,68.91999816894531,68.68000030517578,68.68000030517578,316
2024-09-06 10:00:00+00:00,68.95999908447266,69.0,68.87000274658203,68.94000244140625,379
2024-09-06 11:00:00+00:00,68.9000015258789,68.94999694824219,68.8499984741211,68.93000030517578,249
2024-09-06 12:00:00+00:00,68.95999908447266,69.05000305175781,68.70999908447266,68.94000244140625,1117
2024-09-06 13:00:00+00:00,68.91000366210938,69.19000244140625,68.7699966430664,68.94999694824219,1572
2024-09-06 14:00:00+00:00,68.11000061035156,69.0199966430664,68.08000183105469,68.91000366210938,5255
2024-09-06 15:00:00+00:00,67.93000030517578,68.30000305175781,67.80999755859375,68.08999633789062,4578
2024-09-06 16:00:00+00:00,68.16999816894531,68.25,67.87999725341797,67.91999816894531,1314
2024-09-06 17:00:00+00:00,67.9800033569336,68.2300033569336,67.9000015258789,68.19000244140625,2005
2024-09-06 18:00:00+00:00,67.83000183105469,68.0199966430664,67.80000305175781,67.9800033569336,3158
2024-09-09 01:00:00+00:00,67.8499984741211,68.04000091552734,67.70999908447266,68.0,795
2024-09-09 02:00:00+00:00,67.70999908447266,67.94000244140625,67.69999694824219,67.80999755859375,235
2024-09-09 03:00:00+00:00,67.86000061035156,67.86000061035156,67.70999908447266,67.70999908447266,50
2024-09-09 04:00:00+00:00,67.94999694824219,68.0,67.8499984741211,67.8499984741211,58
2024-09-09 05:00:00+00:00,67.76000213623047,67.9000015258789,67.69999694824219,67.9000015258789,246
2024-09-09 06:00:00+00:00,68.05000305175781,68.12999725341797,67.76000213623047,67.76000213623047,0
2024-09-09 07:00:00+00:00,68.05999755859375,68.16999816894531,68.0,68.08000183105469,2034
2024-09-09 08:00:00+00:00,67.75,68.05000305175781,67.69999694824219,68.02999877929688,711
2024-09-09 09:00:00+00:00,67.79000091552734,67.93000030517578,67.72000122070312,67.75,406
2024-09-09 10:00:00+00:00,67.87000274658203,67.9000015258789,67.7699966430664,67.80999755859375,377
2024-09-09 11:00:00+00:00,68.11000061035156,68.12999725341797,67.86000061035156,67.87999725341797,286
2024-09-09 12:00:00+00:00,68.05000305175781,68.30999755859375,67.97000122070312,68.0999984741211,1578
2024-09-09 13:00:00+00:00,67.83000183105469,68.16999816894531,67.70999908447266,68.08000183105469,1511
2024-09-09 14:00:00+00:00,67.66000366210938,68.04000091552734,67.51000213623047,67.83999633789062,3518
2024-09-09 15:00:00+00:00,67.73999786376953,67.88999938964844,67.5999984741211,67.66000366210938,1781
2024-09-09 16:00:00+00:00,67.55000305175781,67.7699966430664,67.52999877929688,67.7300033569336,1972
2024-09-09 17:00:00+00:00,67.69000244140625,67.72000122070312,67.5199966430664,67.54000091552734,1233
2024-09-09 18:00:00+00:00,67.73999786376953,67.7699966430664,67.5999984741211,67.69000244140625,0
2024-09-10 01:00:00+00:00,68.12000274658203,68.27999877929688,67.69999694824219,67.69999694824219,401
2024-09-10 02:00:00+00:00,68.13999938964844,68.18000030517578,67.98999786376953,68.08000183105469,72
2024-09-10 03:00:00+00:00,68.0199966430664,68.05999755859375,68.01000213623047,68.05999755859375,27
2024-09-10 04:00:00+00:00,67.98999786376953,68.05999755859375,67.97000122070312,68.02999877929688,66
2024-09-10 05:00:00+00:00,67.9800033569336,68.0,67.9000015258789,67.95999908447266,62
2024-09-10 06:00:00+00:00,67.87000274658203,68.04000091552734,67.87000274658203,67.94000244140625,103
2024-09-10 07:00:00+00:00,67.93000030517578,68.0,67.8499984741211,67.87000274658203,0
2024-09-10 08:00:00+00:00,67.79000091552734,67.97000122070312,67.7699966430664,67.93000030517578,1048
2024-09-10 09:00:00+00:00,67.83999633789062,67.8499984741211,67.62999725341797,67.77999877929688,401
2024-09-10 10:00:00+00:00,67.8499984741211,67.88999938964844,67.77999877929688,67.83999633789062,62
2024-09-10 11:00:00+00:00,67.93000030517578,67.93000030517578,67.76000213623047,67.80999755859375,204
2024-09-10 12:00:00+00:00,68.5999984741211,68.5999984741211,67.7699966430664,67.91999816894531,1915
2024-09-10 13:00:00+00:00,68.3499984741211,68.66999816894531,68.22000122070312,68.5999984741211,2402
2024-09-10 14:00:00+00:00,68.04000091552734,68.37999725341797,67.9800033569336,68.3499984741211,1981
2024-09-10 15:00:00+00:00,68.13999938964844,68.33000183105469,68.0199966430664,68.04000091552734,2057
2024-09-10 16:00:00+00:00,68.19000244140625,68.33000183105469,68.05999755859375,68.12999725341797,1486
2024-09-10 17:00:00+00:00,68.31999969482422,68.43000030517578,68.08999633789062,68.19999694824219,1522
2024-09-10 18:00:00+00:00,68.12999725341797,68.30000305175781,68.12999725341797,68.30000305175781,0
2024-09-11 01:00:00+00:00,68.33000183105469,68.38999938964844,68.05000305175781,68.05999755859375,266
2024-09-11 02:00:00+00:00,68.33999633789062,68.37000274658203,68.33999633789062,68.3499984741211,20
2024-09-11 03:00:00+00:00,68.41000366210938,68.44999694824219,68.3499984741211,68.36000061035156,57
2024-09-11 04:00:00+00:00,68.45999908447266,68.4800033569336,68.41999816894531,68.41999816894531,101
2024-09-11 05:00:00+00:00,68.62999725341797,68.6500015258789,68.4000015258789,68.47000122070312,248
2024-09-11 06:00:00+00:00,68.83999633789062,68.87999725341797,68.48999786376953,68.5999984741211,605
2024-09-11 07:00:00+00:00,68.9000015258789,69.0,68.80000305175781,68.86000061035156,793
2024-09-11 08:00:00+00:00,69.02999877929688,69.08999633789062,68.87000274658203,68.88999938964844,432
2024-09-11 09:00:00+00:00,69.0,69.12999725341797,68.83999633789062,69.0199966430664,812
2024-09-11 10:00:00+00:00,68.9800033569336,69.0999984741211,68.95999908447266,69.0199966430664,261
2024-09-11 11:00:00+00:00,69.05999755859375,69.2699966430664,69.0199966430664,69.0199966430664,822
2024-09-11 12:00:00+00:00,69.4000015258789,69.51000213623047,69.05999755859375,69.08000183105469,2489
2024-09-11 13:00:00+00:00,69.68000030517578,69.80000305175781,69.36000061035156,69.38999938964844,3220
2024-09-11 14:00:00+00:00,69.4000015258789,69.80000305175781,69.25,69.70999908447266,2664
2024-09-11 15:00:00+00:00,69.54000091552734,69.58000183105469,69.33999633789062,69.4000015258789,1588
2024-09-11 16:00:00+00:00,69.7300033569336,69.75,69.5,69.54000091552734,1795
2024-09-11 17:00:00+00:00,69.70999908447266,69.81999969482422,69.61000061035156,69.73999786376953,2918
2024-09-11 18:00:00+00:00,69.62999725341797,69.80000305175781,69.51000213623047,69.73999786376953,0
2024-09-12 01:00:00+00:00,69.68000030517578,69.73999786376953,69.41000366210938,69.63999938964844,332
2024-09-12 02:00:00+00:00,69.58000183105469,69.66000366210938,69.44000244140625,69.66000366210938,97
2024-09-12 03:00:00+00:00,69.52999877929688,69.5999984741211,69.52999877929688,69.58000183105469,20
2024-09-12 04:00:00+00:00,69.68000030517578,69.72000122070312,69.55000305175781,69.55000305175781,63
2024-09-12 05:00:00+00:00,69.58999633789062,69.69999694824219,69.56999969482422,69.69999694824219,63
2024-09-12 06:00:00+00:00,69.61000061035156,69.63999938964844,69.54000091552734,69.58999633789062,109
2024-09-12 07:00:00+00:00,69.6500015258789,69.66000366210938,69.45999908447266,69.58999633789062,310
2024-09-12 08:00:00+00:00,69.7699966430664,69.79000091552734,69.62999725341797,69.63999938964844,477
2024-09-12 09:00:00+00:00,69.63999938964844,69.75,69.54000091552734,69.75,295
2024-09-12 10:00:00+00:00,69.7300033569336,69.86000061035156,69.62000274658203,69.6500015258789,341
2024-09-12 11:00:00+00:00,69.86000061035156,69.88999938964844,69.69000244140625,69.7300033569336,343
2024-09-12 12:00:00+00:00,69.36000061035156,69.9000015258789,69.30000305175781,69.87000274658203,2238
2024-09-12 13:00:00+00:00,69.77999877929688,69.87000274658203,69.30000305175781,69.36000061035156,1828
2024-09-12 14:00:00+00:00,69.72000122070312,69.94000244140625,69.5999984741211,69.80000305175781,2259
2024-09-12 15:00:00+00:00,69.41999816894531,69.80000305175781,69.30000305175781,69.7300033569336,1846
2024-09-12 16:00:00+00:00,70.44000244140625,70.58000183105469,69.41999816894531,69.41999816894531,6991
2024-09-12 17:00:00+00:00,70.29000091552734,70.58999633789062,70.16999816894531,70.44999694824219,2290
2024-09-12 18:00:00+00:00,70.44999694824219,70.5,70.2300033569336,70.30000305175781,0
2024-09-13 01:00:00+00:00,70.48999786376953,70.72000122070312,70.27999877929688,70.44999694824219,1007
2024-09-13 02:00:00+00:00,70.33999633789062,70.4800033569336,70.30000305175781,70.44999694824219,203
2024-09-13 03:00:00+00:00,70.33999633789062,70.41000366210938,70.27999877929688,70.30000305175781,127
2024-09-13 04:00:00+00:00,70.30999755859375,70.37999725341797,70.30999755859375,70.37999725341797,7
2024-09-13 05:00:00+00:00,70.31999969482422,70.45999908447266,70.31999969482422,70.33000183105469,123
2024-09-13 06:00:00+00:00,70.51000213623047,70.55000305175781,70.33000183105469,70.33000183105469,0
2024-09-13 07:00:00+00:00,70.2300033569336,70.5,70.2300033569336,70.5,1725
2024-09-13 08:00:00+00:00,70.43000030517578,70.43000030517578,70.2300033569336,70.2300033569336,197
2024-09-13 09:00:00+00:00,70.45999908447266,70.55000305175781,70.2300033569336,70.43000030517578,506
2024-09-13 10:00:00+00:00,70.37999725341797,70.54000091552734,70.33000183105469,70.47000122070312,362
2024-09-13 11:00:00+00:00,70.31999969482422,70.43000030517578,70.19000244140625,70.38999938964844,359
2024-09-13 12:00:00+00:00,70.52999877929688,70.8499984741211,70.3499984741211,70.3499984741211,1663
2024-09-13 13:00:00+00:00,70.79000091552734,70.79000091552734,70.45999908447266,70.55000305175781,1419
2024-09-13 14:00:00+00:00,70.66999816894531,70.79000091552734,70.44999694824219,70.79000091552734,1539
2024-09-13 15:00:00+00:00,69.66000366210938,70.66999816894531,69.44999694824219,70.66999816894531,3415
2024-09-13 16:00:00+00:00,69.7699966430664,69.95999908447266,69.61000061035156,69.66999816894531,1241
2024-09-13 17:00:00+00:00,69.83999633789062,69.9000015258789,69.66000366210938,69.79000091552734,1393
2024-09-13 18:00:00+00:00,69.86000061035156,69.9800033569336,69.73999786376953,69.83999633789062,2028
2024-09-16 01:00:00+00:00,70.0,70.02999877929688,69.58000183105469,69.69000244140625,574
2024-09-16 02:00:00+00:00,70.5999984741211,70.72000122070312,70.0,70.0,829
2024-09-16 03:00:00+00:00,70.5999984741211,70.76000213623047,70.5999984741211,70.62999725341797,223
2024-09-16 04:00:00+00:00,70.41999816894531,70.61000061035156,70.4000015258789,70.58000183105469,63
2024-09-16 05:00:00+00:00,70.43000030517578,70.5199966430664,70.41000366210938,70.44999694824219,35
2024-09-16 06:00:00+00:00,70.54000091552734,70.54000091552734,70.41000366210938,70.41000366210938,84
2024-09-16 07:00:00+00:00,70.77999877929688,70.77999877929688,70.54000091552734,70.61000061035156,472
2024-09-16 08:00:00+00:00,70.9800033569336,70.98999786376953,70.7300033569336,70.77999877929688,1061
2024-09-16 09:00:00+00:00,70.95999908447266,71.08999633789062,70.88999938964844,70.97000122070312,1064
2024-09-16 10:00:00+00:00,70.94000244140625,70.97000122070312,70.77999877929688,70.97000122070312,218
2024-09-16 11:00:00+00:00,71.16000366210938,71.18000030517578,70.94999694824219,70.94999694824219,870
2024-09-16 12:00:00+00:00,71.83000183105469,71.9000015258789,71.1500015258789,71.1500015258789,6235
2024-09-16 13:00:00+00:00,72.30999755859375,72.33000183105469,71.66000366210938,71.86000061035156,6881
2024-09-16 14:00:00+00:00,72.81999969482422,72.81999969482422,72.29000091552734,72.30000305175781,9550
2024-09-16 15:00:00+00:00,72.81999969482422,72.81999969482422,72.79000091552734,72.81999969482422,2723
2024-09-16 16:00:00+00:00,72.81999969482422,72.81999969482422,72.81999969482422,72.81999969482422,1108
2024-09-16 17:00:00+00:00,72.81999969482422,72.81999969482422,72.79000091552734,72.81999969482422,3603
2024-09-16 18:00:00+00:00,72.81999969482422,72.81999969482422,72.80999755859375,72.81999969482422,0
2024-09-17 01:00:00+00:00,72.72000122070312,72.98999786376953,72.37999725341797,72.8499984741211,1555
2024-09-17 02:00:00+00:00,72.94999694824219,72.95999908447266,72.72000122070312,72.72000122070312,289
2024-09-17 03:00:00+00:00,72.55999755859375,72.98999786376953,72.52999877929688,72.94999694824219,203
2024-09-17 04:00:00+00:00,72.62000274658203,72.66000366210938,72.5199966430664,72.54000091552734,84
2024-09-17 05:00:00+00:00,72.63999938964844,72.72000122070312,72.58999633789062,72.58999633789062,92
2024-09-17 06:00:00+00:00,72.70999908447266,72.72000122070312,72.47000122070312,72.66999816894531,225
2024-09-17 07:00:00+00:00,72.45999908447266,72.76000213623047,72.30999755859375,72.72000122070312,639
2024-09-17 08:00:00+00:00,72.26000213623047,72.5999984741211,72.0999984741211,72.41000366210938,1107
2024-09-17 09:00:00+00:00,72.36000061035156,72.44000244140625,72.0999984741211,72.27999877929688,514
2024-09-17 10:00:00+00:00,72.2699966430664,72.41999816894531,72.2300033569336,72.30999755859375,475
2024-09-17 11:00:00+00:00,72.16999816894531,72.31999969482422,71.91999816894531,72.30000305175781,905
2024-09-17 12:00:00+00:00,71.62999725341797,72.37000274658203,71.51000213623047,72.16999816894531,3684
2024-09-17 13:00:00+00:00,72.19000244140625,72.2699966430664,71.55000305175781,71.66000366210938,3430
2024-09-17 14:00:00+00:00,71.68000030517578,72.19999694824219,71.55000305175781,72.18000030517578,2962
2024-09-17 15:00:00+00:00,71.94000244140625,72.0,71.68000030517578,71.69999694824219,1938
2024-09-17 16:00:00+00:00,71.95999908447266,72.12000274658203,71.91999816894531,71.93000030517578,1733
2024-09-17 17:00:00+00:00,71.93000030517578,71.98999786376953,71.8499984741211,71.94000244140625,2338
2024-09-17 18:00:00+00:00,72.16999816894531,72.22000122070312,71.91999816894531,71.94000244140625,0
2024-09-18 01:00:00+00:00,72.44999694824219,72.5,72.0,72.25,1446
2024-09-18 02:00:00+00:00,72.37000274658203,72.47000122070312,72.08000183105469,72.44999694824219,190
2024-09-18 03:00:00+00:00,72.33000183105469,72.38999938964844,72.16000366210938,72.38999938964844,105
2024-09-18 04:00:00+00:00,72.29000091552734,72.4000015258789,72.29000091552734,72.38999938964844,30
2024-09-18 05:00:00+00:00,71.87000274658203,72.31999969482422,71.72000122070312,72.29000091552734,431
2024-09-18 06:00:00+00:00,72.26000213623047,72.29000091552734,71.88999938964844,71.88999938964844,210
2024-09-18 07:00:00+00:00,72.29000091552734,72.37000274658203,72.19999694824219,72.27999877929688,668
2024-09-18 08:00:00+00:00,72.27999877929688,72.38999938964844,72.19000244140625,72.29000091552734,425
2024-09-18 09:00:00+00:00,72.3499984741211,72.41000366210938,72.18000030517578,72.27999877929688,506
2024-09-18 10:00:00+00:00,72.41000366210938,72.47000122070312,72.19999694824219,72.33000183105469,273
2024-09-18 11:00:00+00:00,72.13999938964844,72.56999969482422,72.05000305175781,72.41000366210938,789
2024-09-18 12:00:00+00:00,71.26000213623047,72.33999633789062,71.25,72.13999938964844,3101
2024-09-18 13:00:00+00:00,70.5,71.55000305175781,70.31999969482422,71.26000213623047,6915
2024-09-18 14:00:00+00:00,70.58000183105469,70.75,70.19999694824219,70.5,4562
2024-09-18 15:00:00+00:00,70.75,70.98999786376953,70.55000305175781,70.56999969482422,1903
2024-09-18 16:00:00+00:00,70.80999755859375,70.9000015258789,70.69000244140625,70.7699966430664,1217
2024-09-18 17:00:00+00:00,71.06999969482422,71.08999633789062,70.7300033569336,70.77999877929688,1825
2024-09-18 18:00:00+00:00,71.2699966430664,71.3499984741211,71.05000305175781,71.05999755859375,0
2024-09-19 01:00:00+00:00,71.16000366210938,71.2699966430664,70.62999725341797,71.2699966430664,547
2024-09-19 02:00:00+00:00,71.1500015258789,71.4000015258789,71.1500015258789,71.16000366210938,164
2024-09-19 03:00:00+00:00,71.52999877929688,71.52999877929688,71.08000183105469,71.1500015258789,152
2024-09-19 04:00:00+00:00,71.41999816894531,71.48999786376953,71.3499984741211,71.41000366210938,21
2024-09-19 05:00:00+00:00,71.41000366210938,71.47000122070312,71.3499984741211,71.44999694824219,32
2024-09-19 06:00:00+00:00,71.5,71.55999755859375,71.41000366210938,71.45999908447266,152
2024-09-19 07:00:00+00:00,71.6500015258789,71.66999816894531,71.52999877929688,71.55999755859375,298
2024-09-19 08:00:00+00:00,71.76000213623047,71.8499984741211,71.54000091552734,71.62999725341797,370
2024-09-19 09:00:00+00:00,71.83999633789062,71.9000015258789,71.73999786376953,71.76000213623047,582
2024-09-19 10:00:00+00:00,71.62000274658203,71.83999633789062,71.5999984741211,71.83999633789062,396
2024-09-19 11:00:00+00:00,71.6500015258789,71.7699966430664,71.5199966430664,71.66000366210938,250
2024-09-19 12:00:00+00:00,71.7699966430664,71.91999816894531,71.62000274658203,71.62999725341797,1148
2024-09-19 13:00:00+00:00,71.72000122070312,71.8499984741211,71.2699966430664,71.76000213623047,2152
2024-09-19 14:00:00+00:00,71.94999694824219,72.19000244140625,71.41000366210938,71.72000122070312,3029
2024-09-19 15:00:00+00:00,72.87000274658203,72.9800033569336,71.9000015258789,71.93000030517578,5063
2024-09-19 16:00:00+00:00,73.25,73.55000305175781,72.86000061035156,72.87999725341797,7937
2024-09-19 17:00:00+00:00,72.58999633789062,73.22000122070312,72.55000305175781,73.22000122070312,3613
2024-09-19 18:00:00+00:00,73.06999969482422,73.12000274658203,72.55000305175781,72.58999633789062,0
2024-09-20 01:00:00+00:00,73.12000274658203,73.19000244140625,72.80999755859375,72.94999694824219,687
2024-09-20 02:00:00+00:00,73.01000213623047,73.16999816894531,72.8499984741211,73.08000183105469,167
2024-09-20 03:00:00+00:00,73.08999633789062,73.11000061035156,72.94000244140625,72.98999786376953,68
2024-09-20 04:00:00+00:00,73.36000061035156,73.36000061035156,73.08999633789062,73.0999984741211,292
2024-09-20 05:00:00+00:00,73.48999786376953,73.5,73.30000305175781,73.33999633789062,421
2024-09-20 06:00:00+00:00,73.75,73.75,73.38999938964844,73.5,1244
2024-09-20 07:00:00+00:00,73.77999877929688,73.80000305175781,73.45999908447266,73.73999786376953,583
2024-09-20 08:00:00+00:00,73.86000061035156,73.88999938964844,73.63999938964844,73.77999877929688,784
2024-09-20 09:00:00+00:00,73.80000305175781,73.94999694824219,73.73999786376953,73.8499984741211,1206
2024-09-20 10:00:00+00:00,73.87999725341797,73.9000015258789,73.7699966430664,73.80999755859375,298
2024-09-20 11:00:00+00:00,73.5999984741211,74.0,73.51000213623047,73.87999725341797,1769
2024-09-20 12:00:00+00:00,73.7300033569336,73.8499984741211,73.51000213623047,73.61000061035156,2241
2024-09-20 13:00:00+00:00,74.02999877929688,74.0999984741211,73.30999755859375,73.73999786376953,5610
2024-09-20 14:00:00+00:00,73.93000030517578,74.2300033569336,73.81999969482422,74.0,6076
2024-09-20 15:00:00+00:00,74.0999984741211,74.18000030517578,73.87000274658203,73.93000030517578,2851
2024-09-20 16:00:00+00:00,73.69000244140625,74.13999938964844,73.5999984741211,74.0999984741211,2330
2024-09-20 17:00:00+00:00,73.61000061035156,73.80999755859375,73.41999816894531,73.69999694824219,1996
2024-09-20 18:00:00+00:00,73.55999755859375,73.69999694824219,73.44999694824219,73.61000061035156,2172
2024-09-23 01:00:00+00:00,74.02999877929688,74.05999755859375,73.5999984741211,73.5999984741211,837
2024-09-23 02:00:00+00:00,73.77999877929688,74.0999984741211,73.69999694824219,74.01000213623047,432
2024-09-23 03:00:00+00:00,73.79000091552734,73.9000015258789,73.76000213623047,73.77999877929688,110
2024-09-23 04:00:00+00:00,73.83000183105469,73.83999633789062,73.7300033569336,73.77999877929688,56
2024-09-23 05:00:00+00:00,73.7300033569336,73.83000183105469,73.68000030517578,73.81999969482422,180
2024-09-23 06:00:00+00:00,73.61000061035156,73.76000213623047,73.5199966430664,73.72000122070312,448
2024-09-23 07:00:00+00:00,73.5,73.61000061035156,73.43000030517578,73.61000061035156,495
2024-09-23 08:00:00+00:00,73.69999694824219,73.75,73.41999816894531,73.48999786376953,368
2024-09-23 09:00:00+00:00,73.75,73.86000061035156,73.5999984741211,73.70999908447266,307
2024-09-23 10:00:00+00:00,73.83999633789062,73.87000274658203,73.66999816894531,73.76000213623047,151
2024-09-23 11:00:00+00:00,73.72000122070312,73.91999816894531,73.70999908447266,73.83000183105469,340
2024-09-23 12:00:00+00:00,73.69000244140625,73.79000091552734,73.4800033569336,73.70999908447266,1377
2024-09-23 13:00:00+00:00,73.69999694824219,74.04000091552734,73.5999984741211,73.66999816894531,3307
2024-09-23 14:00:00+00:00,73.58000183105469,73.87999725341797,73.5,73.68000030517578,2646
2024-09-23 15:00:00+00:00,73.33999633789062,73.6500015258789,73.30999755859375,73.58000183105469,2631
2024-09-23 16:00:00+00:00,73.47000122070312,73.55000305175781,73.26000213623047,73.3499984741211,2585
2024-09-23 17:00:00+00:00,73.41000366210938,73.5199966430664,73.37000274658203,73.47000122070312,1858
2024-09-23 18:00:00+00:00,73.33999633789062,73.48999786376953,73.30999755859375,73.41999816894531,0
2024-09-24 01:00:00+00:00,73.36000061035156,73.47000122070312,73.19999694824219,73.47000122070312,418
2024-09-24 02:00:00+00:00,73.62999725341797,73.6500015258789,73.3499984741211,73.37999725341797,253
2024-09-24 03:00:00+00:00,73.75,73.7699966430664,73.5999984741211,73.5999984741211,123
2024-09-24 04:00:00+00:00,73.76000213623047,73.80999755859375,73.70999908447266,73.7300033569336,160
2024-09-24 05:00:00+00:00,73.83999633789062,73.94000244140625,73.7699966430664,73.7699966430664,415
2024-09-24 06:00:00+00:00,73.9800033569336,73.9800033569336,73.80999755859375,73.83999633789062,621
2024-09-24 07:00:00+00:00,73.97000122070312,73.98999786376953,73.83000183105469,73.98999786376953,325
2024-09-24 08:00:00+00:00,74.04000091552734,74.12000274658203,73.95999908447266,73.9800033569336,742
2024-09-24 09:00:00+00:00,74.08999633789062,74.13999938964844,73.93000030517578,74.04000091552734,339
2024-09-24 10:00:00+00:00,73.91000366210938,74.29000091552734,73.81999969482422,74.06999969482422,1160
2024-09-24 11:00:00+00:00,73.87999725341797,74.02999877929688,73.87000274658203,73.95999908447266,273
2024-09-24 12:00:00+00:00,74.31999969482422,74.37000274658203,73.88999938964844,73.88999938964844,2365
2024-09-24 13:00:00+00:00,73.94000244140625,74.55000305175781,73.91999816894531,74.30000305175781,4986
2024-09-24 14:00:00+00:00,74.19999694824219,74.20999908447266,73.55000305175781,73.94000244140625,3756
2024-09-24 15:00:00+00:00,74.0999984741211,74.18000030517578,73.8499984741211,74.16999816894531,2567
2024-09-24 16:00:00+00:00,73.80999755859375,74.16999816894531,73.66000366210938,74.08999633789062,2230
2024-09-24 17:00:00+00:00,74.0,74.05000305175781,73.73999786376953,73.80000305175781,2208
2024-09-24 18:00:00+00:00,74.0999984741211,74.12999725341797,73.98999786376953,74.0,0
2024-09-25 01:00:00+00:00,74.26000213623047,74.30000305175781,73.97000122070312,74.08999633789062,631
2024-09-25 02:00:00+00:00,74.12999725341797,74.20999908447266,73.94999694824219,74.20999908447266,91
2024-09-25 03:00:00+00:00,73.98999786376953,74.0999984741211,73.98999786376953,74.05000305175781,49
2024-09-25 04:00:00+00:00,74.05999755859375,74.0999984741211,73.97000122070312,73.97000122070312,82
2024-09-25 05:00:00+00:00,73.87999725341797,74.0999984741211,73.87000274658203,74.05999755859375,112
2024-09-25 06:00:00+00:00,73.6500015258789,73.83000183105469,73.55999755859375,73.83000183105469,369
2024-09-25 07:00:00+00:00,73.5999984741211,73.69999694824219,73.33999633789062,73.62999725341797,527
2024-09-25 08:00:00+00:00,73.55000305175781,73.80000305175781,73.5,73.5999984741211,242
2024-09-25 09:00:00+00:00,73.6500015258789,73.70999908447266,73.5,73.58000183105469,232
2024-09-25 10:00:00+00:00,73.62999725341797,73.70999908447266,73.4000015258789,73.63999938964844,466
2024-09-25 11:00:00+00:00,73.86000061035156,73.87000274658203,73.61000061035156,73.62999725341797,730
2024-09-25 12:00:00+00:00,73.69999694824219,73.87000274658203,73.5199966430664,73.86000061035156,1820
2024-09-25 13:00:00+00:00,73.83000183105469,74.08000183105469,73.5999984741211,73.69000244140625,2105
2024-09-25 14:00:00+00:00,73.81999969482422,74.12999725341797,73.68000030517578,73.8499984741211,2112
2024-09-25 15:00:00+00:00,73.7300033569336,73.83000183105469,73.54000091552734,73.83000183105469,1537
2024-09-25 16:00:00+00:00,73.47000122070312,73.77999877929688,73.41000366210938,73.72000122070312,1697
2024-09-25 17:00:00+00:00,73.06999969482422,73.47000122070312,72.87000274658203,73.44999694824219,3528
2024-09-25 18:00:00+00:00,73.18000030517578,73.26000213623047,72.98999786376953,73.06999969482422,0
2024-09-26 01:00:00+00:00,73.4800033569336,73.5,72.5999984741211,73.29000091552734,717
2024-09-26 02:00:00+00:00,73.62000274658203,73.66999816894531,73.4000015258789,73.5,195
2024-09-26 03:00:00+00:00,73.68000030517578,73.75,73.5999984741211,73.63999938964844,293
2024-09-26 04:00:00+00:00,73.48999786376953,73.68000030517578,73.4000015258789,73.68000030517578,23
2024-09-26 05:00:00+00:00,73.63999938964844,73.83000183105469,73.5,73.5,235
2024-09-26 06:00:00+00:00,73.69999694824219,73.70999908447266,73.5,73.5999984741211,135
2024-09-26 07:00:00+00:00,73.61000061035156,73.69999694824219,73.5,73.66000366210938,225
2024-09-26 08:00:00+00:00,73.52999877929688,73.69999694824219,73.5,73.63999938964844,507
2024-09-26 09:00:00+00:00,73.27999877929688,73.63999938964844,73.19999694824219,73.5199966430664,625
2024-09-26 10:00:00+00:00,73.2699966430664,73.54000091552734,73.2699966430664,73.30000305175781,499
2024-09-26 11:00:00+00:00,73.41000366210938,73.47000122070312,73.0,73.29000091552734,1199
2024-09-26 12:00:00+00:00,73.44999694824219,73.66999816894531,73.0999984741211,73.41999816894531,2197
2024-09-26 13:00:00+00:00,73.62000274658203,73.95999908447266,73.44999694824219,73.44999694824219,2599
2024-09-26 14:00:00+00:00,74.08000183105469,74.12000274658203,73.56999969482422,73.61000061035156,3025
2024-09-26 15:00:00+00:00,74.19999694824219,74.19999694824219,73.70999908447266,74.08000183105469,2254
2024-09-26 16:00:00+00:00,73.48999786376953,74.19999694824219,73.36000061035156,74.18000030517578,1999
2024-09-26 17:00:00+00:00,73.0999984741211,73.5999984741211,73.05000305175781,73.5199966430664,2187
2024-09-26 18:00:00+00:00,73.04000091552734,73.12999725341797,72.91999816894531,73.12000274658203,0
2024-09-27 01:00:00+00:00,73.01000213623047,73.36000061035156,72.95999908447266,73.06999969482422,585
2024-09-27 02:00:00+00:00,73.33000183105469,73.38999938964844,73.0199966430664,73.02999877929688,272
2024-09-27 03:00:00+00:00,73.45999908447266,73.5,73.2699966430664,73.2699966430664,358
2024-09-27 04:00:00+00:00,73.51000213623047,73.58999633789062,73.44999694824219,73.44999694824219,59
2024-09-27 05:00:00+00:00,73.5999984741211,73.63999938964844,73.4000015258789,73.48999786376953,206
2024-09-27 06:00:00+00:00,73.81999969482422,73.94999694824219,73.58000183105469,73.58000183105469,719
2024-09-27 07:00:00+00:00,73.88999938964844,73.93000030517578,73.75,73.83000183105469,304
2024-09-27 08:00:00+00:00,73.8499984741211,73.87000274658203,73.66000366210938,73.86000061035156,608
2024-09-27 09:00:00+00:00,73.61000061035156,73.8499984741211,73.58999633789062,73.83999633789062,517
2024-09-27 10:00:00+00:00,73.43000030517578,73.62999725341797,73.41999816894531,73.58999633789062,670
2024-09-27 11:00:00+00:00,73.12000274658203,73.52999877929688,73.08999633789062,73.41999816894531,744
2024-09-27 12:00:00+00:00,71.75,73.29000091552734,71.68000030517578,73.13999938964844,4844
2024-09-27 13:00:00+00:00,72.33000183105469,72.75,71.7699966430664,71.7699966430664,3110
2024-09-27 14:00:00+00:00,72.80999755859375,73.02999877929688,72.30000305175781,72.31999969482422,2860
2024-09-27 15:00:00+00:00,72.83000183105469,72.87999725341797,72.48999786376953,72.81999969482422,2375
2024-09-27 16:00:00+00:00,72.94999694824219,72.94999694824219,72.72000122070312,72.81999969482422,1462
2024-09-27 17:00:00+00:00,72.7699966430664,72.94999694824219,72.69000244140625,72.94999694824219,1679
2024-09-27 18:00:00+00:00,72.7699966430664,72.8499984741211,72.62999725341797,72.77999877929688,1777
2024-09-30 01:00:00+00:00,73.36000061035156,73.44999694824219,72.77999877929688,72.97000122070312,1547
2024-09-30 02:00:00+00:00,73.51000213623047,73.51000213623047,73.2699966430664,73.31999969482422,505
2024-09-30 03:00:00+00:00,73.63999938964844,73.63999938964844,73.47000122070312,73.51000213623047,278
2024-09-30 04:00:00+00:00,73.43000030517578,73.69000244140625,73.37999725341797,73.63999938964844,140
2024-09-30 05:00:00+00:00,73.69000244140625,73.69000244140625,73.16999816894531,73.38999938964844,461
2024-09-30 06:00:00+00:00,73.58999633789062,73.72000122070312,73.30999755859375,73.66999816894531,431
2024-09-30 07:00:00+00:00,73.43000030517578,73.63999938964844,73.4000015258789,73.58999633789062,218
2024-09-30 08:00:00+00:00,73.41999816894531,73.5,73.33000183105469,73.44999694824219,161
2024-09-30 09:00:00+00:00,73.2699966430664,73.43000030517578,73.13999938964844,73.41999816894531,365
2024-09-30 10:00:00+00:00,73.27999877929688,73.33000183105469,73.12000274658203,73.2300033569336,147
2024-09-30 11:00:00+00:00,73.12000274658203,73.48999786376953,73.04000091552734,73.30999755859375,508
2024-09-30 12:00:00+00:00,73.37999725341797,73.41999816894531,73.05999755859375,73.11000061035156,1003
2024-09-30 13:00:00+00:00,73.12000274658203,73.38999938964844,72.91000366210938,73.38999938964844,1476
2024-09-30 14:00:00+00:00,73.2699966430664,73.41999816894531,72.94000244140625,73.13999938964844,2138
2024-09-30 15:00:00+00:00,73.2300033569336,73.38999938964844,73.19999694824219,73.25,1530
2024-09-30 16:00:00+00:00,73.37999725341797,73.41000366210938,73.19999694824219,73.29000091552734,2191
2024-09-30 17:00:00+00:00,73.58999633789062,73.5999984741211,73.31999969482422,73.38999938964844,2483
2024-09-30 18:00:00+00:00,73.55000305175781,73.69000244140625,73.44000244140625,73.58000183105469,0
2024-10-01 01:00:00+00:00,73.33999633789062,73.55999755859375,73.26000213623047,73.54000091552734,242
2024-10-01 02:00:00+00:00,73.37999725341797,73.47000122070312,73.2300033569336,73.31999969482422,195
2024-10-01 03:00:00+00:00,73.41999816894531,73.41999816894531,73.37999725341797,73.37999725341797,18
2024-10-01 04:00:00+00:00,73.55999755859375,73.55999755859375,73.37999725341797,73.37999725341797,87
2024-10-01 05:00:00+00:00,73.5999984741211,73.69999694824219,73.5199966430664,73.52999877929688,157
2024-10-01 06:00:00+00:00,73.05000305175781,73.55999755859375,73.05000305175781,73.55999755859375,338
2024-10-01 07:00:00+00:00,72.88999938964844,73.08000183105469,72.80999755859375,73.06999969482422,495
2024-10-01 08:00:00+00:00,72.83999633789062,72.95999908447266,72.80000305175781,72.87999725341797,502
2024-10-01 09:00:00+00:00,73.1500015258789,73.2300033569336,72.83999633789062,72.8499984741211,583
2024-10-01 10:00:00+00:00,73.33999633789062,73.4800033569336,73.13999938964844,73.13999938964844,530
2024-10-01 11:00:00+00:00,73.1500015258789,73.37999725341797,73.05999755859375,73.33999633789062,554
2024-10-01 12:00:00+00:00,73.44000244140625,73.69999694824219,73.13999938964844,73.13999938964844,1915
2024-10-01 13:00:00+00:00,73.91999816894531,74.0,73.41000366210938,73.44999694824219,2992
2024-10-01 14:00:00+00:00,73.23999786376953,73.97000122070312,73.2300033569336,73.91000366210938,2784
2024-10-01 15:00:00+00:00,73.0999984741211,73.33000183105469,73.0,73.2699966430664,2151
2024-10-01 16:00:00+00:00,72.97000122070312,73.22000122070312,72.87000274658203,73.0999984741211,2027
2024-10-01 17:00:00+00:00,72.95999908447266,73.1500015258789,72.91999816894531,72.94999694824219,2115
2024-10-01 18:00:00+00:00,73.25,73.31999969482422,72.95999908447266,72.9800033569336,0
2024-10-02 01:00:00+00:00,72.77999877929688,73.0,72.41999816894531,73.0,737
2024-10-02 02:00:00+00:00,72.86000061035156,72.87999725341797,72.7699966430664,72.81999969482422,163
2024-10-02 03:00:00+00:00,72.86000061035156,72.87000274658203,72.80000305175781,72.86000061035156,62
2024-10-02 04:00:00+00:00,72.83000183105469,72.88999938964844,72.80000305175781,72.87000274658203,69
2024-10-02 05:00:00+00:00,72.66999816894531,72.77999877929688,72.58999633789062,72.75,287
2024-10-02 06:00:00+00:00,72.77999877929688,72.80999755859375,72.6500015258789,72.6500015258789,136
2024-10-02 07:00:00+00:00,73.02999877929688,73.08999633789062,72.73999786376953,72.77999877929688,618
2024-10-02 08:00:00+00:00,73.4800033569336,73.5,73.01000213623047,73.04000091552734,338
2024-10-02 09:00:00+00:00,73.52999877929688,73.58999633789062,73.44999694824219,73.5,295
2024-10-02 10:00:00+00:00,73.37000274658203,73.58000183105469,73.33000183105469,73.5,202
2024-10-02 11:00:00+00:00,73.44999694824219,73.44999694824219,73.30000305175781,73.37000274658203,312
2024-10-02 12:00:00+00:00,73.45999908447266,73.69999694824219,73.27999877929688,73.44999694824219,1564
2024-10-02 13:00:00+00:00,73.33999633789062,73.5199966430664,73.02999877929688,73.47000122070312,1509
2024-10-02 14:00:00+00:00,73.23999786376953,73.48999786376953,73.19000244140625,73.33999633789062,1524
2024-10-02 15:00:00+00:00,73.2300033569336,73.4000015258789,73.20999908447266,73.26000213623047,884
2024-10-02 16:00:00+00:00,73.36000061035156,73.4000015258789,73.23999786376953,73.23999786376953,773
2024-10-02 17:00:00+00:00,73.4000015258789,73.5,73.31999969482422,73.37000274658203,1052
2024-10-02 18:00:00+00:00,73.41999816894531,73.4800033569336,73.31999969482422,73.37999725341797,0
2024-10-03 01:00:00+00:00,73.48999786376953,73.5999984741211,73.27999877929688,73.37999725341797,146
2024-10-03 02:00:00+00:00,73.48999786376953,73.48999786376953,73.3499984741211,73.48999786376953,51
2024-10-03 03:00:00+00:00,73.38999938964844,73.38999938964844,73.30999755859375,73.37000274658203,22
2024-10-03 04:00:00+00:00,73.44999694824219,73.5199966430664,73.38999938964844,73.38999938964844,86
2024-10-03 05:00:00+00:00,73.29000091552734,73.47000122070312,73.20999908447266,73.44999694824219,338
2024-10-03 06:00:00+00:00,73.3499984741211,73.37000274658203,73.23999786376953,73.2699966430664,77
2024-10-03 07:00:00+00:00,73.08000183105469,73.36000061035156,73.06999969482422,73.33999633789062,443
2024-10-03 08:00:00+00:00,72.8499984741211,73.13999938964844,72.83000183105469,73.0999984741211,407
2024-10-03 09:00:00+00:00,72.80999755859375,72.91999816894531,72.75,72.83999633789062,526
2024-10-03 10:00:00+00:00,72.66000366210938,72.80000305175781,72.55999755859375,72.80000305175781,4773
2024-10-03 11:00:00+00:00,72.61000061035156,72.75,72.56999969482422,72.69000244140625,510
2024-10-03 12:00:00+00:00,72.5999984741211,72.76000213623047,72.44999694824219,72.61000061035156,1265
2024-10-03 13:00:00+00:00,72.16999816894531,72.66999816894531,72.05999755859375,72.61000061035156,3051
2024-10-03 14:00:00+00:00,72.0199966430664,72.44000244140625,71.86000061035156,72.1500015258789,3281
2024-10-03 15:00:00+00:00,72.43000030517578,72.47000122070312,71.87000274658203,72.0199966430664,2219
2024-10-03 16:00:00+00:00,72.5,72.52999877929688,72.18000030517578,72.4000015258789,1325
2024-10-03 17:00:00+00:00,72.72000122070312,72.7300033569336,72.44000244140625,72.5,2357
2024-10-03 18:00:00+00:00,72.69999694824219,72.80999755859375,72.62999725341797,72.7300033569336,0
2024-10-04 01:00:00+00:00,72.44999694824219,72.7300033569336,72.12999725341797,72.69999694824219,366
2024-10-04 02:00:00+00:00,72.4000015258789,72.4000015258789,72.33000183105469,72.37000274658203,14
2024-10-04 03:00:00+00:00,72.4000015258789,72.4000015258789,72.33000183105469,72.33000183105469,21
2024-10-04 04:00:00+00:00,72.51000213623047,72.51000213623047,72.30999755859375,72.4000015258789,70
2024-10-04 05:00:00+00:00,72.43000030517578,72.5199966430664,72.41999816894531,72.5199966430664,15
2024-10-04 06:00:00+00:00,72.29000091552734,72.45999908447266,72.25,72.45999908447266,227
2024-10-04 07:00:00+00:00,72.48999786376953,72.48999786376953,72.25,72.27999877929688,95
2024-10-04 08:00:00+00:00,72.25,72.4800033569336,72.19000244140625,72.4800033569336,257
2024-10-04 09:00:00+00:00,72.5199966430664,72.55000305175781,72.27999877929688,72.27999877929688,560
2024-10-04 10:00:00+00:00,72.75,72.83999633789062,72.5,72.5,313
2024-10-04 11:00:00+00:00,72.94999694824219,73.0999984741211,72.7300033569336,72.7300033569336,679
2024-10-04 12:00:00+00:00,72.76000213623047,72.9800033569336,72.7300033569336,72.91999816894531,881
2024-10-04 13:00:00+00:00,72.88999938964844,72.9000015258789,72.4800033569336,72.79000091552734,1826
2024-10-04 14:00:00+00:00,73.11000061035156,73.19000244140625,72.87000274658203,72.88999938964844,1992
2024-10-04 15:00:00+00:00,73.0999984741211,73.29000091552734,73.05000305175781,73.08999633789062,1550
2024-10-04 16:00:00+00:00,73.08000183105469,73.1500015258789,72.94000244140625,73.0999984741211,1193
2024-10-04 17:00:00+00:00,73.1500015258789,73.20999908447266,73.04000091552734,73.05999755859375,999
2024-10-04 18:00:00+00:00,73.30000305175781,73.3499984741211,73.13999938964844,73.13999938964844,1330
2024-10-07 01:00:00+00:00,73.06999969482422,73.2300033569336,72.97000122070312,73.0,313
2024-10-07 02:00:00+00:00,73.36000061035156,73.5,73.12999725341797,73.12999725341797,303
2024-10-07 03:00:00+00:00,73.27999877929688,73.36000061035156,73.25,73.36000061035156,73
2024-10-07 04:00:00+00:00,73.30000305175781,73.30000305175781,73.25,73.2699966430664,17
2024-10-07 05:00:00+00:00,73.31999969482422,73.37000274658203,73.30000305175781,73.31999969482422,50
2024-10-07 06:00:00+00:00,73.30000305175781,73.37000274658203,73.25,73.33999633789062,0
2024-10-07 07:00:00+00:00,73.58000183105469,73.62999725341797,73.29000091552734,73.30000305175781,1363
2024-10-07 08:00:00+00:00,73.55999755859375,73.79000091552734,73.54000091552734,73.5999984741211,472
2024-10-07 09:00:00+00:00,73.52999877929688,73.56999969482422,73.37999725341797,73.55000305175781,422
2024-10-07 10:00:00+00:00,73.47000122070312,73.5999984741211,73.4000015258789,73.48999786376953,205
2024-10-07 11:00:00+00:00,73.70999908447266,73.7699966430664,73.5,73.5,377
2024-10-07 12:00:00+00:00,73.55999755859375,74.13999938964844,73.5,73.7300033569336,2681
2024-10-07 13:00:00+00:00,73.88999938964844,74.0,73.56999969482422,73.56999969482422,1825
2024-10-07 14:00:00+00:00,73.62000274658203,73.93000030517578,73.5199966430664,73.87999725341797,1777
2024-10-07 15:00:00+00:00,73.8499984741211,73.91999816894531,73.66000366210938,73.66000366210938,1269
2024-10-07 16:00:00+00:00,73.62000274658203,73.8499984741211,73.52999877929688,73.8499984741211,1502
2024-10-07 17:00:00+00:00,73.61000061035156,73.7699966430664,73.52999877929688,73.63999938964844,1301
2024-10-07 18:00:00+00:00,73.58999633789062,73.62999725341797,73.51000213623047,73.62999725341797,0
2024-10-08 01:00:00+00:00,73.16000366210938,73.58999633789062,73.11000061035156,73.58999633789062,1207
2024-10-08 02:00:00+00:00,72.66000366210938,73.16999816894531,72.62000274658203,73.16999816894531,954
2024-10-08 03:00:00+00:00,72.66000366210938,72.76000213623047,72.63999938964844,72.6500015258789,166
2024-10-08 04:00:00+00:00,72.5999984741211,72.73999786376953,72.5999984741211,72.68000030517578,186
2024-10-08 05:00:00+00:00,72.5,72.8499984741211,72.5,72.5999984741211,538
2024-10-08 06:00:00+00:00,72.75,72.83999633789062,72.55000305175781,72.58999633789062,304
2024-10-08 07:00:00+00:00,72.62000274658203,72.75,72.58999633789062,72.73999786376953,327
2024-10-08 08:00:00+00:00,72.68000030517578,72.80000305175781,72.6500015258789,72.6500015258789,636
2024-10-08 09:00:00+00:00,72.55000305175781,72.7300033569336,72.51000213623047,72.66000366210938,270
2024-10-08 10:00:00+00:00,72.44999694824219,72.55000305175781,72.4000015258789,72.52999877929688,581
2024-10-08 11:00:00+00:00,71.95999908447266,72.44999694824219,71.93000030517578,72.44000244140625,1946
2024-10-08 12:00:00+00:00,72.0199966430664,72.12999725341797,71.76000213623047,71.97000122070312,2965
2024-10-08 13:00:00+00:00,71.55000305175781,72.12000274658203,71.11000061035156,72.0,7374
2024-10-08 14:00:00+00:00,71.9000015258789,71.94000244140625,71.37000274658203,71.55999755859375,3882
2024-10-08 15:00:00+00:00,71.8499984741211,72.05999755859375,71.8499984741211,71.87999725341797,1551
2024-10-08 16:00:00+00:00,72.0199966430664,72.11000061035156,71.81999969482422,71.86000061035156,1193
2024-10-08 17:00:00+00:00,72.0199966430664,72.11000061035156,71.88999938964844,72.06999969482422,1689
2024-10-08 18:00:00+00:00,72.2699966430664,72.30999755859375,71.97000122070312,72.01000213623047,0
2024-10-09 01:00:00+00:00,72.08000183105469,72.37999725341797,72.08000183105469,72.25,229
2024-10-09 02:00:00+00:00,72.33999633789062,72.44000244140625,72.01000213623047,72.06999969482422,236
2024-10-09 03:00:00+00:00,72.4000015258789,72.44000244140625,72.36000061035156,72.41999816894531,43
2024-10-09 04:00:00+00:00,72.44999694824219,72.47000122070312,72.4000015258789,72.44000244140625,79
2024-10-09 05:00:00+00:00,72.66000366210938,72.70999908447266,72.43000030517578,72.45999908447266,466
2024-10-09 06:00:00+00:00,72.38999938964844,72.69000244140625,72.30999755859375,72.66999816894531,468
2024-10-09 07:00:00+00:00,72.52999877929688,72.58000183105469,72.33999633789062,72.37999725341797,170
2024-10-09 08:00:00+00:00,72.68000030517578,72.75,72.54000091552734,72.54000091552734,464
2024-10-09 09:00:00+00:00,72.58999633789062,72.75,72.5199966430664,72.69999694824219,411
2024-10-09 10:00:00+00:00,72.58999633789062,72.66000366210938,72.55000305175781,72.58000183105469,528
2024-10-09 11:00:00+00:00,72.63999938964844,72.66999816894531,72.5199966430664,72.5999984741211,422
2024-10-09 12:00:00+00:00,72.70999908447266,72.9000015258789,72.62999725341797,72.62999725341797,2747
2024-10-09 13:00:00+00:00,72.58999633789062,72.8499984741211,72.5199966430664,72.69999694824219,2343
2024-10-09 14:00:00+00:00,72.69999694824219,72.70999908447266,72.36000061035156,72.58000183105469,2110
2024-10-09 15:00:00+00:00,72.44000244140625,72.7699966430664,72.41000366210938,72.68000030517578,2071
2024-10-09 16:00:00+00:00,72.33000183105469,72.51000213623047,72.30999755859375,72.44999694824219,864
2024-10-09 17:00:00+00:00,72.23999786376953,72.33999633789062,72.12999725341797,72.33999633789062,1597
2024-10-09 18:00:00+00:00,72.29000091552734,72.31999969482422,72.19000244140625,72.2300033569336,0
2024-10-10 01:00:00+00:00,72.16999816894531,72.48999786376953,72.0999984741211,72.19999694824219,196
2024-10-10 02:00:00+00:00,72.19000244140625,72.3499984741211,72.1500015258789,72.27999877929688,60
2024-10-10 03:00:00+00:00,72.18000030517578,72.30999755859375,72.16000366210938,72.22000122070312,68
2024-10-10 04:00:00+00:00,72.29000091552734,72.29000091552734,72.18000030517578,72.18000030517578,32
2024-10-10 05:00:00+00:00,72.36000061035156,72.62999725341797,72.2699966430664,72.27999877929688,465
2024-10-10 06:00:00+00:00,72.0999984741211,72.41999816894531,72.0999984741211,72.36000061035156,149
2024-10-10 07:00:00+00:00,71.87999725341797,72.0999984741211,71.77999877929688,72.08999633789062,386
2024-10-10 08:00:00+00:00,71.87999725341797,71.94999694824219,71.75,71.88999938964844,270
2024-10-10 09:00:00+00:00,72.08999633789062,72.12000274658203,71.8499984741211,71.86000061035156,451
2024-10-10 10:00:00+00:00,72.12999725341797,72.29000091552734,71.9800033569336,72.06999969482422,662
2024-10-10 11:00:00+00:00,72.19000244140625,72.20999908447266,72.0999984741211,72.13999938964844,112
2024-10-10 12:00:00+00:00,72.12999725341797,72.2300033569336,71.91000366210938,72.18000030517578,1317
2024-10-10 13:00:00+00:00,71.83000183105469,72.16999816894531,71.80000305175781,72.1500015258789,2172
2024-10-10 14:00:00+00:00,72.3499984741211,72.48999786376953,71.79000091552734,71.80000305175781,2398
2024-10-10 15:00:00+00:00,72.33000183105469,72.44999694824219,72.16000366210938,72.3499984741211,1699
2024-10-10 16:00:00+00:00,72.26000213623047,72.45999908447266,72.2300033569336,72.31999969482422,1458
2024-10-10 17:00:00+00:00,72.62000274658203,72.62000274658203,72.18000030517578,72.26000213623047,2099
2024-10-10 18:00:00+00:00,72.6500015258789,72.72000122070312,72.5199966430664,72.62000274658203,0
2024-10-11 01:00:00+00:00,72.6500015258789,72.80000305175781,72.51000213623047,72.62000274658203,453
2024-10-11 02:00:00+00:00,72.63999938964844,72.72000122070312,72.58999633789062,72.66000366210938,89
2024-10-11 03:00:00+00:00,72.66000366210938,72.66000366210938,72.5999984741211,72.66000366210938,22
2024-10-11 04:00:00+00:00,72.62999725341797,72.66000366210938,72.58000183105469,72.6500015258789,44
2024-10-11 05:00:00+00:00,72.58999633789062,72.66000366210938,72.55999755859375,72.66000366210938,44
2024-10-11 06:00:00+00:00,72.52999877929688,72.58000183105469,72.47000122070312,72.58000183105469,60
2024-10-11 07:00:00+00:00,72.69000244140625,72.69000244140625,72.51000213623047,72.54000091552734,122
2024-10-11 08:00:00+00:00,72.91000366210938,72.94999694824219,72.66000366210938,72.69999694824219,525
2024-10-11 09:00:00+00:00,72.93000030517578,72.98999786376953,72.91000366210938,72.91999816894531,558
2024-10-11 10:00:00+00:00,72.93000030517578,72.9800033569336,72.83000183105469,72.93000030517578,146
2024-10-11 11:00:00+00:00,72.87000274658203,73.08000183105469,72.81999969482422,72.94000244140625,973
2024-10-11 12:00:00+00:00,73.30000305175781,73.4000015258789,72.86000061035156,72.86000061035156,2230
2024-10-11 13:00:00+00:00,73.30000305175781,73.5,73.19999694824219,73.30000305175781,2906
2024-10-11 14:00:00+00:00,73.48999786376953,73.5,73.2699966430664,73.33000183105469,1988
2024-10-11 15:00:00+00:00,73.41999816894531,73.48999786376953,73.33999633789062,73.4800033569336,1370
2024-10-11 16:00:00+00:00,72.38999938964844,73.44000244140625,71.76000213623047,73.44000244140625,6300
2024-10-11 17:00:00+00:00,72.44000244140625,72.5,72.33000183105469,72.41000366210938,2019
2024-10-11 18:00:00+00:00,72.12000274658203,72.44999694824219,72.0999984741211,72.44000244140625,1928
2024-10-14 01:00:00+00:00,71.72000122070312,72.19999694824219,71.5999984741211,72.19999694824219,670
2024-10-14 02:00:00+00:00,71.80999755859375,71.83000183105469,71.58000183105469,71.72000122070312,278
2024-10-14 03:00:00+00:00,71.81999969482422,71.94000244140625,71.80000305175781,71.80999755859375,175
2024-10-14 04:00:00+00:00,71.77999877929688,71.83999633789062,71.69000244140625,71.80000305175781,52
2024-10-14 05:00:00+00:00,71.9000015258789,71.93000030517578,71.70999908447266,71.76000213623047,79
2024-10-14 06:00:00+00:00,71.5999984741211,71.88999938964844,71.55999755859375,71.87000274658203,208
2024-10-14 07:00:00+00:00,71.48999786376953,71.66999816894531,71.36000061035156,71.5999984741211,820
2024-10-14 08:00:00+00:00,71.30000305175781,71.44999694824219,71.30000305175781,71.44999694824219,1973
2024-10-14 09:00:00+00:00,71.04000091552734,71.33000183105469,71.01000213623047,71.30000305175781,1845
2024-10-14 10:00:00+00:00,70.93000030517578,71.11000061035156,70.9000015258789,71.0199966430664,1363
2024-10-14 11:00:00+00:00,70.69999694824219,70.94999694824219,70.68000030517578,70.94000244140625,1408
2024-10-14 12:00:00+00:00,70.62999725341797,70.94999694824219,70.5999984741211,70.69999694824219,2389
2024-10-14 13:00:00+00:00,71.16999816894531,71.30999755859375,70.5999984741211,70.62999725341797,3209
2024-10-14 14:00:00+00:00,70.91999816894531,71.37999725341797,70.83999633789062,71.16000366210938,2652
2024-10-14 15:00:00+00:00,70.97000122070312,71.3499984741211,70.9000015258789,70.91000366210938,1758
2024-10-14 16:00:00+00:00,70.91000366210938,71.12999725341797,70.9000015258789,70.95999908447266,1178
2024-10-14 17:00:00+00:00,71.01000213623047,71.0199966430664,70.83000183105469,70.93000030517578,1158
2024-10-14 18:00:00+00:00,71.12999725341797,71.19999694824219,70.95999908447266,71.0199966430664,0
2024-10-15 01:00:00+00:00,70.87000274658203,71.1500015258789,70.87000274658203,71.05999755859375,190
2024-10-15 02:00:00+00:00,70.94999694824219,70.9800033569336,70.87000274658203,70.87000274658203,63
2024-10-15 03:00:00+00:00,70.95999908447266,70.97000122070312,70.9000015258789,70.95999908447266,49
2024-10-15 04:00:00+00:00,70.88999938964844,71.0,70.88999938964844,70.97000122070312,54
2024-10-15 05:00:00+00:00,70.81999969482422,70.88999938964844,70.69999694824219,70.87999725341797,0
2024-10-15 06:00:00+00:00,70.8499984741211,70.93000030517578,70.73999786376953,70.81999969482422,738
2024-10-15 07:00:00+00:00,70.88999938964844,70.88999938964844,70.70999908447266,70.81999969482422,249
2024-10-15 08:00:00+00:00,70.7699966430664,70.91000366210938,70.73999786376953,70.91000366210938,410
2024-10-15 09:00:00+00:00,70.72000122070312,70.86000061035156,70.70999908447266,70.77999877929688,222
2024-10-15 10:00:00+00:00,70.76000213623047,70.76000213623047,70.68000030517578,70.70999908447266,262
2024-10-15 11:00:00+00:00,71.13999938964844,71.23999786376953,70.76000213623047,70.76000213623047,529
2024-10-15 12:00:00+00:00,70.86000061035156,71.1500015258789,70.75,71.1500015258789,1309
2024-10-15 13:00:00+00:00,71.0999984741211,71.37999725341797,70.80999755859375,70.83999633789062,2840
2024-10-15 14:00:00+00:00,70.87000274658203,71.30999755859375,70.80000305175781,71.0999984741211,2227
2024-10-15 15:00:00+00:00,70.69999694824219,70.97000122070312,70.68000030517578,70.87000274658203,1839
2024-10-15 16:00:00+00:00,70.73999786376953,70.76000213623047,70.55000305175781,70.68000030517578,1498
2024-10-15 17:00:00+00:00,70.68000030517578,70.7699966430664,70.6500015258789,70.73999786376953,883
2024-10-15 18:00:00+00:00,70.6500015258789,70.7300033569336,70.58000183105469,70.68000030517578,0
2024-10-16 01:00:00+00:00,70.76000213623047,70.91000366210938,70.62000274658203,70.62000274658203,227
2024-10-16 02:00:00+00:00,70.87999725341797,70.9000015258789,70.73999786376953,70.73999786376953,110
2024-10-16 03:00:00+00:00,71.08000183105469,71.08000183105469,70.88999938964844,70.88999938964844,141
2024-10-16 04:00:00+00:00,71.0199966430664,71.1500015258789,71.0,71.05999755859375,196
2024-10-16 05:00:00+00:00,71.02999877929688,71.12000274658203,71.0,71.0,148
2024-10-16 06:00:00+00:00,71.12000274658203,71.20999908447266,71.0,71.0,358
2024-10-16 07:00:00+00:00,71.0,71.13999938964844,71.0,71.13999938964844,245
2024-10-16 08:00:00+00:00,71.06999969482422,71.11000061035156,71.0,71.0,675
2024-10-16 09:00:00+00:00,71.08000183105469,71.08999633789062,71.0,71.05000305175781,149
2024-10-16 10:00:00+00:00,71.1500015258789,71.1500015258789,71.05000305175781,71.05999755859375,379
2024-10-16 11:00:00+00:00,71.16999816894531,71.3499984741211,71.11000061035156,71.19999694824219,755
2024-10-16 12:00:00+00:00,71.6500015258789,71.77999877929688,71.08000183105469,71.16999816894531,1761
2024-10-16 13:00:00+00:00,71.80999755859375,71.9000015258789,71.48999786376953,71.66000366210938,3325
2024-10-16 14:00:00+00:00,71.58999633789062,71.98999786376953,71.44000244140625,71.81999969482422,2281
2024-10-16 15:00:00+00:00,71.44999694824219,71.79000091552734,71.38999938964844,71.58999633789062,1751
2024-10-16 16:00:00+00:00,71.37000274658203,71.4800033569336,71.23999786376953,71.4800033569336,1908
2024-10-16 17:00:00+00:00,71.33000183105469,71.5199966430664,71.33000183105469,71.37999725341797,1300
2024-10-16 18:00:00+00:00,71.26000213623047,71.3499984741211,71.20999908447266,71.33000183105469,0
2024-10-17 01:00:00+00:00,71.33999633789062,71.5,71.2699966430664,71.27999877929688,108
2024-10-17 02:00:00+00:00,70.98999786376953,71.43000030517578,70.87999725341797,71.33999633789062,429
2024-10-17 03:00:00+00:00,70.86000061035156,70.97000122070312,70.86000061035156,70.97000122070312,115
2024-10-17 04:00:00+00:00,70.9000015258789,70.91000366210938,70.83000183105469,70.86000061035156,100
2024-10-17 05:00:00+00:00,70.79000091552734,70.86000061035156,70.77999877929688,70.86000061035156,98
2024-10-17 06:00:00+00:00,70.7699966430664,70.88999938964844,70.73999786376953,70.80999755859375,308
2024-10-17 07:00:00+00:00,70.58000183105469,70.7699966430664,70.5,70.76000213623047,1510
2024-10-17 08:00:00+00:00,70.56999969482422,70.61000061035156,70.43000030517578,70.56999969482422,639
2024-10-17 09:00:00+00:00,70.54000091552734,70.61000061035156,70.51000213623047,70.55000305175781,386
2024-10-17 10:00:00+00:00,70.41000366210938,70.55000305175781,70.37999725341797,70.54000091552734,665
2024-10-17 11:00:00+00:00,70.29000091552734,70.5999984741211,70.27999877929688,70.41000366210938,1073
2024-10-17 12:00:00+00:00,70.20999908447266,70.3499984741211,70.16000366210938,70.27999877929688,2204
2024-10-17 13:00:00+00:00,70.33999633789062,70.36000061035156,70.18000030517578,70.20999908447266,2415
2024-10-17 14:00:00+00:00,70.7699966430664,70.83000183105469,70.29000091552734,70.33999633789062,3589
2024-10-17 15:00:00+00:00,71.13999938964844,71.16999816894531,70.72000122070312,70.7699966430664,4033
2024-10-17 16:00:00+00:00,71.05999755859375,71.25,70.98999786376953,71.13999938964844,2808
2024-10-17 17:00:00+00:00,70.9000015258789,71.05999755859375,70.81999969482422,71.05999755859375,1687
2024-10-17 18:00:00+00:00,70.86000061035156,70.91999816894531,70.70999908447266,70.91000366210938,0
2024-10-18 01:00:00+00:00,71.06999969482422,71.06999969482422,70.80000305175781,70.81999969482422,210
2024-10-18 02:00:00+00:00,71.12999725341797,71.1500015258789,71.02999877929688,71.06999969482422,85
2024-10-18 03:00:00+00:00,71.1500015258789,71.1500015258789,70.94000244140625,71.12999725341797,79
2024-10-18 04:00:00+00:00,71.08000183105469,71.11000061035156,71.06999969482422,71.06999969482422,28
2024-10-18 05:00:00+00:00,71.30999755859375,71.38999938964844,71.08999633789062,71.08999633789062,160
2024-10-18 06:00:00+00:00,71.18000030517578,71.47000122070312,71.13999938964844,71.27999877929688,437
2024-10-18 07:00:00+00:00,71.43000030517578,71.44000244140625,71.19999694824219,71.19999694824219,260
2024-10-18 08:00:00+00:00,71.43000030517578,71.47000122070312,71.37999725341797,71.41999816894531,463
2024-10-18 09:00:00+00:00,71.33000183105469,71.43000030517578,71.30999755859375,71.41000366210938,262
2024-10-18 10:00:00+00:00,71.56999969482422,71.66999816894531,71.2699966430664,71.31999969482422,511
2024-10-18 11:00:00+00:00,71.69000244140625,71.72000122070312,71.51000213623047,71.55000305175781,594
2024-10-18 12:00:00+00:00,71.52999877929688,71.7300033569336,71.43000030517578,71.69000244140625,1501
2024-10-18 13:00:00+00:00,71.08999633789062,71.51000213623047,71.08999633789062,71.51000213623047,1545
2024-10-18 14:00:00+00:00,70.98999786376953,71.16999816894531,70.86000061035156,71.11000061035156,1833
2024-10-18 15:00:00+00:00,71.04000091552734,71.22000122070312,70.91000366210938,70.98999786376953,2065
2024-10-18 16:00:00+00:00,71.0199966430664,71.18000030517578,70.91999816894531,71.04000091552734,1678
2024-10-18 17:00:00+00:00,71.04000091552734,71.16000366210938,70.9800033569336,71.04000091552734,1578
2024-10-18 18:00:00+00:00,71.05999755859375,71.06999969482422,70.95999908447266,71.02999877929688,2932
2024-10-21 01:00:00+00:00,71.16999816894531,71.58999633789062,71.0,71.05000305175781,453
2024-10-21 02:00:00+00:00,71.4000015258789,71.45999908447266,71.18000030517578,71.18000030517578,178
2024-10-21 03:00:00+00:00,71.44000244140625,71.44000244140625,71.3499984741211,71.41000366210938,9
2024-10-21 04:00:00+00:00,71.30999755859375,71.43000030517578,71.2699966430664,71.43000030517578,112
2024-10-21 05:00:00+00:00,71.25,71.3499984741211,71.25,71.29000091552734,32
2024-10-21 06:00:00+00:00,71.31999969482422,71.3499984741211,71.25,71.26000213623047,115
2024-10-21 07:00:00+00:00,71.47000122070312,71.4800033569336,71.33000183105469,71.3499984741211,79
2024-10-21 08:00:00+00:00,71.69000244140625,71.69999694824219,71.4800033569336,71.48999786376953,733
2024-10-21 09:00:00+00:00,71.94999694824219,71.94999694824219,71.6500015258789,71.68000030517578,937
2024-10-21 10:00:00+00:00,71.88999938964844,71.98999786376953,71.87999725341797,71.93000030517578,974
2024-10-21 11:00:00+00:00,72.05999755859375,72.27999877929688,71.88999938964844,71.88999938964844,2013
2024-10-21 12:00:00+00:00,71.93000030517578,72.23999786376953,71.93000030517578,72.06999969482422,1850
2024-10-21 13:00:00+00:00,72.58999633789062,72.5999984741211,71.94999694824219,71.95999908447266,4330
2024-10-21 14:00:00+00:00,72.37000274658203,72.5999984741211,72.06999969482422,72.5999984741211,4084
2024-10-21 15:00:00+00:00,72.33999633789062,72.55999755859375,72.30999755859375,72.37000274658203,3014
2024-10-21 16:00:00+00:00,72.37000274658203,72.37000274658203,72.08000183105469,72.3499984741211,1437
2024-10-21 17:00:00+00:00,72.2300033569336,72.37000274658203,72.16000366210938,72.37000274658203,1227
2024-10-21 18:00:00+00:00,72.4000015258789,72.4000015258789,72.13999938964844,72.22000122070312,0
2024-10-22 01:00:00+00:00,72.30000305175781,72.41999816894531,72.1500015258789,72.3499984741211,536
2024-10-22 02:00:00+00:00,72.20999908447266,72.30000305175781,72.13999938964844,72.30000305175781,278
2024-10-22 03:00:00+00:00,72.22000122070312,72.27999877929688,72.18000030517578,72.22000122070312,45
2024-10-22 04:00:00+00:00,72.19000244140625,72.2699966430664,72.11000061035156,72.22000122070312,48
2024-10-22 05:00:00+00:00,72.25,72.25,72.19999694824219,72.20999908447266,28
2024-10-22 06:00:00+00:00,72.19000244140625,72.29000091552734,72.16999816894531,72.2699966430664,228
2024-10-22 07:00:00+00:00,72.13999938964844,72.19999694824219,72.13999938964844,72.19999694824219,210
2024-10-22 08:00:00+00:00,72.18000030517578,72.20999908447266,72.12999725341797,72.13999938964844,174
2024-10-22 09:00:00+00:00,72.12999725341797,72.19999694824219,72.0999984741211,72.18000030517578,327
2024-10-22 10:00:00+00:00,72.0,72.12000274658203,71.91000366210938,72.12000274658203,598
2024-10-22 11:00:00+00:00,71.7699966430664,72.02999877929688,71.72000122070312,72.0199966430664,787
2024-10-22 12:00:00+00:00,72.08000183105469,72.27999877929688,71.77999877929688,71.77999877929688,1757
2024-10-22 13:00:00+00:00,72.22000122070312,72.27999877929688,71.93000030517578,72.08999633789062,3214
2024-10-22 14:00:00+00:00,71.95999908447266,72.29000091552734,71.9000015258789,72.22000122070312,3579
2024-10-22 15:00:00+00:00,72.16999816894531,72.18000030517578,71.94999694824219,71.97000122070312,1720
2024-10-22 16:00:00+00:00,72.22000122070312,72.22000122070312,72.06999969482422,72.16999816894531,1800
2024-10-22 17:00:00+00:00,72.18000030517578,72.33999633789062,72.1500015258789,72.22000122070312,1736
2024-10-22 18:00:00+00:00,72.06999969482422,72.26000213623047,72.05000305175781,72.20999908447266,0
2024-10-23 01:00:00+00:00,72.12999725341797,72.20999908447266,72.05999755859375,72.08000183105469,251
2024-10-23 02:00:00+00:00,71.94000244140625,72.2300033569336,71.91000366210938,72.16000366210938,174
2024-10-23 03:00:00+00:00,72.01000213623047,72.0199966430664,71.91999816894531,71.93000030517578,68
2024-10-23 04:00:00+00:00,72.18000030517578,72.20999908447266,72.0199966430664,72.0199966430664,36
2024-10-23 05:00:00+00:00,72.30999755859375,72.30999755859375,72.11000061035156,72.11000061035156,177
2024-10-23 06:00:00+00:00,72.55000305175781,72.56999969482422,72.23999786376953,72.29000091552734,703
2024-10-23 07:00:00+00:00,72.58999633789062,72.7300033569336,72.48999786376953,72.55000305175781,699
2024-10-23 08:00:00+00:00,72.61000061035156,72.62000274658203,72.56999969482422,72.5999984741211,238
2024-10-23 09:00:00+00:00,72.22000122070312,72.63999938964844,72.11000061035156,72.62000274658203,413
2024-10-23 10:00:00+00:00,72.0199966430664,72.23999786376953,72.0,72.19999694824219,724
2024-10-23 11:00:00+00:00,71.93000030517578,72.05000305175781,71.86000061035156,72.01000213623047,580
2024-10-23 12:00:00+00:00,72.26000213623047,72.3499984741211,71.9000015258789,71.94000244140625,1796
2024-10-23 13:00:00+00:00,72.41000366210938,72.5,72.12000274658203,72.2699966430664,1702
2024-10-23 14:00:00+00:00,72.55999755859375,72.73999786376953,72.36000061035156,72.4000015258789,2265
2024-10-23 15:00:00+00:00,72.62999725341797,72.73999786376953,72.5,72.58999633789062,1767
2024-10-23 16:00:00+00:00,72.73999786376953,72.75,72.55000305175781,72.62999725341797,1160
2024-10-23 17:00:00+00:00,72.61000061035156,72.73999786376953,72.55999755859375,72.73999786376953,1139
2024-10-23 18:00:00+00:00,72.43000030517578,72.68000030517578,72.4000015258789,72.61000061035156,0
2024-10-24 01:00:00+00:00,72.52999877929688,72.69000244140625,72.36000061035156,72.45999908447266,437
2024-10-24 02:00:00+00:00,72.33999633789062,72.51000213623047,72.31999969482422,72.51000213623047,96
2024-10-24 03:00:00+00:00,72.37999725341797,72.37999725341797,72.31999969482422,72.33000183105469,34
2024-10-24 04:00:00+00:00,72.36000061035156,72.52999877929688,72.33000183105469,72.33000183105469,67
2024-10-24 05:00:00+00:00,72.33000183105469,72.47000122070312,72.33000183105469,72.36000061035156,49
2024-10-24 06:00:00+00:00,72.31999969482422,72.41999816894531,72.26000213623047,72.33000183105469,120
2024-10-24 07:00:00+00:00,72.4000015258789,72.41000366210938,72.30000305175781,72.33000183105469,225
2024-10-24 08:00:00+00:00,72.5199966430664,72.5199966430664,72.4000015258789,72.4000015258789,171
2024-10-24 09:00:00+00:00,72.41000366210938,72.55000305175781,72.41000366210938,72.5,190
2024-10-24 10:00:00+00:00,72.41999816894531,72.5199966430664,72.38999938964844,72.41000366210938,192
2024-10-24 11:00:00+00:00,72.36000061035156,72.4800033569336,72.33000183105469,72.44000244140625,416
2024-10-24 12:00:00+00:00,71.93000030517578,72.48999786376953,71.87999725341797,72.36000061035156,1323
2024-10-24 13:00:00+00:00,72.38999938964844,72.55999755859375,71.93000030517578,71.93000030517578,2612
2024-10-24 14:00:00+00:00,71.54000091552734,72.44000244140625,71.44999694824219,72.38999938964844,3299
2024-10-24 15:00:00+00:00,71.47000122070312,71.55000305175781,71.25,71.52999877929688,3098
2024-10-24 16:00:00+00:00,71.43000030517578,71.56999969482422,71.3499984741211,71.45999908447266,1802
2024-10-24 17:00:00+00:00,71.55999755859375,71.6500015258789,71.43000030517578,71.44000244140625,966
2024-10-24 18:00:00+00:00,71.58999633789062,71.62000274658203,71.4800033569336,71.55999755859375,0
2024-10-25 01:00:00+00:00,71.51000213623047,71.5999984741211,71.44999694824219,71.45999908447266,207
2024-10-25 02:00:00+00:00,71.5199966430664,71.62000274658203,71.4000015258789,71.5,123
2024-10-25 03:00:00+00:00,71.52999877929688,71.6500015258789,71.52999877929688,71.58000183105469,93
2024-10-25 04:00:00+00:00,71.56999969482422,71.58000183105469,71.5199966430664,71.54000091552734,32
2024-10-25 05:00:00+00:00,71.56999969482422,71.58000183105469,71.5199966430664,71.55999755859375,42
2024-10-25 06:00:00+00:00,71.37999725341797,71.56999969482422,71.37000274658203,71.56999969482422,173
2024-10-25 07:00:00+00:00,71.33000183105469,71.37999725341797,71.16000366210938,71.37999725341797,367
2024-10-25 08:00:00+00:00,71.26000213623047,71.33999633789062,71.22000122070312,71.33000183105469,223
2024-10-25 09:00:00+00:00,71.33000183105469,71.41999816894531,71.26000213623047,71.2699966430664,231
2024-10-25 10:00:00+00:00,71.20999908447266,71.33999633789062,71.20999908447266,71.30999755859375,441
2024-10-25 11:00:00+00:00,71.25,71.33999633789062,71.20999908447266,71.20999908447266,465
2024-10-25 12:00:00+00:00,70.88999938964844,71.23999786376953,70.87999725341797,71.23999786376953,2219
2024-10-25 13:00:00+00:00,71.23999786376953,71.4000015258789,70.86000061035156,70.88999938964844,2480
2024-10-25 14:00:00+00:00,71.26000213623047,71.44000244140625,71.11000061035156,71.2300033569336,2273
2024-10-25 15:00:00+00:00,70.77999877929688,71.23999786376953,70.76000213623047,71.20999908447266,2568
2024-10-25 16:00:00+00:00,70.69999694824219,70.80000305175781,70.6500015258789,70.7699966430664,3828
2024-10-25 17:00:00+00:00,70.73999786376953,70.86000061035156,70.61000061035156,70.72000122070312,2852
2024-10-25 18:00:00+00:00,70.68000030517578,70.7300033569336,70.62999725341797,70.7300033569336,2261
2024-10-28 01:00:00+00:00,70.72000122070312,70.86000061035156,70.62000274658203,70.69000244140625,423
2024-10-28 02:00:00+00:00,70.83000183105469,70.9000015258789,70.51000213623047,70.72000122070312,426
2024-10-28 03:00:00+00:00,70.87000274658203,70.87000274658203,70.77999877929688,70.80999755859375,46
2024-10-28 04:00:00+00:00,70.80999755859375,70.80999755859375,70.73999786376953,70.80999755859375,57
2024-10-28 05:00:00+00:00,70.77999877929688,70.80000305175781,70.75,70.80000305175781,40
2024-10-28 06:00:00+00:00,71.0,71.0,70.75,70.77999877929688,141
2024-10-28 07:00:00+00:00,70.87999725341797,71.04000091552734,70.83000183105469,71.01000213623047,390
2024-10-28 08:00:00+00:00,70.80999755859375,70.86000061035156,70.75,70.86000061035156,350
2024-10-28 09:00:00+00:00,70.70999908447266,70.87999725341797,70.66999816894531,70.83000183105469,297
2024-10-28 10:00:00+00:00,70.63999938964844,70.76000213623047,70.62999725341797,70.66999816894531,304
2024-10-28 11:00:00+00:00,70.38999938964844,70.62000274658203,70.36000061035156,70.61000061035156,1155
2024-10-28 12:00:00+00:00,70.19999694824219,70.4000015258789,70.08000183105469,70.37999725341797,3707
2024-10-28 13:00:00+00:00,70.0999984741211,70.31999969482422,70.05000305175781,70.19999694824219,2588
2024-10-28 14:00:00+00:00,70.05000305175781,70.16000366210938,69.93000030517578,70.08000183105469,3351
2024-10-28 15:00:00+00:00,70.37999725341797,70.62000274658203,70.0,70.05000305175781,2012
2024-10-28 16:00:00+00:00,70.43000030517578,70.51000213623047,70.25,70.37000274658203,1076
2024-10-28 17:00:00+00:00,70.4800033569336,70.56999969482422,70.33999633789062,70.43000030517578,2272
2024-10-28 18:00:00+00:00,70.41999816894531,70.56999969482422,70.2699966430664,70.5,0
2024-10-29 01:00:00+00:00,70.2300033569336,70.41999816894531,70.22000122070312,70.36000061035156,182
2024-10-29 02:00:00+00:00,70.31999969482422,70.55000305175781,70.25,70.25,0
2024-10-29 03:00:00+00:00,70.22000122070312,70.38999938964844,70.22000122070312,70.38999938964844,394
2024-10-29 04:00:00+00:00,70.23999786376953,70.29000091552734,70.19999694824219,70.22000122070312,110
2024-10-29 05:00:00+00:00,70.12999725341797,70.23999786376953,70.08000183105469,70.2300033569336,92
2024-10-29 06:00:00+00:00,70.04000091552734,70.16000366210938,70.0,70.08000183105469,484
2024-10-29 07:00:00+00:00,70.19999694824219,70.20999908447266,70.04000091552734,70.05000305175781,152
2024-10-29 08:00:00+00:00,70.68000030517578,70.75,70.19000244140625,70.19999694824219,530
2024-10-29 09:00:00+00:00,70.58000183105469,70.75,70.5,70.69000244140625,256
2024-10-29 10:00:00+00:00,70.5199966430664,70.5999984741211,70.5,70.58000183105469,231
2024-10-29 11:00:00+00:00,70.9000015258789,70.9000015258789,70.5199966430664,70.55000305175781,672
2024-10-29 12:00:00+00:00,70.73999786376953,71.0,70.68000030517578,70.9000015258789,1709
2024-10-29 13:00:00+00:00,70.6500015258789,70.94999694824219,70.5999984741211,70.7300033569336,1597
2024-10-29 14:00:00+00:00,70.83999633789062,70.94999694824219,70.58999633789062,70.69000244140625,2645
2024-10-29 15:00:00+00:00,70.8499984741211,70.87999725341797,70.55000305175781,70.83000183105469,1524
2024-10-29 16:00:00+00:00,70.91000366210938,71.11000061035156,70.77999877929688,70.83999633789062,2785
2024-10-29 17:00:00+00:00,70.63999938964844,70.94000244140625,70.5999984741211,70.88999938964844,2538
2024-10-29 18:00:00+00:00,70.55999755859375,70.66000366210938,70.5199966430664,70.63999938964844,0
2024-10-30 01:00:00+00:00,70.61000061035156,70.6500015258789,70.3499984741211,70.3499984741211,166
2024-10-30 02:00:00+00:00,70.5199966430664,70.61000061035156,70.5,70.61000061035156,40
2024-10-30 03:00:00+00:00,70.62999725341797,70.62999725341797,70.5199966430664,70.54000091552734,39
2024-10-30 04:00:00+00:00,70.58000183105469,70.5999984741211,70.54000091552734,70.56999969482422,37
2024-10-30 05:00:00+00:00,70.56999969482422,70.61000061035156,70.5199966430664,70.55000305175781,110
2024-10-30 06:00:00+00:00,70.66000366210938,70.72000122070312,70.58000183105469,70.58000183105469,183
2024-10-30 07:00:00+00:00,70.58000183105469,70.70999908447266,70.56999969482422,70.63999938964844,99
2024-10-30 08:00:00+00:00,70.5999984741211,70.68000030517578,70.56999969482422,70.58000183105469,214
2024-10-30 09:00:00+00:00,70.6500015258789,70.66999816894531,70.61000061035156,70.61000061035156,48
2024-10-30 10:00:00+00:00,70.69000244140625,70.69999694824219,70.54000091552734,70.62000274658203,294
2024-10-30 11:00:00+00:00,70.66000366210938,70.73999786376953,70.63999938964844,70.69000244140625,329
2024-10-30 12:00:00+00:00,70.23999786376953,70.68000030517578,70.2300033569336,70.66999816894531,1049
2024-10-30 13:00:00+00:00,70.19000244140625,70.29000091552734,69.87999725341797,70.2300033569336,3788
2024-10-30 14:00:00+00:00,70.0999984741211,70.25,70.05000305175781,70.16999816894531,2090
2024-10-30 15:00:00+00:00,69.81999969482422,70.2300033569336,69.80000305175781,70.0999984741211,2715
2024-10-30 16:00:00+00:00,69.83000183105469,69.97000122070312,69.77999877929688,69.83000183105469,2017
2024-10-30 17:00:00+00:00,69.98999786376953,70.0199966430664,69.80000305175781,69.83000183105469,2071
2024-10-30 18:00:00+00:00,70.05999755859375,70.08000183105469,69.83000183105469,69.9800033569336,0
2024-10-31 01:00:00+00:00,69.91999816894531,70.12000274658203,69.91999816894531,70.12000274658203,89
2024-10-31 02:00:00+00:00,69.83999633789062,69.94999694824219,69.83999633789062,69.88999938964844,31
2024-10-31 03:00:00+00:00,69.91000366210938,69.95999908447266,69.8499984741211,69.87000274658203,34
2024-10-31 04:00:00+00:00,69.83999633789062,69.91999816894531,69.83999633789062,69.91999816894531,9
2024-10-31 05:00:00+00:00,69.79000091552734,69.86000061035156,69.7300033569336,69.86000061035156,351
2024-10-31 06:00:00+00:00,69.7699966430664,69.80999755859375,69.7300033569336,69.80000305175781,65
2024-10-31 07:00:00+00:00,69.79000091552734,69.81999969482422,69.72000122070312,69.7699966430664,76
2024-10-31 08:00:00+00:00,69.77999877929688,69.80000305175781,69.75,69.7699966430664,249
2024-10-31 09:00:00+00:00,70.01000213623047,70.08000183105469,69.75,69.77999877929688,440
2024-10-31 10:00:00+00:00,69.95999908447266,70.08000183105469,69.91999816894531,70.01000213623047,267
2024-10-31 11:00:00+00:00,69.94999694824219,70.0999984741211,69.9000015258789,69.95999908447266,517
2024-10-31 12:00:00+00:00,69.69000244140625,69.98999786376953,69.66000366210938,69.9000015258789,3063
2024-10-31 13:00:00+00:00,69.44000244140625,69.70999908447266,69.43000030517578,69.70999908447266,3743
2024-10-31 14:00:00+00:00,69.45999908447266,69.58999633789062,69.26000213623047,69.45999908447266,6058
2024-10-31 15:00:00+00:00,69.41999816894531,69.51000213623047,69.30999755859375,69.45999908447266,2205
2024-10-31 16:00:00+00:00,69.4000015258789,69.58999633789062,69.30999755859375,69.43000030517578,1865
2024-10-31 17:00:00+00:00,69.48999786376953,69.54000091552734,69.36000061035156,69.38999938964844,1971
2024-10-31 18:00:00+00:00,69.61000061035156,69.66000366210938,69.48999786376953,69.48999786376953,0
2024-11-01 01:00:00+00:00,69.72000122070312,69.83999633789062,69.4800033569336,69.61000061035156,271
2024-11-01 02:00:00+00:00,69.81999969482422,69.81999969482422,69.72000122070312,69.7300033569336,288
2024-11-01 03:00:00+00:00,70.19999694824219,70.2699966430664,69.83999633789062,69.83999633789062,715
2024-11-01 04:00:00+00:00,70.22000122070312,70.27999877929688,70.1500015258789,70.19999694824219,163
2024-11-01 05:00:00+00:00,70.37000274658203,70.37000274658203,70.18000030517578,70.25,179
2024-11-01 06:00:00+00:00,69.66999816894531,70.3499984741211,69.4000015258789,70.33999633789062,1089
2024-11-01 07:00:00+00:00,69.95999908447266,72.25,69.63999938964844,69.63999938964844,148
2024-11-01 08:00:00+00:00,70.05000305175781,72.41999816894531,69.94999694824219,69.94999694824219,958
2024-11-01 09:00:00+00:00,70.23999786376953,72.55999755859375,70.0,70.05999755859375,450
2024-11-01 10:00:00+00:00,70.11000061035156,72.58000183105469,70.04000091552734,70.2300033569336,511
2024-11-01 11:00:00+00:00,70.23999786376953,72.5,70.04000091552734,72.36000061035156,489
2024-11-01 12:00:00+00:00,70.7699966430664,73.19000244140625,70.16999816894531,72.48999786376953,4870
2024-11-01 13:00:00+00:00,71.33000183105469,73.55000305175781,70.58999633789062,70.77999877929688,4954
2024-11-01 14:00:00+00:00,73.2699966430664,73.4800033569336,70.52999877929688,73.47000122070312,0
2024-11-01 15:00:00+00:00,72.38999938964844,73.29000091552734,70.2699966430664,73.2699966430664,3420
2024-11-01 16:00:00+00:00,72.33000183105469,72.72000122070312,70.16000366210938,72.41000366210938,1937
2024-11-01 17:00:00+00:00,70.0199966430664,72.37000274658203,69.94999694824219,72.33999633789062,12236
2024-11-01 18:00:00+00:00,70.22000122070312,72.51000213623047,69.9000015258789,72.22000122070312,5146
2024-11-04 02:00:00+00:00,70.69999694824219,72.86000061035156,70.18000030517578,70.18000030517578,642
2024-11-04 03:00:00+00:00,70.9800033569336,73.0999984741211,70.69999694824219,70.69999694824219,313
2024-11-04 04:00:00+00:00,70.80000305175781,73.04000091552734,70.70999908447266,70.94000244140625,52
2024-11-04 05:00:00+00:00,70.83000183105469,73.0,70.69999694824219,72.91000366210938,55
2024-11-04 06:00:00+00:00,70.81999969482422,73.0,70.77999877929688,70.81999969482422,90
2024-11-04 07:00:00+00:00,70.68000030517578,73.0199966430664,70.63999938964844,70.79000091552734,160
2024-11-04 08:00:00+00:00,70.75,72.88999938964844,70.62000274658203,70.69000244140625,222
2024-11-04 09:00:00+00:00,70.66999816894531,73.01000213623047,70.58999633789062,72.93000030517578,278
2024-11-04 10:00:00+00:00,70.66999816894531,72.83999633789062,70.62000274658203,70.6500015258789,0
2024-11-04 11:00:00+00:00,70.5199966430664,72.76000213623047,70.4000015258789,70.66000366210938,125
2024-11-04 12:00:00+00:00,70.44999694824219,72.70999908447266,70.41999816894531,70.51000213623047,1689
2024-11-04 13:00:00+00:00,70.33000183105469,72.87000274658203,70.23999786376953,70.44999694824219,1800
2024-11-04 14:00:00+00:00,72.5,72.68000030517578,70.1500015258789,70.31999969482422,0
2024-11-04 15:00:00+00:00,70.12000274658203,72.56999969482422,70.01000213623047,70.2699966430664,10363
2024-11-04 16:00:00+00:00,72.12000274658203,72.5199966430664,69.75,72.41000366210938,0
2024-11-04 17:00:00+00:00,72.08999633789062,72.20999908447266,69.70999908447266,69.79000091552734,1436
2024-11-04 18:00:00+00:00,70.01000213623047,72.31999969482422,69.79000091552734,69.80000305175781,12455
2024-11-04 19:00:00+00:00,69.91999816894531,72.30999755859375,69.86000061035156,70.01000213623047,0
2024-11-05 02:00:00+00:00,69.83999633789062,72.2699966430664,69.80000305175781,69.93000030517578,298
2024-11-05 03:00:00+00:00,69.94000244140625,72.25,69.81999969482422,69.83000183105469,19
2024-11-05 04:00:00+00:00,69.97000122070312,72.31999969482422,69.91000366210938,69.94000244140625,102
2024-11-05 05:00:00+00:00,69.9800033569336,72.30000305175781,69.94999694824219,69.9800033569336,20
2024-11-05 06:00:00+00:00,69.9800033569336,72.27999877929688,69.9000015258789,69.94999694824219,117
2024-11-05 07:00:00+00:00,69.94999694824219,72.31999969482422,69.91000366210938,69.95999908447266,95
2024-11-05 08:00:00+00:00,69.83000183105469,72.22000122070312,69.69000244140625,69.94000244140625,537
2024-11-05 09:00:00+00:00,72.12999725341797,72.22000122070312,69.75,69.83000183105469,0
2024-11-05 10:00:00+00:00,69.69999694824219,72.19999694824219,69.68000030517578,72.1500015258789,1095
2024-11-05 11:00:00+00:00,71.87000274658203,72.04000091552734,69.41999816894531,72.04000091552734,971
2024-11-05 12:00:00+00:00,69.63999938964844,72.0199966430664,69.43000030517578,69.45999908447266,422
2024-11-05 13:00:00+00:00,69.68000030517578,72.08000183105469,69.45999908447266,71.9800033569336,3024
2024-11-05 14:00:00+00:00,69.76000213623047,72.33000183105469,69.68000030517578,72.08000183105469,3039
2024-11-05 15:00:00+00:00,72.31999969482422,72.43000030517578,69.62000274658203,69.73999786376953,0
2024-11-05 16:00:00+00:00,72.48999786376953,72.55000305175781,69.83000183105469,72.3499984741211,1575
2024-11-05 17:00:00+00:00,69.9800033569336,72.5,69.94999694824219,70.12000274658203,7899
2024-11-05 18:00:00+00:00,72.2699966430664,72.47000122070312,69.87999725341797,69.95999908447266,0
2024-11-05 19:00:00+00:00,69.95999908447266,72.37000274658203,69.9000015258789,69.9000015258789,0
2024-11-06 02:00:00+00:00,69.47000122070312,72.36000061035156,69.47000122070312,69.94999694824219,754
2024-11-06 03:00:00+00:00,69.55000305175781,72.37000274658203,69.16999816894531,69.5,1386
2024-11-06 04:00:00+00:00,71.77999877929688,71.97000122070312,69.4000015258789,69.52999877929688,306
2024-11-06 05:00:00+00:00,69.31999969482422,71.91999816894531,69.2699966430664,69.4000015258789,143
2024-11-06 06:00:00+00:00,69.48999786376953,71.83999633789062,69.19000244140625,69.30999755859375,507
2024-11-06 07:00:00+00:00,69.76000213623047,72.05999755859375,69.44999694824219,69.4800033569336,221
2024-11-06 08:00:00+00:00,72.12000274658203,72.12000274658203,69.47000122070312,72.11000061035156,0
2024-11-06 09:00:00+00:00,69.58999633789062,72.05999755859375,69.47000122070312,69.72000122070312,1753
2024-11-06 10:00:00+00:00,69.66999816894531,72.16999816894531,69.55999755859375,69.56999969482422,341
2024-11-06 11:00:00+00:00,69.5199966430664,72.0199966430664,69.48999786376953,69.6500015258789,691
2024-11-06 12:00:00+00:00,69.44999694824219,71.9000015258789,69.43000030517578,69.5199966430664,610
2024-11-06 13:00:00+00:00,69.2699966430664,71.88999938964844,69.25,71.83000183105469,213
2024-11-06 14:00:00+00:00,69.02999877929688,71.81999969482422,68.94999694824219,71.6500015258789,10116
2024-11-06 15:00:00+00:00,69.7300033569336,72.20999908447266,69.0,69.02999877929688,3961
2024-11-06 16:00:00+00:00,69.5999984741211,72.27999877929688,69.5,69.7300033569336,2605
2024-11-06 17:00:00+00:00,69.9000015258789,72.30999755859375,69.58999633789062,69.5999984741211,2678
2024-11-06 18:00:00+00:00,72.12000274658203,72.30000305175781,69.6500015258789,69.91000366210938,0
2024-11-06 19:00:00+00:00,69.69000244140625,72.16000366210938,69.62999725341797,69.73999786376953,0
2024-11-07 02:00:00+00:00,70.16999816894531,72.80000305175781,69.75,69.75,1465
2024-11-07 03:00:00+00:00,70.26000213623047,72.63999938964844,70.13999938964844,70.13999938964844,247
2024-11-07 04:00:00+00:00,70.25,72.6500015258789,70.23999786376953,70.27999877929688,63
2024-11-07 05:00:00+00:00,70.37999725341797,72.73999786376953,70.30000305175781,70.30999755859375,0
2024-11-07 06:00:00+00:00,70.1500015258789,72.81999969482422,70.1500015258789,70.38999938964844,1972
2024-11-07 07:00:00+00:00,70.4000015258789,72.73999786376953,70.13999938964844,70.13999938964844,310
2024-11-07 08:00:00+00:00,72.94000244140625,72.98999786376953,70.41000366210938,72.75,892
2024-11-07 09:00:00+00:00,70.47000122070312,72.97000122070312,70.47000122070312,72.91999816894531,494
2024-11-07 10:00:00+00:00,70.55999755859375,72.94000244140625,70.44999694824219,70.45999908447266,411
2024-11-07 11:00:00+00:00,72.88999938964844,72.93000030517578,70.44000244140625,70.54000091552734,0
2024-11-07 12:00:00+00:00,70.73999786376953,73.13999938964844,70.54000091552734,72.88999938964844,4262
2024-11-07 13:00:00+00:00,70.80000305175781,73.33999633789062,70.52999877929688,70.75,5067
2024-11-07 14:00:00+00:00,73.13999938964844,73.33999633789062,70.63999938964844,70.77999877929688,0
2024-11-07 15:00:00+00:00,73.22000122070312,73.26000213623047,70.62000274658203,70.87999725341797,3185
2024-11-07 16:00:00+00:00,70.86000061035156,73.43000030517578,70.83000183105469,73.19999694824219,11921
2024-11-07 17:00:00+00:00,73.41000366210938,73.41999816894531,70.76000213623047,70.87000274658203,0
2024-11-07 18:00:00+00:00,71.05999755859375,73.5,70.95999908447266,71.05999755859375,13151
2024-11-07 19:00:00+00:00,73.37999725341797,73.48999786376953,70.91999816894531,71.05999755859375,0
2024-11-08 02:00:00+00:00,71.16999816894531,73.75,70.91000366210938,73.45999908447266,641
2024-11-08 03:00:00+00:00,71.0,73.54000091552734,71.0,71.16999816894531,109
2024-11-08 04:00:00+00:00,70.94999694824219,73.37000274658203,70.93000030517578,71.02999877929688,39
2024-11-08 05:00:00+00:00,70.9800033569336,73.44999694824219,70.93000030517578,70.9800033569336,167
2024-11-08 06:00:00+00:00,70.81999969482422,73.33999633789062,70.7300033569336,73.30999755859375,162
2024-11-08 07:00:00+00:00,70.91999816894531,73.26000213623047,70.80000305175781,70.8499984741211,32
2024-11-08 08:00:00+00:00,72.91999816894531,73.2300033569336,70.55000305175781,70.93000030517578,359
2024-11-08 09:00:00+00:00,72.79000091552734,73.02999877929688,70.4000015258789,72.91999816894531,229
2024-11-08 10:00:00+00:00,70.41999816894531,72.8499984741211,70.4000015258789,70.47000122070312,825
2024-11-08 11:00:00+00:00,70.38999938964844,72.80000305175781,70.3499984741211,70.4000015258789,680
2024-11-08 12:00:00+00:00,70.22000122070312,72.7699966430664,70.16999816894531,70.38999938964844,1726
2024-11-08 13:00:00+00:00,72.81999969482422,72.86000061035156,70.12999725341797,72.54000091552734,0
2024-11-08 14:00:00+00:00,72.91000366210938,73.12000274658203,70.45999908447266,72.81999969482422,3242
2024-11-08 15:00:00+00:00,70.58000183105469,72.94000244140625,70.16000366210938,70.55999755859375,8603
2024-11-08 16:00:00+00:00,72.68000030517578,72.83999633789062,70.29000091552734,72.83999633789062,0
2024-11-08 17:00:00+00:00,70.47000122070312,72.76000213623047,70.01000213623047,72.68000030517578,11617
2024-11-08 18:00:00+00:00,70.93000030517578,73.12000274658203,70.38999938964844,72.69999694824219,5939
2024-11-08 19:00:00+00:00,70.95999908447266,73.37000274658203,70.80000305175781,70.93000030517578,8140
2024-11-11 02:00:00+00:00,70.86000061035156,73.38999938964844,70.80999755859375,73.22000122070312,265
2024-11-11 03:00:00+00:00,70.94000244140625,73.16000366210938,70.88999938964844,70.91999816894531,105
2024-11-11 04:00:00+00:00,70.94999694824219,73.18000030517578,70.91000366210938,70.93000030517578,66
2024-11-11 05:00:00+00:00,70.94999694824219,73.19000244140625,70.88999938964844,73.1500015258789,26
2024-11-11 06:00:00+00:00,71.06999969482422,73.30999755859375,70.87999725341797,70.91999816894531,211
2024-11-11 07:00:00+00:00,73.29000091552734,73.37000274658203,71.02999877929688,71.06999969482422,105
2024-11-11 08:00:00+00:00,71.0999984741211,73.4000015258789,71.05999755859375,73.29000091552734,615
2024-11-11 09:00:00+00:00,71.16000366210938,73.41000366210938,71.06999969482422,71.12999725341797,533
2024-11-11 10:00:00+00:00,73.36000061035156,73.44000244140625,71.06999969482422,73.37999725341797,417
2024-11-11 11:00:00+00:00,73.22000122070312,73.37999725341797,70.94999694824219,73.33999633789062,728
2024-11-11 12:00:00+00:00,72.7300033569336,73.18000030517578,70.44000244140625,73.18000030517578,1333
2024-11-11 13:00:00+00:00,70.36000061035156,72.76000213623047,70.20999908447266,72.73999786376953,4899
2024-11-11 14:00:00+00:00,72.80999755859375,72.91000366210938,70.36000061035156,72.55999755859375,968
2024-11-11 15:00:00+00:00,72.44999694824219,72.87999725341797,70.19000244140625,72.80999755859375,3544
2024-11-11 16:00:00+00:00,72.30999755859375,72.5,70.0,70.20999908447266,2433
2024-11-11 17:00:00+00:00,70.08999633789062,72.43000030517578,70.04000091552734,70.05999755859375,7885
2024-11-11 18:00:00+00:00,69.69000244140625,72.37999725341797,69.61000061035156,72.36000061035156,7927
2024-11-11 19:00:00+00:00,69.87000274658203,72.41000366210938,69.62999725341797,69.68000030517578,0
2024-11-12 02:00:00+00:00,69.72000122070312,72.5,69.6500015258789,69.87999725341797,503
2024-11-12 03:00:00+00:00,72.19999694824219,72.2300033569336,69.70999908447266,69.76000213623047,102
2024-11-12 04:00:00+00:00,72.22000122070312,72.23999786376953,69.6500015258789,72.20999908447266,55
2024-11-12 05:00:00+00:00,72.0999984741211,72.20999908447266,69.55000305175781,72.19999694824219,402
2024-11-12 06:00:00+00:00,69.66000366210938,72.19999694824219,69.58000183105469,69.62999725341797,265
2024-11-12 07:00:00+00:00,72.16999816894531,72.19999694824219,69.6500015258789,72.13999938964844,124
2024-11-12 08:00:00+00:00,69.83000183105469,72.20999908447266,69.63999938964844,72.16000366210938,34
2024-11-12 09:00:00+00:00,72.19000244140625,72.25,69.79000091552734,69.83999633789062,922
2024-11-12 10:00:00+00:00,69.7300033569336,72.25,69.72000122070312,69.83999633789062,0
2024-11-12 11:00:00+00:00,72.22000122070312,72.25,69.7300033569336,69.7300033569336,4184
2024-11-12 12:00:00+00:00,72.13999938964844,72.25,69.75,69.87000274658203,837
2024-11-12 13:00:00+00:00,71.91999816894531,72.13999938964844,69.54000091552734,72.12000274658203,0
2024-11-12 14:00:00+00:00,69.30000305175781,72.01000213623047,69.13999938964844,71.94999694824219,5534
2024-11-12 15:00:00+00:00,69.08999633789062,71.73999786376953,69.01000213623047,69.30000305175781,5876
2024-11-12 16:00:00+00:00,71.33000183105469,71.56999969482422,68.97000122070312,71.37000274658203,8965
2024-11-12 17:00:00+00:00,68.83000183105469,71.37999725341797,68.76000213623047,68.98999786376953,0
2024-11-12 18:00:00+00:00,71.22000122070312,71.2699966430664,68.80999755859375,71.19999694824219,10842
2024-11-12 19:00:00+00:00,71.16999816894531,71.25,68.72000122070312,71.2300033569336,0
2024-11-13 02:00:00+00:00,71.1500015258789,71.2300033569336,68.72000122070312,71.06999969482422,540
2024-11-13 03:00:00+00:00,68.76000213623047,71.19000244140625,68.73999786376953,68.79000091552734,151
2024-11-13 04:00:00+00:00,71.02999877929688,71.08000183105469,68.66999816894531,71.06999969482422,109
2024-11-13 05:00:00+00:00,68.72000122070312,71.05999755859375,68.58000183105469,71.05000305175781,74
2024-11-13 06:00:00+00:00,68.56999969482422,71.0999984741211,68.56999969482422,71.05000305175781,235
2024-11-13 07:00:00+00:00,70.97000122070312,71.01000213623047,68.55000305175781,68.56999969482422,825
2024-11-13 08:00:00+00:00,71.06999969482422,71.0999984741211,68.5999984741211,68.63999938964844,304
2024-11-13 09:00:00+00:00,71.08000183105469,71.16000366210938,68.73999786376953,71.08000183105469,362
2024-11-13 10:00:00+00:00,70.9800033569336,71.12999725341797,68.63999938964844,71.08000183105469,1955
2024-11-13 11:00:00+00:00,71.0199966430664,71.05999755859375,68.61000061035156,68.63999938964844,295
2024-11-13 12:00:00+00:00,70.83000183105469,71.0999984741211,68.5,71.0199966430664,836
2024-11-13 13:00:00+00:00,70.79000091552734,70.88999938964844,68.33000183105469,70.83000183105469,3023
2024-11-13 14:00:00+00:00,70.36000061035156,70.80999755859375,67.95999908447266,68.45999908447266,6912
2024-11-13 15:00:00+00:00,70.29000091552734,70.43000030517578,67.98999786376953,68.0999984741211,5649
2024-11-13 16:00:00+00:00,70.66000366210938,70.73999786376953,68.0199966430664,68.04000091552734,5185
2024-11-13 17:00:00+00:00,70.98999786376953,71.05999755859375,68.43000030517578,70.66000366210938,4394
2024-11-13 18:00:00+00:00,71.18000030517578,71.19999694824219,68.6500015258789,70.98999786376953,3860
2024-11-13 19:00:00+00:00,71.04000091552734,71.22000122070312,68.83000183105469,71.19000244140625,5622
2024-11-14 02:00:00+00:00,70.91999816894531,71.2300033569336,68.69999694824219,71.0999984741211,0
2024-11-14 03:00:00+00:00,71.05000305175781,71.12000274658203,68.69999694824219,68.69999694824219,213
2024-11-14 04:00:00+00:00,71.11000061035156,71.18000030517578,68.86000061035156,71.08000183105469,71
2024-11-14 05:00:00+00:00,68.88999938964844,71.22000122070312,68.8499984741211,71.1500015258789,0
2024-11-14 06:00:00+00:00,71.19999694824219,71.22000122070312,68.87000274658203,68.87999725341797,832
2024-11-14 07:00:00+00:00,71.31999969482422,71.5,68.87999725341797,68.95999908447266,480
2024-11-14 08:00:00+00:00,71.44000244140625,71.45999908447266,69.08000183105469,71.30000305175781,152
2024-11-14 09:00:00+00:00,71.5,71.55999755859375,69.13999938964844,69.25,1476
2024-11-14 10:00:00+00:00,69.36000061035156,71.63999938964844,69.27999877929688,71.48999786376953,0
2024-11-14 11:00:00+00:00,71.63999938964844,71.69000244140625,69.30999755859375,69.33999633789062,2040
2024-11-14 12:00:00+00:00,71.55999755859375,71.86000061035156,69.29000091552734,71.63999938964844,3174
2024-11-14 13:00:00+00:00,71.19000244140625,71.63999938964844,69.02999877929688,71.54000091552734,2805
2024-11-14 14:00:00+00:00,70.91999816894531,71.2699966430664,68.5999984741211,71.19999694824219,4616
2024-11-14 15:00:00+00:00,71.04000091552734,71.19000244140625,68.5,70.9000015258789,4311
2024-11-14 16:00:00+00:00,70.9000015258789,71.18000030517578,68.58000183105469,71.08000183105469,3294
2024-11-14 17:00:00+00:00,70.69999694824219,70.94999694824219,68.36000061035156,70.9000015258789,3152
2024-11-14 18:00:00+00:00,70.66000366210938,70.75,68.27999877929688,70.72000122070312,2947
2024-11-14 19:00:00+00:00,70.62999725341797,70.68000030517578,68.2699966430664,68.37999725341797,0
2024-11-15 02:00:00+00:00,70.37000274658203,70.6500015258789,68.12000274658203,70.56999969482422,653
2024-11-15 03:00:00+00:00,70.36000061035156,70.45999908447266,68.12000274658203,68.19000244140625,78
2024-11-15 04:00:00+00:00,70.12999725341797,70.44999694824219,67.91000366210938,70.36000061035156,607
2024-11-15 05:00:00+00:00,70.04000091552734,70.18000030517578,67.80000305175781,70.12999725341797,499
2024-11-15 06:00:00+00:00,70.05000305175781,70.08000183105469,67.7300033569336,70.04000091552734,0
2024-11-15 07:00:00+00:00,69.97000122070312,70.08000183105469,67.75,70.05000305175781,2290
2024-11-15 08:00:00+00:00,67.66000366210938,70.02999877929688,67.62000274658203,67.75,0
2024-11-15 09:00:00+00:00,69.83999633789062,69.93000030517578,67.5999984741211,69.9000015258789,3003
2024-11-15 10:00:00+00:00,69.72000122070312,69.87999725341797,67.3499984741211,67.58999633789062,2005
2024-11-15 11:00:00+00:00,69.86000061035156,69.86000061035156,67.45999908447266,67.5,487
2024-11-15 12:00:00+00:00,69.79000091552734,69.88999938964844,67.55999755859375,69.86000061035156,764
2024-11-15 13:00:00+00:00,69.83000183105469,69.88999938964844,67.4800033569336,69.79000091552734,2154
2024-11-15 14:00:00+00:00,69.43000030517578,69.87000274658203,67.2300033569336,69.83000183105469,5790
2024-11-15 15:00:00+00:00,68.98999786376953,69.43000030517578,66.80999755859375,69.43000030517578,7363
2024-11-15 16:00:00+00:00,68.97000122070312,69.19000244140625,66.70999908447266,66.8499984741211,5219
2024-11-15 17:00:00+00:00,66.69999694824219,68.98999786376953,66.6500015258789,68.95999908447266,0
2024-11-15 18:00:00+00:00,69.0199966430664,69.11000061035156,66.66999816894531,66.69000244140625,25351
2024-11-15 19:00:00+00:00,68.93000030517578,69.06999969482422,66.76000213623047,69.02999877929688,4488
2024-11-18 02:00:00+00:00,69.08000183105469,69.25,66.80000305175781,69.0,711
2024-11-18 03:00:00+00:00,69.12999725341797,69.1500015258789,66.95999908447266,69.11000061035156,158
2024-11-18 04:00:00+00:00,69.01000213623047,69.0999984741211,66.94000244140625,69.0999984741211,58
2024-11-18 05:00:00+00:00,68.95999908447266,69.04000091552734,66.81999969482422,69.0,182
2024-11-18 06:00:00+00:00,66.9000015258789,69.08000183105469,66.80999755859375,68.87999725341797,247
2024-11-18 07:00:00+00:00,66.91999816894531,69.08000183105469,66.86000061035156,68.97000122070312,389
2024-11-18 08:00:00+00:00,66.83000183105469,69.06999969482422,66.83000183105469,69.0,0
2024-11-18 09:00:00+00:00,69.01000213623047,69.08000183105469,66.81999969482422,68.91999816894531,2200
2024-11-18 10:00:00+00:00,68.88999938964844,69.01000213623047,66.70999908447266,68.98999786376953,581
2024-11-18 11:00:00+00:00,68.9000015258789,68.95999908447266,66.72000122070312,68.86000061035156,452
2024-11-18 12:00:00+00:00,69.01000213623047,69.04000091552734,66.66000366210938,68.87999725341797,735
2024-11-18 13:00:00+00:00,69.13999938964844,69.19000244140625,66.7699966430664,69.0199966430664,1499
2024-11-18 14:00:00+00:00,68.94000244140625,69.29000091552734,66.69000244140625,69.12000274658203,3561
2024-11-18 15:00:00+00:00,69.13999938964844,69.27999877929688,66.72000122070312,68.94999694824219,4328
2024-11-18 16:00:00+00:00,66.69999694824219,69.27999877929688,66.69000244140625,66.8499984741211,0
2024-11-18 17:00:00+00:00,68.97000122070312,69.11000061035156,66.41999816894531,69.08000183105469,15504
2024-11-18 18:00:00+00:00,69.12000274658203,69.1500015258789,66.44999694824219,68.97000122070312,3503
2024-11-18 19:00:00+00:00,68.95999908447266,69.19000244140625,66.58999633789062,69.12000274658203,0
2024-11-19 02:00:00+00:00,68.80000305175781,69.0199966430664,66.29000091552734,69.0,1080
2024-11-19 03:00:00+00:00,66.61000061035156,68.98999786376953,66.51000213623047,68.80999755859375,0
2024-11-19 04:00:00+00:00,68.91000366210938,68.9800033569336,66.58000183105469,68.93000030517578,936
2024-11-19 05:00:00+00:00,68.93000030517578,68.93000030517578,66.52999877929688,68.91000366210938,133
2024-11-19 06:00:00+00:00,68.94999694824219,69.08999633789062,66.52999877929688,68.93000030517578,400
2024-11-19 07:00:00+00:00,68.88999938964844,68.94999694824219,66.44999694824219,68.94999694824219,167
2024-11-19 08:00:00+00:00,68.7300033569336,68.91999816894531,66.3499984741211,68.87999725341797,499
2024-11-19 09:00:00+00:00,68.76000213623047,68.8499984741211,66.30000305175781,68.72000122070312,477
2024-11-19 10:00:00+00:00,68.73999786376953,68.76000213623047,66.30999755859375,68.75,592
2024-11-19 11:00:00+00:00,68.6500015258789,68.7300033569336,66.26000213623047,68.72000122070312,731
2024-11-19 12:00:00+00:00,68.4000015258789,68.70999908447266,66.0,68.6500015258789,1981
2024-11-19 13:00:00+00:00,68.70999908447266,68.7699966430664,66.05000305175781,68.41000366210938,2789
2024-11-19 14:00:00+00:00,68.70999908447266,68.77999877929688,66.2300033569336,68.70999908447266,3555
2024-11-19 15:00:00+00:00,69.11000061035156,69.37999725341797,66.31999969482422,68.69999694824219,4399
2024-11-19 16:00:00+00:00,69.20999908447266,69.41999816894531,66.52999877929688,69.11000061035156,2737
2024-11-19 17:00:00+00:00,69.1500015258789,69.41000366210938,66.72000122070312,69.19000244140625,3194
2024-11-19 18:00:00+00:00,69.33999633789062,69.36000061035156,66.66999816894531,66.69000244140625,2825
2024-11-19 19:00:00+00:00,67.05000305175781,69.36000061035156,66.73999786376953,69.31999969482422,0
2024-11-20 02:00:00+00:00,67.18000030517578,69.68000030517578,66.75,66.79000091552734,660
2024-11-20 03:00:00+00:00,69.26000213623047,69.4800033569336,66.80000305175781,67.0999984741211,631
2024-11-20 04:00:00+00:00,69.23999786376953,69.31999969482422,66.77999877929688,69.23999786376953,45
2024-11-20 05:00:00+00:00,69.30000305175781,69.30000305175781,69.23999786376953,69.23999786376953,19
2024-11-20 06:00:00+00:00,66.9800033569336,69.43000030517578,66.9800033569336,69.30999755859375,0
2024-11-20 07:00:00+00:00,69.38999938964844,69.48999786376953,66.9800033569336,66.9800033569336,825
2024-11-20 08:00:00+00:00,67.05000305175781,69.44999694824219,66.9800033569336,69.38999938964844,0
2024-11-20 09:00:00+00:00,69.5999984741211,69.69999694824219,67.13999938964844,69.45999908447266,1249
2024-11-20 10:00:00+00:00,69.5999984741211,69.69999694824219,67.20999908447266,69.58999633789062,264
2024-11-20 11:00:00+00:00,69.55999755859375,69.62000274658203,67.11000061035156,69.62000274658203,323
2024-11-20 12:00:00+00:00,69.52999877929688,69.62999725341797,67.05999755859375,67.18000030517578,434
2024-11-20 13:00:00+00:00,69.62000274658203,69.97000122070312,67.1500015258789,69.5199966430664,2533
2024-11-20 14:00:00+00:00,69.66000366210938,69.7699966430664,67.08999633789062,69.62999725341797,3414
2024-11-20 15:00:00+00:00,70.22000122070312,70.26000213623047,67.4000015258789,69.6500015258789,4364
2024-11-20 16:00:00+00:00,70.11000061035156,70.29000091552734,67.81999969482422,70.19999694824219,2206
2024-11-20 17:00:00+00:00,70.36000061035156,70.37000274658203,67.83999633789062,70.11000061035156,2525
2024-11-20 18:00:00+00:00,70.16999816894531,70.4000015258789,68.0999984741211,70.33999633789062,3007
2024-11-20 19:00:00+00:00,70.41999816894531,70.5,68.16999816894531,70.16000366210938,0
2024-11-21 02:00:00+00:00,70.29000091552734,70.4000015258789,68.33999633789062,70.4000015258789,655
2024-11-21 03:00:00+00:00,68.6500015258789,70.44000244140625,68.58000183105469,70.26000213623047,0
2024-11-21 04:00:00+00:00,70.45999908447266,70.5,68.68000030517578,70.36000061035156,1015
2024-11-21 05:00:00+00:00,70.48999786376953,70.68000030517578,68.72000122070312,70.44000244140625,287
2024-11-21 06:00:00+00:00,70.58999633789062,70.58999633789062,68.63999938964844,70.52999877929688,262
2024-11-21 07:00:00+00:00,70.6500015258789,70.68000030517578,68.76000213623047,68.8499984741211,85
2024-11-21 08:00:00+00:00,70.55000305175781,70.68000030517578,68.83000183105469,70.68000030517578,175
2024-11-21 09:00:00+00:00,70.80000305175781,70.87000274658203,68.87999725341797,70.56999969482422,354
2024-11-21 10:00:00+00:00,69.06999969482422,70.88999938964844,69.04000091552734,70.83000183105469,0
2024-11-21 11:00:00+00:00,68.9800033569336,70.7699966430664,68.73999786376953,70.76000213623047,369
2024-11-21 12:00:00+00:00,70.70999908447266,70.7699966430664,68.8499984741211,70.5999984741211,2925
2024-11-21 13:00:00+00:00,70.41999816894531,70.80000305175781,68.51000213623047,70.69999694824219,2290
2024-11-21 14:00:00+00:00,70.05999755859375,70.54000091552734,68.1500015258789,70.43000030517578,3265
2024-11-21 15:00:00+00:00,70.55000305175781,70.55000305175781,68.05000305175781,70.06999969482422,2552
2024-11-21 16:00:00+00:00,70.68000030517578,71.45999908447266,69.58999633789062,70.55999755859375,2547
2024-11-21 17:00:00+00:00,70.63999938964844,70.80000305175781,69.45999908447266,70.66000366210938,1303
2024-11-21 18:00:00+00:00,70.6500015258789,70.7300033569336,68.69999694824219,70.62999725341797,1633
2024-11-21 19:00:00+00:00,70.37999725341797,70.6500015258789,68.5199966430664,70.63999938964844,0
2024-11-22 02:00:00+00:00,70.30000305175781,70.37999725341797,70.18000030517578,70.37999725341797,330
2024-11-22 03:00:00+00:00,70.16000366210938,70.29000091552734,70.0999984741211,70.29000091552734,114
2024-11-22 04:00:00+00:00,70.2300033569336,70.23999786376953,70.12000274658203,70.12000274658203,30
2024-11-22 05:00:00+00:00,70.1500015258789,70.20999908447266,70.05999755859375,70.20999908447266,78
2024-11-22 06:00:00+00:00,70.13999938964844,70.31999969482422,70.11000061035156,70.16000366210938,118
2024-11-22 07:00:00+00:00,70.37999725341797,70.44000244140625,70.12000274658203,70.18000030517578,183
2024-11-22 08:00:00+00:00,70.30999755859375,70.44999694824219,70.2699966430664,70.3499984741211,70
2024-11-22 09:00:00+00:00,69.87999725341797,70.27999877929688,69.76000213623047,70.27999877929688,723
2024-11-22 10:00:00+00:00,69.86000061035156,69.88999938964844,69.70999908447266,69.86000061035156,287
2024-11-22 11:00:00+00:00,69.93000030517578,69.95999908447266,69.86000061035156,69.86000061035156,283
2024-11-22 12:00:00+00:00,70.19000244140625,71.0199966430664,69.9000015258789,69.93000030517578,454
2024-11-22 13:00:00+00:00,70.4800033569336,70.58000183105469,70.19000244140625,70.19000244140625,1963
2024-11-22 14:00:00+00:00,70.94999694824219,70.97000122070312,70.41000366210938,70.48999786376953,2943
2024-11-22 15:00:00+00:00,71.0,71.44999694824219,70.83999633789062,70.94999694824219,2568
2024-11-22 16:00:00+00:00,70.73999786376953,71.05000305175781,70.66000366210938,70.98999786376953,1673
2024-11-22 17:00:00+00:00,70.80000305175781,70.87000274658203,70.68000030517578,70.73999786376953,1199
2024-11-22 18:00:00+00:00,70.80999755859375,70.87000274658203,70.7300033569336,70.79000091552734,1771
2024-11-22 19:00:00+00:00,70.7699966430664,70.83000183105469,70.70999908447266,70.81999969482422,2218
2024-11-25 02:00:00+00:00,71.08000183105469,71.4000015258789,70.76000213623047,70.7699966430664,764
2024-11-25 03:00:00+00:00,71.31999969482422,71.31999969482422,71.08000183105469,71.08000183105469,153
2024-11-25 04:00:00+00:00,71.30999755859375,71.33000183105469,71.2699966430664,71.33000183105469,48
2024-11-25 05:00:00+00:00,71.2300033569336,71.30999755859375,71.19000244140625,71.30000305175781,111
2024-11-25 06:00:00+00:00,71.27999877929688,71.37999725341797,71.18000030517578,71.22000122070312,270
2024-11-25 07:00:00+00:00,71.26000213623047,71.38999938964844,71.18000030517578,71.30999755859375,123
2024-11-25 08:00:00+00:00,71.30000305175781,71.33000183105469,71.25,71.26000213623047,85
2024-11-25 09:00:00+00:00,71.41000366210938,71.5,71.30000305175781,71.30000305175781,1055
2024-11-25 10:00:00+00:00,71.62999725341797,71.70999908447266,71.38999938964844,71.4000015258789,904
2024-11-25 11:00:00+00:00,71.54000091552734,71.7699966430664,71.5199966430664,71.6500015258789,717
2024-11-25 12:00:00+00:00,71.6500015258789,71.73999786376953,71.52999877929688,71.55000305175781,552
2024-11-25 13:00:00+00:00,71.66000366210938,71.75,71.2699966430664,71.6500015258789,2175
2024-11-25 14:00:00+00:00,71.91999816894531,71.98999786376953,71.38999938964844,71.6500015258789,3711
2024-11-25 15:00:00+00:00,71.7300033569336,73.30000305175781,71.55999755859375,71.91000366210938,6136
2024-11-25 16:00:00+00:00,71.91000366210938,73.33999633789062,71.70999908447266,71.75,3091
2024-11-25 17:00:00+00:00,71.81999969482422,71.91999816894531,71.63999938964844,71.91000366210938,1627
2024-11-25 18:00:00+00:00,71.77999877929688,71.8499984741211,71.70999908447266,71.83000183105469,2485
2024-11-25 19:00:00+00:00,71.69000244140625,71.8499984741211,71.5999984741211,71.77999877929688,0
2024-11-26 02:00:00+00:00,71.23999786376953,71.66000366210938,71.11000061035156,71.66000366210938,716
2024-11-26 03:00:00+00:00,71.41999816894531,71.5,71.22000122070312,71.22000122070312,106
2024-11-26 04:00:00+00:00,71.43000030517578,71.44999694824219,71.41000366210938,71.44000244140625,12
2024-11-26 05:00:00+00:00,71.45999908447266,71.45999908447266,71.38999938964844,71.41999816894531,27
2024-11-26 06:00:00+00:00,71.33999633789062,71.5,71.33000183105469,71.41999816894531,130
2024-11-26 07:00:00+00:00,71.48999786376953,71.51000213623047,71.37000274658203,71.37000274658203,91
2024-11-26 08:00:00+00:00,71.23999786376953,71.45999908447266,71.13999938964844,71.45999908447266,484
2024-11-26 09:00:00+00:00,71.29000091552734,71.33000183105469,71.12999725341797,71.25,381
2024-11-26 10:00:00+00:00,71.22000122070312,71.30000305175781,71.16999816894531,71.27999877929688,306
2024-11-26 11:00:00+00:00,71.26000213623047,71.2699966430664,71.0999984741211,71.19999694824219,721
2024-11-26 12:00:00+00:00,71.27999877929688,72.8499984741211,71.19000244140625,71.25,711
2024-11-26 13:00:00+00:00,71.26000213623047,71.5,71.19999694824219,71.27999877929688,1708
2024-11-26 14:00:00+00:00,71.2699966430664,71.30000305175781,71.06999969482422,71.27999877929688,2415
2024-11-26 15:00:00+00:00,71.54000091552734,73.25,71.11000061035156,71.25,4803
2024-11-26 16:00:00+00:00,71.5199966430664,71.73999786376953,71.41000366210938,71.54000091552734,2177
2024-11-26 17:00:00+00:00,71.47000122070312,71.62000274658203,71.31999969482422,71.52999877929688,1592
2024-11-26 18:00:00+00:00,71.73999786376953,71.75,71.41999816894531,71.48999786376953,1675
2024-11-26 19:00:00+00:00,71.68000030517578,71.7699966430664,71.56999969482422,71.7300033569336,0
2024-11-27 02:00:00+00:00,71.77999877929688,71.8499984741211,71.4000015258789,71.5999984741211,480
2024-11-27 03:00:00+00:00,71.62999725341797,71.77999877929688,71.5199966430664,71.77999877929688,64
2024-11-27 04:00:00+00:00,71.56999969482422,71.61000061035156,71.55000305175781,71.61000061035156,5
2024-11-27 05:00:00+00:00,71.58000183105469,71.62000274658203,71.55000305175781,71.55000305175781,50
2024-11-27 06:00:00+00:00,71.58000183105469,71.61000061035156,71.4800033569336,71.61000061035156,99
2024-11-27 07:00:00+00:00,71.68000030517578,71.70999908447266,71.5,71.56999969482422,113
2024-11-27 08:00:00+00:00,71.68000030517578,71.70999908447266,71.55000305175781,71.69999694824219,123
2024-11-27 09:00:00+00:00,71.87000274658203,71.88999938964844,71.68000030517578,71.70999908447266,460
2024-11-27 10:00:00+00:00,71.86000061035156,71.88999938964844,71.76000213623047,71.87000274658203,324
2024-11-27 11:00:00+00:00,71.76000213623047,71.88999938964844,71.69000244140625,71.87999725341797,168
2024-11-27 12:00:00+00:00,71.7699966430664,71.86000061035156,71.69999694824219,71.7699966430664,280
2024-11-27 13:00:00+00:00,71.80000305175781,73.47000122070312,71.66000366210938,71.7699966430664,1337
2024-11-27 14:00:00+00:00,71.75,73.5999984741211,71.62000274658203,71.80999755859375,1658
2024-11-27 15:00:00+00:00,71.62000274658203,73.69999694824219,71.37000274658203,71.76000213623047,2583
2024-11-27 16:00:00+00:00,71.69000244140625,71.80000305175781,71.55999755859375,71.62999725341797,1143
2024-11-27 17:00:00+00:00,71.81999969482422,71.83999633789062,71.55999755859375,71.68000030517578,1154
2024-11-27 18:00:00+00:00,71.80999755859375,71.97000122070312,71.7699966430664,71.83000183105469,1916
2024-11-27 19:00:00+00:00,71.6500015258789,71.81999969482422,71.61000061035156,71.80999755859375,0
2024-11-29 14:30:00+00:00,71.87000274658203,71.97000122070312,71.38999938964844,71.38999938964844,2006
2024-11-29 15:30:00+00:00,72.0199966430664,73.62999725341797,71.72000122070312,71.87000274658203,2159
2024-11-29 16:30:00+00:00,72.01000213623047,73.6500015258789,71.88999938964844,72.01000213623047,2323
2024-11-29 17:30:00+00:00,72.04000091552734,73.38999938964844,71.8499984741211,72.0,2311
2024-12-02 02:00:00+00:00,71.94999694824219,72.05999755859375,71.81999969482422,71.91000366210938,499
2024-12-02 03:00:00+00:00,71.93000030517578,71.9800033569336,71.9000015258789,71.93000030517578,103
2024-12-02 04:00:00+00:00,71.9000015258789,71.9800033569336,71.87000274658203,71.93000030517578,138
2024-12-02 05:00:00+00:00,71.83000183105469,71.91000366210938,71.69999694824219,71.91000366210938,140
2024-12-02 06:00:00+00:00,71.5999984741211,71.87999725341797,71.5,71.8499984741211,203
2024-12-02 07:00:00+00:00,71.55000305175781,71.69000244140625,71.5,71.55000305175781,181
2024-12-02 08:00:00+00:00,71.31999969482422,71.54000091552734,71.2699966430664,71.54000091552734,1049
2024-12-02 09:00:00+00:00,71.38999938964844,71.41000366210938,71.12999725341797,71.31999969482422,1252
2024-12-02 10:00:00+00:00,71.25,71.3499984741211,71.20999908447266,71.33999633789062,1036
2024-12-02 11:00:00+00:00,71.1500015258789,71.29000091552734,71.04000091552734,71.23999786376953,780
2024-12-02 12:00:00+00:00,71.0,71.19000244140625,70.94999694824219,71.13999938964844,696
2024-12-02 13:00:00+00:00,70.93000030517578,71.08999633789062,70.5999984741211,71.0,2826
2024-12-02 14:00:00+00:00,70.5,70.93000030517578,70.37999725341797,70.93000030517578,3270
2024-12-02 15:00:00+00:00,71.31999969482422,71.61000061035156,70.4800033569336,70.48999786376953,4566
2024-12-02 16:00:00+00:00,71.23999786376953,71.5,71.20999908447266,71.31999969482422,1967
2024-12-02 17:00:00+00:00,71.54000091552734,71.56999969482422,71.05000305175781,71.2300033569336,1802
2024-12-02 18:00:00+00:00,71.43000030517578,71.58999633789062,71.27999877929688,71.52999877929688,2670
2024-12-02 19:00:00+00:00,71.48999786376953,71.55999755859375,71.33999633789062,71.41999816894531,0
2024-12-03 02:00:00+00:00,71.08000183105469,71.41999816894531,71.01000213623047,71.41000366210938,357
2024-12-03 03:00:00+00:00,71.16999816894531,71.19999694824219,71.0,71.08000183105469,145
2024-12-03 04:00:00+00:00,71.04000091552734,71.16999816894531,71.02999877929688,71.16999816894531,32
2024-12-03 05:00:00+00:00,71.02999877929688,71.0999984741211,70.86000061035156,71.06999969482422,329
2024-12-03 06:00:00+00:00,71.11000061035156,71.19000244140625,71.0,71.02999877929688,178
2024-12-03 07:00:00+00:00,71.25,71.26000213623047,71.0999984741211,71.0999984741211,120
2024-12-03 08:00:00+00:00,71.62999725341797,71.68000030517578,71.2300033569336,71.23999786376953,644
2024-12-03 09:00:00+00:00,71.61000061035156,71.70999908447266,71.52999877929688,71.6500015258789,477
2024-12-03 10:00:00+00:00,71.51000213623047,71.62000274658203,71.4800033569336,71.61000061035156,250
2024-12-03 11:00:00+00:00,71.52999877929688,71.55999755859375,71.41999816894531,71.48999786376953,1608
2024-12-03 12:00:00+00:00,71.4000015258789,71.56999969482422,71.37999725341797,71.52999877929688,315
2024-12-03 13:00:00+00:00,71.2699966430664,71.58999633789062,71.12999725341797,71.37000274658203,1411
2024-12-03 14:00:00+00:00,71.30999755859375,71.5999984741211,71.16000366210938,71.27999877929688,2857
2024-12-03 15:00:00+00:00,71.30000305175781,72.3499984741211,71.08000183105469,71.30999755859375,2236
2024-12-03 16:00:00+00:00,71.58999633789062,71.5999984741211,71.2699966430664,71.31999969482422,1600
2024-12-03 17:00:00+00:00,71.5199966430664,71.66000366210938,71.5,71.5999984741211,1515
2024-12-03 18:00:00+00:00,71.33999633789062,71.58999633789062,71.33999633789062,71.5199966430664,1454
2024-12-03 19:00:00+00:00,71.19999694824219,71.33999633789062,71.12999725341797,71.33000183105469,0
2024-12-04 02:00:00+00:00,71.11000061035156,71.19999694824219,71.02999877929688,71.19999694824219,301
2024-12-04 03:00:00+00:00,70.93000030517578,71.11000061035156,70.91000366210938,71.11000061035156,199
2024-12-04 04:00:00+00:00,71.01000213623047,71.02999877929688,70.91000366210938,70.93000030517578,74
2024-12-04 05:00:00+00:00,71.05000305175781,71.06999969482422,71.0199966430664,71.0199966430664,32
2024-12-04 06:00:00+00:00,71.05999755859375,71.12000274658203,70.9800033569336,71.04000091552734,112
2024-12-04 07:00:00+00:00,71.18000030517578,71.19999694824219,70.98999786376953,71.05000305175781,161
2024-12-04 08:00:00+00:00,71.05000305175781,71.18000030517578,71.04000091552734,71.18000030517578,197
2024-12-04 09:00:00+00:00,71.02999877929688,71.22000122070312,70.88999938964844,70.9800033569336,554
2024-12-04 10:00:00+00:00,71.04000091552734,71.1500015258789,70.97000122070312,70.97000122070312,253
2024-12-04 11:00:00+00:00,71.1500015258789,71.1500015258789,71.0,71.02999877929688,70
2024-12-04 12:00:00+00:00,71.05000305175781,71.12000274658203,70.97000122070312,71.12000274658203,160
2024-12-04 13:00:00+00:00,71.16999816894531,72.81999969482422,71.0,71.01000213623047,1027
2024-12-04 14:00:00+00:00,71.69000244140625,71.75,71.0,71.16000366210938,3286
2024-12-04 15:00:00+00:00,71.48999786376953,71.8499984741211,71.37999725341797,71.72000122070312,2650
2024-12-04 16:00:00+00:00,71.48999786376953,71.56999969482422,71.31999969482422,71.4800033569336,1258
2024-12-04 17:00:00+00:00,71.3499984741211,71.48999786376953,71.31999969482422,71.48999786376953,1035
2024-12-04 18:00:00+00:00,71.16999816894531,71.4000015258789,71.16000366210938,71.33000183105469,1995
2024-12-04 19:00:00+00:00,71.23999786376953,71.30000305175781,71.18000030517578,71.18000030517578,0
2024-12-05 02:00:00+00:00,71.30000305175781,71.33999633789062,71.16000366210938,71.25,145
2024-12-05 03:00:00+00:00,71.38999938964844,71.44000244140625,71.29000091552734,71.3499984741211,177
2024-12-05 04:00:00+00:00,71.3499984741211,71.37999725341797,71.29000091552734,71.36000061035156,50
2024-12-05 05:00:00+00:00,71.4000015258789,71.4000015258789,71.29000091552734,71.30999755859375,33
2024-12-05 06:00:00+00:00,71.33999633789062,71.4000015258789,71.33000183105469,71.33000183105469,26
2024-12-05 07:00:00+00:00,71.38999938964844,71.44000244140625,71.33999633789062,71.3499984741211,66
2024-12-05 08:00:00+00:00,71.63999938964844,71.6500015258789,71.37000274658203,71.4000015258789,300
2024-12-05 09:00:00+00:00,71.87999725341797,71.93000030517578,71.58999633789062,71.62999725341797,1473
2024-12-05 10:00:00+00:00,71.76000213623047,71.91000366210938,71.7300033569336,71.83999633789062,565
2024-12-05 11:00:00+00:00,71.76000213623047,71.80999755859375,71.69999694824219,71.75,426
2024-12-05 12:00:00+00:00,71.58000183105469,71.79000091552734,71.56999969482422,71.7699966430664,288
2024-12-05 13:00:00+00:00,71.37999725341797,72.94000244140625,71.25,71.56999969482422,1696
2024-12-05 14:00:00+00:00,71.20999908447266,71.6500015258789,71.16000366210938,71.36000061035156,2782
2024-12-05 15:00:00+00:00,71.2300033569336,71.33000183105469,71.1500015258789,71.19999694824219,2005
2024-12-05 16:00:00+00:00,71.29000091552734,71.30999755859375,71.04000091552734,71.20999908447266,1759
2024-12-05 17:00:00+00:00,71.05999755859375,71.29000091552734,71.02999877929688,71.26000213623047,1252
2024-12-05 18:00:00+00:00,71.16000366210938,71.18000030517578,71.04000091552734,71.06999969482422,1172
2024-12-05 19:00:00+00:00,71.11000061035156,71.19999694824219,71.05000305175781,71.18000030517578,0
2024-12-06 02:00:00+00:00,70.83000183105469,71.1500015258789,70.75,71.0999984741211,778
2024-12-06 03:00:00+00:00,70.80999755859375,70.91999816894531,70.77999877929688,70.80000305175781,93
2024-12-06 04:00:00+00:00,70.80000305175781,70.86000061035156,70.76000213623047,70.83000183105469,45
2024-12-06 05:00:00+00:00,70.7699966430664,70.80000305175781,70.69999694824219,70.80000305175781,137
2024-12-06 06:00:00+00:00,70.70999908447266,70.98999786376953,70.68000030517578,70.80000305175781,321
2024-12-06 07:00:00+00:00,70.69000244140625,70.70999908447266,70.5999984741211,70.69000244140625,316
2024-12-06 08:00:00+00:00,70.70999908447266,70.73999786376953,70.6500015258789,70.66000366210938,167
2024-12-06 09:00:00+00:00,70.68000030517578,70.70999908447266,70.56999969482422,70.70999908447266,468
2024-12-06 10:00:00+00:00,70.80999755859375,70.83000183105469,70.62999725341797,70.68000030517578,356
2024-12-06 11:00:00+00:00,70.7300033569336,70.86000061035156,70.70999908447266,70.80999755859375,133
2024-12-06 12:00:00+00:00,70.7300033569336,70.73999786376953,70.58000183105469,70.73999786376953,249
2024-12-06 13:00:00+00:00,70.45999908447266,70.80000305175781,70.44000244140625,70.7300033569336,1933
2024-12-06 14:00:00+00:00,70.4800033569336,70.55999755859375,70.36000061035156,70.44999694824219,2155
2024-12-06 15:00:00+00:00,70.31999969482422,70.58999633789062,70.30000305175781,70.45999908447266,2559
2024-12-06 16:00:00+00:00,70.16000366210938,70.37000274658203,70.0999984741211,70.30999755859375,3268
2024-12-06 17:00:00+00:00,70.11000061035156,70.26000213623047,70.08999633789062,70.1500015258789,2595
2024-12-06 18:00:00+00:00,70.16000366210938,70.33000183105469,70.08000183105469,70.11000061035156,3493
2024-12-06 19:00:00+00:00,70.0999984741211,70.19000244140625,70.05999755859375,70.1500015258789,3555
2024-12-09 02:00:00+00:00,69.80999755859375,70.01000213623047,69.76000213623047,70.01000213623047,806
2024-12-09 03:00:00+00:00,69.80999755859375,69.83000183105469,69.76000213623047,69.80999755859375,127
2024-12-09 04:00:00+00:00,69.7699966430664,69.86000061035156,69.76000213623047,69.83000183105469,97
2024-12-09 05:00:00+00:00,69.79000091552734,69.80999755859375,69.75,69.79000091552734,155
2024-12-09 06:00:00+00:00,69.75,69.83000183105469,69.75,69.80999755859375,125
2024-12-09 07:00:00+00:00,69.9800033569336,70.0199966430664,69.75,69.75,373
2024-12-09 08:00:00+00:00,69.94999694824219,70.05000305175781,69.87000274658203,69.9800033569336,280
2024-12-09 09:00:00+00:00,70.08000183105469,70.1500015258789,69.94999694824219,69.94999694824219,463
2024-12-09 10:00:00+00:00,70.2699966430664,70.30999755859375,70.08000183105469,70.0999984741211,696
2024-12-09 11:00:00+00:00,70.43000030517578,70.5,70.19999694824219,70.2699966430664,704
2024-12-09 12:00:00+00:00,70.4800033569336,70.6500015258789,70.44000244140625,70.44999694824219,804
2024-12-09 13:00:00+00:00,70.44999694824219,70.75,70.4000015258789,70.47000122070312,3193
2024-12-09 14:00:00+00:00,70.45999908447266,70.75,70.30999755859375,70.45999908447266,2373
2024-12-09 15:00:00+00:00,70.25,70.54000091552734,70.2300033569336,70.44999694824219,2062
2024-12-09 16:00:00+00:00,70.08999633789062,70.30000305175781,70.05000305175781,70.23999786376953,1563
2024-12-09 17:00:00+00:00,70.05999755859375,70.16999816894531,70.02999877929688,70.08999633789062,1537
2024-12-09 18:00:00+00:00,70.0199966430664,70.16000366210938,70.0199966430664,70.05000305175781,1559
2024-12-09 19:00:00+00:00,69.94999694824219,70.05000305175781,69.91000366210938,70.0199966430664,0
2024-12-10 02:00:00+00:00,70.0199966430664,70.16999816894531,69.94999694824219,69.94999694824219,353
2024-12-10 03:00:00+00:00,69.97000122070312,69.9800033569336,69.86000061035156,69.9800033569336,149
2024-12-10 04:00:00+00:00,70.02999877929688,70.05000305175781,69.94000244140625,69.94000244140625,14
2024-12-10 05:00:00+00:00,70.02999877929688,70.05999755859375,69.9000015258789,70.05000305175781,96
2024-12-10 06:00:00+00:00,69.94999694824219,70.05000305175781,69.93000030517578,70.04000091552734,76
2024-12-10 07:00:00+00:00,69.87999725341797,70.0,69.87999725341797,69.95999908447266,75
2024-12-10 08:00:00+00:00,69.76000213623047,69.91999816894531,69.76000213623047,69.9000015258789,454
2024-12-10 09:00:00+00:00,69.6500015258789,69.7699966430664,69.62000274658203,69.7699966430664,776
2024-12-10 10:00:00+00:00,69.56999969482422,69.69000244140625,69.55000305175781,69.63999938964844,839
2024-12-10 11:00:00+00:00,69.56999969482422,69.62000274658203,69.54000091552734,69.58000183105469,391
2024-12-10 12:00:00+00:00,69.38999938964844,69.56999969482422,69.36000061035156,69.55000305175781,1562
2024-12-10 13:00:00+00:00,69.51000213623047,69.58000183105469,69.36000061035156,69.38999938964844,1608
2024-12-10 14:00:00+00:00,69.79000091552734,69.87000274658203,69.5,69.5,3100
2024-12-10 15:00:00+00:00,69.54000091552734,69.93000030517578,69.52999877929688,69.79000091552734,2995
2024-12-10 16:00:00+00:00,69.58999633789062,69.66999816894531,69.5199966430664,69.54000091552734,2113
2024-12-10 17:00:00+00:00,69.52999877929688,69.58999633789062,69.25,69.58999633789062,3716
2024-12-10 18:00:00+00:00,69.61000061035156,69.73999786376953,69.5,69.55000305175781,1446
2024-12-10 19:00:00+00:00,69.48999786376953,69.62000274658203,69.44000244140625,69.62000274658203,0
2024-12-11 02:00:00+00:00,69.62000274658203,69.7699966430664,69.4800033569336,69.4800033569336,270
2024-12-11 03:00:00+00:00,69.66000366210938,69.66000366210938,69.61000061035156,69.62000274658203,21
2024-12-11 04:00:00+00:00,69.61000061035156,69.66000366210938,69.5999984741211,69.5999984741211,44
2024-12-11 05:00:00+00:00,69.55999755859375,69.62999725341797,69.5,69.61000061035156,83
2024-12-11 06:00:00+00:00,69.58000183105469,69.5999984741211,69.54000091552734,69.56999969482422,29
2024-12-11 07:00:00+00:00,69.37999725341797,69.55999755859375,69.36000061035156,69.51000213623047,246
2024-12-11 08:00:00+00:00,69.27999877929688,69.41999816894531,69.26000213623047,69.41999816894531,299
2024-12-11 09:00:00+00:00,69.12000274658203,69.2699966430664,69.06999969482422,69.2699966430664,1316
2024-12-11 10:00:00+00:00,69.05999755859375,69.25,69.05000305175781,69.12999725341797,908
2024-12-11 11:00:00+00:00,69.16000366210938,69.20999908447266,69.05999755859375,69.05999755859375,319
2024-12-11 12:00:00+00:00,69.16000366210938,69.25,69.0999984741211,69.16000366210938,336
2024-12-11 13:00:00+00:00,69.25,69.30000305175781,69.05000305175781,69.12999725341797,2290
2024-12-11 14:00:00+00:00,69.43000030517578,69.52999877929688,69.19999694824219,69.23999786376953,3233
2024-12-11 15:00:00+00:00,69.5999984741211,69.69999694824219,69.38999938964844,69.43000030517578,3198
2024-12-11 16:00:00+00:00,69.95999908447266,69.97000122070312,69.58999633789062,69.5999984741211,2494
2024-12-11 17:00:00+00:00,70.2300033569336,70.2699966430664,69.91000366210938,69.94999694824219,2505
2024-12-11 18:00:00+00:00,70.33999633789062,70.33999633789062,70.12000274658203,70.2300033569336,2230
2024-12-11 19:00:00+00:00,70.19000244140625,70.38999938964844,70.0199966430664,70.3499984741211,0
2024-12-12 02:00:00+00:00,70.27999877929688,70.27999877929688,69.83999633789062,69.87000274658203,480
2024-12-12 03:00:00+00:00,70.31999969482422,70.33999633789062,70.12999725341797,70.2699966430664,514
2024-12-12 04:00:00+00:00,70.33000183105469,70.33999633789062,70.25,70.29000091552734,43
2024-12-12 05:00:00+00:00,70.36000061035156,70.37000274658203,70.27999877929688,70.31999969482422,63
2024-12-12 06:00:00+00:00,70.3499984741211,70.41999816894531,70.30000305175781,70.33999633789062,231
2024-12-12 07:00:00+00:00,70.23999786376953,70.41999816894531,70.22000122070312,70.33999633789062,116
2024-12-12 08:00:00+00:00,70.37000274658203,70.37999725341797,70.25,70.25,100
2024-12-12 09:00:00+00:00,70.43000030517578,70.43000030517578,70.33000183105469,70.36000061035156,217
2024-12-12 10:00:00+00:00,70.37999725341797,70.47000122070312,70.37000274658203,70.41999816894531,294
2024-12-12 11:00:00+00:00,70.4000015258789,70.44000244140625,70.37000274658203,70.37000274658203,188
2024-12-12 12:00:00+00:00,70.43000030517578,70.44999694824219,70.37999725341797,70.4000015258789,293
2024-12-12 13:00:00+00:00,70.33000183105469,70.44999694824219,70.0999984741211,70.41999816894531,1602
2024-12-12 14:00:00+00:00,70.27999877929688,70.4000015258789,70.25,70.31999969482422,1497
2024-12-12 15:00:00+00:00,70.02999877929688,70.33000183105469,70.01000213623047,70.29000091552734,1977
2024-12-12 16:00:00+00:00,70.2300033569336,70.30000305175781,70.04000091552734,70.05000305175781,1342
2024-12-12 17:00:00+00:00,70.27999877929688,70.37000274658203,70.2300033569336,70.2300033569336,1237
2024-12-12 18:00:00+00:00,70.19999694824219,70.30000305175781,70.05999755859375,70.2699966430664,1796
2024-12-12 19:00:00+00:00,70.05000305175781,70.23999786376953,70.01000213623047,70.19000244140625,0
2024-12-13 02:00:00+00:00,69.73999786376953,70.06999969482422,69.66999816894531,70.0,574
2024-12-13 03:00:00+00:00,69.62999725341797,69.72000122070312,69.55999755859375,69.70999908447266,101
2024-12-13 04:00:00+00:00,69.62999725341797,69.6500015258789,69.58999633789062,69.58999633789062,48
2024-12-13 05:00:00+00:00,69.5999984741211,69.6500015258789,69.55000305175781,69.62999725341797,73
2024-12-13 06:00:00+00:00,69.55999755859375,69.63999938964844,69.55000305175781,69.62000274658203,97
2024-12-13 07:00:00+00:00,69.55999755859375,69.62999725341797,69.51000213623047,69.56999969482422,195
2024-12-13 08:00:00+00:00,69.58999633789062,69.63999938964844,69.52999877929688,69.55000305175781,112
2024-12-13 09:00:00+00:00,69.56999969482422,69.5999984741211,69.52999877929688,69.56999969482422,219
2024-12-13 10:00:00+00:00,69.41999816894531,69.5999984741211,69.37999725341797,69.55999755859375,1039
2024-12-13 11:00:00+00:00,69.44000244140625,69.48999786376953,69.41000366210938,69.41999816894531,320
2024-12-13 12:00:00+00:00,69.33999633789062,69.45999908447266,69.26000213623047,69.43000030517578,594
2024-12-13 13:00:00+00:00,69.37000274658203,69.45999908447266,69.19999694824219,69.33999633789062,1605
2024-12-13 14:00:00+00:00,69.43000030517578,69.5,69.30000305175781,69.36000061035156,1673
2024-12-13 15:00:00+00:00,69.33999633789062,69.44000244140625,69.30000305175781,69.43000030517578,1575
2024-12-13 16:00:00+00:00,69.37999725341797,69.55999755859375,69.2699966430664,69.33999633789062,1927
2024-12-13 17:00:00+00:00,69.30999755859375,69.43000030517578,69.26000213623047,69.37999725341797,1500
2024-12-13 18:00:00+00:00,69.27999877929688,69.36000061035156,69.26000213623047,69.30999755859375,1010
2024-12-13 19:00:00+00:00,69.30000305175781,69.31999969482422,69.25,69.2699966430664,2594
2024-12-16 02:00:00+00:00,69.13999938964844,69.2699966430664,69.13999938964844,69.2699966430664,242
2024-12-16 03:00:00+00:00,69.22000122070312,69.29000091552734,69.12000274658203,69.1500015258789,191
2024-12-16 04:00:00+00:00,69.2300033569336,69.26000213623047,69.2300033569336,69.2300033569336,18
2024-12-16 05:00:00+00:00,69.27999877929688,69.33999633789062,69.19999694824219,69.22000122070312,237
2024-12-16 06:00:00+00:00,69.33999633789062,69.36000061035156,69.18000030517578,69.26000213623047,149
2024-12-16 07:00:00+00:00,69.3499984741211,69.44999694824219,69.31999969482422,69.37000274658203,85
2024-12-16 08:00:00+00:00,69.41999816894531,69.45999908447266,69.33000183105469,69.33999633789062,49
2024-12-16 09:00:00+00:00,69.45999908447266,69.45999908447266,69.36000061035156,69.41000366210938,85
2024-12-16 10:00:00+00:00,69.47000122070312,69.51000213623047,69.38999938964844,69.44000244140625,121
2024-12-16 11:00:00+00:00,69.30999755859375,69.47000122070312,69.30000305175781,69.47000122070312,236
2024-12-16 12:00:00+00:00,69.47000122070312,69.47000122070312,69.26000213623047,69.31999969482422,276
2024-12-16 13:00:00+00:00,69.7699966430664,69.79000091552734,69.36000061035156,69.44999694824219,1663
2024-12-16 14:00:00+00:00,69.83000183105469,69.91000366210938,69.70999908447266,69.76000213623047,1881
2024-12-16 15:00:00+00:00,69.37999725341797,69.91000366210938,69.36000061035156,69.83999633789062,1828
2024-12-16 16:00:00+00:00,69.16000366210938,69.41999816894531,69.12000274658203,69.37999725341797,1919
2024-12-16 17:00:00+00:00,69.20999908447266,69.31999969482422,69.12999725341797,69.16000366210938,988
2024-12-16 18:00:00+00:00,69.1500015258789,69.33000183105469,69.13999938964844,69.2300033569336,1048
2024-12-16 19:00:00+00:00,69.04000091552734,69.20999908447266,69.0199966430664,69.1500015258789,0
2024-12-17 02:00:00+00:00,69.02999877929688,69.16999816894531,69.02999877929688,69.05999755859375,278
2024-12-17 03:00:00+00:00,69.08000183105469,69.12000274658203,69.0,69.0199966430664,609
2024-12-17 04:00:00+00:00,69.11000061035156,69.11000061035156,69.05999755859375,69.08000183105469,20
2024-12-17 05:00:00+00:00,69.11000061035156,69.11000061035156,69.06999969482422,69.0999984741211,10
2024-12-17 06:00:00+00:00,69.08999633789062,69.1500015258789,69.08000183105469,69.0999984741211,42
2024-12-17 07:00:00+00:00,69.0999984741211,69.19000244140625,69.0999984741211,69.11000061035156,114
2024-12-17 08:00:00+00:00,69.05000305175781,69.0999984741211,69.0,69.08000183105469,224
2024-12-17 09:00:00+00:00,69.05000305175781,69.08999633789062,69.04000091552734,69.05999755859375,61
2024-12-17 10:00:00+00:00,69.0199966430664,69.05000305175781,69.0,69.05000305175781,150
2024-12-17 11:00:00+00:00,69.0199966430664,69.05999755859375,69.0,69.0199966430664,247
2024-12-17 12:00:00+00:00,68.86000061035156,69.04000091552734,68.86000061035156,69.01000213623047,928
2024-12-17 13:00:00+00:00,68.66999816894531,68.88999938964844,68.61000061035156,68.86000061035156,3551
2024-12-17 14:00:00+00:00,68.72000122070312,68.88999938964844,68.5999984741211,68.66000366210938,3826
2024-12-17 15:00:00+00:00,68.63999938964844,68.79000091552734,68.61000061035156,68.69999694824219,2142
2024-12-17 16:00:00+00:00,68.70999908447266,68.77999877929688,68.55000305175781,68.63999938964844,2996
2024-12-17 17:00:00+00:00,68.7300033569336,68.87000274658203,68.68000030517578,68.72000122070312,1258
2024-12-17 18:00:00+00:00,68.73999786376953,68.83000183105469,68.68000030517578,68.70999908447266,1133
2024-12-17 19:00:00+00:00,68.66999816894531,68.76000213623047,68.66000366210938,68.75,0
2024-12-18 02:00:00+00:00,68.58000183105469,68.66000366210938,68.58000183105469,68.6500015258789,250
2024-12-18 03:00:00+00:00,68.5199966430664,68.5999984741211,68.51000213623047,68.58000183105469,421
2024-12-18 04:00:00+00:00,68.54000091552734,68.55000305175781,68.51000213623047,68.51000213623047,149
2024-12-18 05:00:00+00:00,68.54000091552734,68.55999755859375,68.51000213623047,68.5199966430664,53
2024-12-18 06:00:00+00:00,68.48999786376953,68.5199966430664,68.41999816894531,68.5199966430664,765
2024-12-18 07:00:00+00:00,68.44999694824219,68.51000213623047,68.44999694824219,68.5,267
2024-12-18 08:00:00+00:00,68.45999908447266,68.51000213623047,68.41999816894531,68.44000244140625,300
2024-12-18 09:00:00+00:00,68.18000030517578,68.45999908447266,68.16000366210938,68.45999908447266,1933
2024-12-18 10:00:00+00:00,68.27999877929688,68.30000305175781,68.16999816894531,68.18000030517578,691
2024-12-18 11:00:00+00:00,68.37999725341797,68.45999908447266,68.25,68.26000213623047,636
2024-12-18 12:00:00+00:00,68.27999877929688,68.38999938964844,68.2300033569336,68.38999938964844,413
2024-12-18 13:00:00+00:00,68.48999786376953,68.5,68.20999908447266,68.27999877929688,2060
2024-12-18 14:00:00+00:00,68.83000183105469,68.9000015258789,68.3499984741211,68.48999786376953,3157
2024-12-18 15:00:00+00:00,68.44999694824219,68.88999938964844,68.44000244140625,68.83000183105469,1804
2024-12-18 16:00:00+00:00,68.36000061035156,68.5,68.27999877929688,68.44999694824219,1576
2024-12-18 17:00:00+00:00,68.4000015258789,68.45999908447266,68.31999969482422,68.36000061035156,1436
2024-12-18 18:00:00+00:00,68.37000274658203,68.45999908447266,68.33000183105469,68.38999938964844,1351
2024-12-18 19:00:00+00:00,68.11000061035156,68.37000274658203,68.05000305175781,68.37000274658203,0
2024-12-19 02:00:00+00:00,68.11000061035156,68.16999816894531,68.01000213623047,68.11000061035156,871
2024-12-19 03:00:00+00:00,68.11000061035156,68.12999725341797,68.08000183105469,68.11000061035156,55
2024-12-19 04:00:00+00:00,68.11000061035156,68.13999938964844,68.05999755859375,68.0999984741211,87
2024-12-19 05:00:00+00:00,68.05000305175781,68.12000274658203,68.05000305175781,68.08999633789062,77
2024-12-19 06:00:00+00:00,68.11000061035156,68.12999725341797,68.02999877929688,68.05000305175781,146
2024-12-19 07:00:00+00:00,68.0999984741211,68.18000030517578,68.02999877929688,68.12000274658203,226
2024-12-19 08:00:00+00:00,68.19999694824219,68.19999694824219,68.06999969482422,68.11000061035156,336
2024-12-19 09:00:00+00:00,68.19999694824219,68.31999969482422,68.08999633789062,68.19000244140625,261
2024-12-19 10:00:00+00:00,68.0999984741211,68.23999786376953,68.0999984741211,68.19000244140625,277
2024-12-19 11:00:00+00:00,68.08000183105469,68.16999816894531,68.01000213623047,68.0999984741211,399
2024-12-19 12:00:00+00:00,68.05000305175781,68.0999984741211,67.70999908447266,68.08999633789062,1861
2024-12-19 13:00:00+00:00,68.02999877929688,68.33999633789062,68.0,68.04000091552734,2020
2024-12-19 14:00:00+00:00,67.80999755859375,68.02999877929688,67.76000213623047,68.0199966430664,2127
2024-12-19 15:00:00+00:00,67.66999816894531,67.87999725341797,67.66000366210938,67.81999969482422,2843
2024-12-19 16:00:00+00:00,67.76000213623047,67.79000091552734,67.55999755859375,67.66999816894531,2512
2024-12-19 17:00:00+00:00,67.91999816894531,67.9800033569336,67.66000366210938,67.7699966430664,1569
2024-12-19 18:00:00+00:00,68.12000274658203,68.20999908447266,67.9000015258789,67.91000366210938,1801
2024-12-19 19:00:00+00:00,67.87000274658203,68.12000274658203,67.83000183105469,68.11000061035156,0
2024-12-20 02:00:00+00:00,67.91000366210938,67.94000244140625,67.73999786376953,67.91000366210938,311
2024-12-20 03:00:00+00:00,68.0199966430664,68.06999969482422,67.87999725341797,67.93000030517578,285
2024-12-20 04:00:00+00:00,68.08000183105469,68.11000061035156,68.01000213623047,68.05000305175781,155
2024-12-20 05:00:00+00:00,68.0999984741211,68.1500015258789,68.05000305175781,68.05999755859375,73
2024-12-20 06:00:00+00:00,68.19000244140625,68.20999908447266,68.06999969482422,68.06999969482422,132
2024-12-20 07:00:00+00:00,68.12000274658203,68.19999694824219,68.12000274658203,68.16000366210938,70
2024-12-20 08:00:00+00:00,68.11000061035156,68.16999816894531,68.11000061035156,68.11000061035156,373
2024-12-20 09:00:00+00:00,68.06999969482422,68.18000030517578,68.0,68.12000274658203,275
2024-12-20 10:00:00+00:00,67.94999694824219,68.12000274658203,67.9000015258789,68.06999969482422,217
2024-12-20 11:00:00+00:00,67.93000030517578,68.04000091552734,67.86000061035156,67.9800033569336,0
2024-12-20 12:00:00+00:00,68.0199966430664,68.05000305175781,67.87999725341797,67.93000030517578,2417
2024-12-20 13:00:00+00:00,67.83000183105469,68.05000305175781,67.83000183105469,68.02999877929688,1311
2024-12-20 14:00:00+00:00,67.58000183105469,67.81999969482422,67.55000305175781,67.81999969482422,2722
2024-12-20 15:00:00+00:00,67.6500015258789,67.69000244140625,67.51000213623047,67.58999633789062,2673
2024-12-20 16:00:00+00:00,67.83000183105469,67.91000366210938,67.4800033569336,67.63999938964844,1969
2024-12-20 17:00:00+00:00,67.81999969482422,67.91999816894531,67.73999786376953,67.80999755859375,2070
2024-12-20 18:00:00+00:00,67.94999694824219,68.0,67.77999877929688,67.79000091552734,1294
2024-12-20 19:00:00+00:00,68.12000274658203,68.1500015258789,67.94000244140625,67.94999694824219,3903
2024-12-23 02:00:00+00:00,68.7699966430664,68.7699966430664,68.1500015258789,68.1500015258789,772
2024-12-23 03:00:00+00:00,68.9800033569336,69.04000091552734,68.7300033569336,68.7699966430664,537
2024-12-23 04:00:00+00:00,68.95999908447266,69.04000091552734,68.80999755859375,68.95999908447266,288
2024-12-23 05:00:00+00:00,68.83000183105469,68.93000030517578,68.75,68.93000030517578,81
2024-12-23 06:00:00+00:00,68.91999816894531,68.95999908447266,68.83000183105469,68.83000183105469,75
2024-12-23 07:00:00+00:00,68.83999633789062,69.0199966430664,68.83000183105469,68.91000366210938,170
2024-12-23 08:00:00+00:00,69.05000305175781,69.0999984741211,68.83000183105469,68.83000183105469,341
2024-12-23 09:00:00+00:00,69.29000091552734,69.55000305175781,69.01000213623047,69.0199966430664,1375
2024-12-23 10:00:00+00:00,69.22000122070312,69.37000274658203,69.16999816894531,69.30000305175781,646
2024-12-23 11:00:00+00:00,69.2300033569336,69.2300033569336,69.01000213623047,69.22000122070312,657
2024-12-23 12:00:00+00:00,69.2300033569336,69.44999694824219,69.19999694824219,69.20999908447266,602
2024-12-23 13:00:00+00:00,69.55999755859375,69.68000030517578,69.20999908447266,69.25,2627
2024-12-23 14:00:00+00:00,69.44999694824219,69.86000061035156,69.36000061035156,69.55000305175781,3874
2024-12-23 15:00:00+00:00,69.13999938964844,69.44999694824219,69.01000213623047,69.44999694824219,2435
2024-12-23 16:00:00+00:00,69.44999694824219,69.61000061035156,69.05999755859375,69.13999938964844,1985
2024-12-23 17:00:00+00:00,69.5199966430664,69.55999755859375,69.43000030517578,69.43000030517578,1256
2024-12-23 18:00:00+00:00,69.4800033569336,69.55000305175781,69.2699966430664,69.52999877929688,1495
2024-12-23 19:00:00+00:00,69.44999694824219,69.58000183105469,69.33999633789062,69.4800033569336,0
2024-12-24 02:00:00+00:00,69.18000030517578,69.6500015258789,69.0999984741211,69.37000274658203,508
2024-12-24 03:00:00+00:00,69.12999725341797,69.19999694824219,69.05999755859375,69.18000030517578,106
2024-12-24 04:00:00+00:00,69.12999725341797,69.12999725341797,69.05999755859375,69.12000274658203,72
2024-12-24 14:30:00+00:00,68.91000366210938,69.30999755859375,68.9000015258789,69.26000213623047,1691
2024-12-24 15:30:00+00:00,68.86000061035156,69.27999877929688,68.68000030517578,68.91000366210938,2571
2024-12-24 16:30:00+00:00,69.0,69.12000274658203,68.86000061035156,68.87000274658203,1036
2024-12-24 17:30:00+00:00,68.88999938964844,69.0999984741211,68.69999694824219,68.98999786376953,1787
2024-12-26 12:00:00+00:00,68.58000183105469,68.80999755859375,68.5,68.77999877929688,776
2024-12-26 13:00:00+00:00,68.9000015258789,69.16999816894531,68.55999755859375,68.58999633789062,1383
2024-12-26 14:00:00+00:00,68.70999908447266,68.94999694824219,68.63999938964844,68.88999938964844,1108
2024-12-26 15:00:00+00:00,68.91999816894531,69.0999984741211,68.7300033569336,68.7300033569336,1159
2024-12-26 16:00:00+00:00,68.76000213623047,68.91999816894531,68.7300033569336,68.91999816894531,887
2024-12-26 17:00:00+00:00,68.70999908447266,68.8499984741211,68.68000030517578,68.76000213623047,569
2024-12-26 18:00:00+00:00,68.73999786376953,68.7699966430664,68.63999938964844,68.69000244140625,614
2024-12-26 19:00:00+00:00,68.7699966430664,68.80000305175781,68.66999816894531,68.73999786376953,0
2024-12-27 02:00:00+00:00,68.72000122070312,68.88999938964844,68.5999984741211,68.66999816894531,194
2024-12-27 03:00:00+00:00,68.80000305175781,68.9000015258789,68.62999725341797,68.72000122070312,72
2024-12-27 04:00:00+00:00,68.69999694824219,68.80000305175781,68.69999694824219,68.80000305175781,31
2024-12-27 05:00:00+00:00,68.69000244140625,68.73999786376953,68.69000244140625,68.72000122070312,9
2024-12-27 06:00:00+00:00,68.73999786376953,68.73999786376953,68.68000030517578,68.69000244140625,66
2024-12-27 07:00:00+00:00,68.5999984741211,68.7699966430664,68.5999984741211,68.70999908447266,164
2024-12-27 08:00:00+00:00,68.55999755859375,68.72000122070312,68.55000305175781,68.62999725341797,281
2024-12-27 09:00:00+00:00,68.3499984741211,68.55000305175781,68.3499984741211,68.55000305175781,678
2024-12-27 10:00:00+00:00,68.30999755859375,68.37000274658203,68.30000305175781,68.3499984741211,395
2024-12-27 11:00:00+00:00,68.36000061035156,68.37999725341797,68.30000305175781,68.31999969482422,210
2024-12-27 12:00:00+00:00,68.5199966430664,68.52999877929688,68.33999633789062,68.37999725341797,374
2024-12-27 13:00:00+00:00,68.7300033569336,68.7300033569336,68.36000061035156,68.52999877929688,1250
2024-12-27 14:00:00+00:00,68.62000274658203,68.75,68.5199966430664,68.70999908447266,677
2024-12-27 15:00:00+00:00,68.83000183105469,68.93000030517578,68.55000305175781,68.62999725341797,1051
2024-12-27 16:00:00+00:00,68.87999725341797,69.0,68.77999877929688,68.83000183105469,787
2024-12-27 17:00:00+00:00,68.77999877929688,68.87000274658203,68.69999694824219,68.87000274658203,549
2024-12-27 18:00:00+00:00,68.77999877929688,68.81999969482422,68.66999816894531,68.7699966430664,400
2024-12-27 19:00:00+00:00,68.80000305175781,68.94000244140625,68.7699966430664,68.79000091552734,954
2024-12-30 02:00:00+00:00,68.5199966430664,68.80000305175781,68.26000213623047,68.77999877929688,555
2024-12-30 03:00:00+00:00,68.47000122070312,68.58999633789062,68.41000366210938,68.52999877929688,81
2024-12-30 04:00:00+00:00,68.52999877929688,68.54000091552734,68.43000030517578,68.44999694824219,26
2024-12-30 05:00:00+00:00,68.52999877929688,68.63999938964844,68.51000213623047,68.55000305175781,70
2024-12-30 06:00:00+00:00,68.61000061035156,68.62999725341797,68.55000305175781,68.55999755859375,39
2024-12-30 07:00:00+00:00,68.70999908447266,68.76000213623047,68.55999755859375,68.56999969482422,206
2024-12-30 08:00:00+00:00,68.55000305175781,68.72000122070312,68.5199966430664,68.69000244140625,146
2024-12-30 09:00:00+00:00,68.7300033569336,68.80000305175781,68.55999755859375,68.55999755859375,134
2024-12-30 10:00:00+00:00,68.8499984741211,68.91999816894531,68.63999938964844,68.73999786376953,182
2024-12-30 11:00:00+00:00,68.98999786376953,69.0,68.86000061035156,68.86000061035156,332
2024-12-30 12:00:00+00:00,69.16000366210938,69.19999694824219,68.98999786376953,69.0,359
2024-12-30 13:00:00+00:00,68.94999694824219,69.25,68.87999725341797,69.16999816894531,1053
2024-12-30 14:00:00+00:00,69.0199966430664,69.12999725341797,68.86000061035156,68.98999786376953,1146
2024-12-30 15:00:00+00:00,68.7699966430664,69.05000305175781,68.72000122070312,69.01000213623047,1165
2024-12-30 16:00:00+00:00,68.63999938964844,68.81999969482422,68.55999755859375,68.75,1053
2024-12-30 17:00:00+00:00,68.62000274658203,68.80999755859375,68.5999984741211,68.6500015258789,766
2024-12-30 18:00:00+00:00,68.51000213623047,68.68000030517578,68.4800033569336,68.62000274658203,1036
2024-12-30 19:00:00+00:00,68.4800033569336,68.58000183105469,68.44999694824219,68.51000213623047,0
2024-12-31 02:00:00+00:00,68.77999877929688,68.79000091552734,68.4800033569336,68.5,283
2024-12-31 03:00:00+00:00,68.66999816894531,68.79000091552734,68.63999938964844,68.79000091552734,134
2024-12-31 04:00:00+00:00,68.69000244140625,68.80000305175781,68.63999938964844,68.69000244140625,52
2024-12-31 05:00:00+00:00,68.77999877929688,68.80000305175781,68.69999694824219,68.69999694824219,28
2024-12-31 06:00:00+00:00,68.80000305175781,68.88999938964844,68.75,68.79000091552734,128
2024-12-31 07:00:00+00:00,68.72000122070312,68.83999633789062,68.63999938964844,68.81999969482422,148
2024-12-31 08:00:00+00:00,68.77999877929688,68.80000305175781,68.72000122070312,68.72000122070312,122
2024-12-31 09:00:00+00:00,68.73999786376953,68.80000305175781,68.63999938964844,68.80000305175781,254
2024-12-31 10:00:00+00:00,68.56999969482422,68.80000305175781,68.56999969482422,68.7300033569336,212
2024-12-31 11:00:00+00:00,68.66000366210938,68.66999816894531,68.55999755859375,68.58000183105469,56
2024-12-31 12:00:00+00:00,68.4000015258789,68.69999694824219,68.38999938964844,68.66000366210938,460
2024-12-31 13:00:00+00:00,68.31999969482422,68.5,68.2699966430664,68.41000366210938,953
2024-12-31 14:00:00+00:00,68.27999877929688,68.43000030517578,68.2699966430664,68.33000183105469,920
2024-12-31 15:00:00+00:00,68.62999725341797,68.80000305175781,68.27999877929688,68.27999877929688,1358
2024-12-31 16:00:00+00:00,68.69999694824219,68.73999786376953,68.5,68.62999725341797,989
2024-12-31 17:00:00+00:00,68.4000015258789,68.69999694824219,68.37000274658203,68.68000030517578,1053
2024-12-31 18:00:00+00:00,68.38999938964844,68.43000030517578,68.3499984741211,68.37999725341797,1052
2024-12-31 19:00:00+00:00,68.37999725341797,68.47000122070312,68.37000274658203,68.38999938964844,0
2025-01-02 05:00:00+00:00,68.66999816894531,68.77999877929688,68.61000061035156,68.75,94
2025-01-02 06:00:00+00:00,68.77999877929688,68.77999877929688,68.62000274658203,68.69999694824219,42
2025-01-02 07:00:00+00:00,68.76000213623047,68.80000305175781,68.75,68.75,86
2025-01-02 08:00:00+00:00,68.94999694824219,68.98999786376953,68.66000366210938,68.75,397
2025-01-02 09:00:00+00:00,69.0,69.05000305175781,68.94999694824219,68.94999694824219,480
2025-01-02 10:00:00+00:00,68.97000122070312,69.05000305175781,68.94999694824219,68.9800033569336,304
2025-01-02 11:00:00+00:00,68.9800033569336,69.0199966430664,68.87999725341797,68.97000122070312,312
2025-01-02 12:00:00+00:00,69.05999755859375,69.1500015258789,68.87000274658203,68.95999908447266,450
2025-01-02 13:00:00+00:00,69.26000213623047,69.44000244140625,68.9800033569336,69.04000091552734,2423
2025-01-02 14:00:00+00:00,69.0999984741211,69.44000244140625,69.02999877929688,69.2699966430664,1786
2025-01-02 15:00:00+00:00,69.22000122070312,69.37000274658203,68.91000366210938,69.0999984741211,2074
2025-01-02 16:00:00+00:00,69.0999984741211,69.27999877929688,68.98999786376953,69.20999908447266,1502
2025-01-02 17:00:00+00:00,68.95999908447266,69.25,68.93000030517578,69.0999984741211,1433
2025-01-02 18:00:00+00:00,68.76000213623047,68.94000244140625,68.72000122070312,68.94000244140625,1653
2025-01-02 19:00:00+00:00,68.5199966430664,68.80000305175781,68.5,68.7699966430664,0
2025-01-03 02:00:00+00:00,68.5999984741211,68.68000030517578,68.36000061035156,68.5,443
2025-01-03 03:00:00+00:00,68.51000213623047,68.72000122070312,68.45999908447266,68.62000274658203,126
2025-01-03 04:00:00+00:00,68.58000183105469,68.66999816894531,68.55000305175781,68.55000305175781,16
2025-01-03 05:00:00+00:00,68.37000274658203,68.58999633789062,68.37000274658203,68.58999633789062,79
2025-01-03 06:00:00+00:00,68.33000183105469,68.41999816894531,68.33000183105469,68.36000061035156,154
2025-01-03 07:00:00+00:00,68.2300033569336,68.36000061035156,68.19999694824219,68.33000183105469,559
2025-01-03 08:00:00+00:00,68.11000061035156,68.23999786376953,68.06999969482422,68.20999908447266,868
2025-01-03 09:00:00+00:00,68.08999633789062,68.13999938964844,68.05000305175781,68.0999984741211,519
2025-01-03 10:00:00+00:00,68.16000366210938,68.18000030517578,68.08000183105469,68.08999633789062,459
2025-01-03 11:00:00+00:00,68.0999984741211,68.16999816894531,68.0999984741211,68.1500015258789,302
2025-01-03 12:00:00+00:00,67.97000122070312,68.0999984741211,67.94000244140625,68.08999633789062,1084
2025-01-03 13:00:00+00:00,67.98999786376953,68.19999694824219,67.80000305175781,67.9800033569336,1976
2025-01-03 14:00:00+00:00,67.88999938964844,68.13999938964844,67.87999725341797,67.98999786376953,1545
2025-01-03 15:00:00+00:00,67.87999725341797,68.0999984741211,67.83000183105469,67.91000366210938,2036
2025-01-03 16:00:00+00:00,67.73999786376953,67.87999725341797,67.70999908447266,67.87000274658203,2019
2025-01-03 17:00:00+00:00,67.7699966430664,67.95999908447266,67.69000244140625,67.7300033569336,1996
2025-01-03 18:00:00+00:00,67.70999908447266,67.83000183105469,67.6500015258789,67.76000213623047,1827
2025-01-03 19:00:00+00:00,67.76000213623047,67.7699966430664,67.62999725341797,67.70999908447266,2797
2025-01-06 02:00:00+00:00,68.0,68.06999969482422,67.76000213623047,67.76000213623047,524
2025-01-06 03:00:00+00:00,67.94999694824219,68.01000213623047,67.9000015258789,68.01000213623047,67
2025-01-06 04:00:00+00:00,67.94000244140625,67.94000244140625,67.91000366210938,67.93000030517578,32
2025-01-06 05:00:00+00:00,67.87999725341797,67.94999694824219,67.8499984741211,67.91999816894531,71
2025-01-06 06:00:00+00:00,67.83999633789062,67.91000366210938,67.80000305175781,67.88999938964844,168
2025-01-06 07:00:00+00:00,67.87999725341797,67.9000015258789,67.80999755859375,67.8499984741211,76
2025-01-06 08:00:00+00:00,68.13999938964844,68.16000366210938,67.80000305175781,67.87000274658203,305
2025-01-06 09:00:00+00:00,68.20999908447266,68.36000061035156,68.13999938964844,68.13999938964844,737
2025-01-06 10:00:00+00:00,68.1500015258789,68.25,68.08000183105469,68.22000122070312,392
2025-01-06 11:00:00+00:00,68.5,68.5,68.13999938964844,68.13999938964844,892
2025-01-06 12:00:00+00:00,68.38999938964844,68.55999755859375,68.38999938964844,68.5,625
2025-01-06 13:00:00+00:00,68.30000305175781,68.58999633789062,68.08999633789062,68.4000015258789,2631
2025-01-06 14:00:00+00:00,68.26000213623047,68.31999969482422,67.86000061035156,68.29000091552734,2300
2025-01-06 15:00:00+00:00,68.43000030517578,68.5199966430664,68.18000030517578,68.29000091552734,1752
2025-01-06 16:00:00+00:00,68.56999969482422,68.75,68.37000274658203,68.43000030517578,2393
2025-01-06 17:00:00+00:00,68.62999725341797,68.66999816894531,68.4800033569336,68.56999969482422,1304
2025-01-06 18:00:00+00:00,68.62999725341797,68.70999908447266,68.56999969482422,68.63999938964844,1436
2025-01-06 19:00:00+00:00,68.70999908447266,68.75,68.54000091552734,68.63999938964844,0
2025-01-07 02:00:00+00:00,68.79000091552734,68.87999725341797,68.48999786376953,68.5999984741211,892
2025-01-07 03:00:00+00:00,68.80999755859375,68.80999755859375,68.73999786376953,68.7699966430664,61
2025-01-07 04:00:00+00:00,68.80000305175781,68.80999755859375,68.73999786376953,68.79000091552734,28
2025-01-07 05:00:00+00:00,68.83999633789062,68.93000030517578,68.75,68.80000305175781,147
2025-01-07 06:00:00+00:00,68.97000122070312,68.97000122070312,68.80999755859375,68.81999969482422,120
2025-01-07 07:00:00+00:00,68.73999786376953,68.97000122070312,68.7300033569336,68.94999694824219,155
2025-01-07 08:00:00+00:00,68.9000015258789,68.94000244140625,68.70999908447266,68.70999908447266,1144
2025-01-07 09:00:00+00:00,68.87999725341797,68.98999786376953,68.83999633789062,68.88999938964844,254
2025-01-07 10:00:00+00:00,69.0,69.0,68.86000061035156,68.88999938964844,246
2025-01-07 11:00:00+00:00,69.08000183105469,69.0999984741211,68.9000015258789,68.9800033569336,339
2025-01-07 12:00:00+00:00,69.01000213623047,69.1500015258789,68.95999908447266,69.08999633789062,805
2025-01-07 13:00:00+00:00,68.62999725341797,69.0,68.5999984741211,69.0,1715
2025-01-07 14:00:00+00:00,68.87000274658203,68.87000274658203,68.41000366210938,68.63999938964844,2069
2025-01-07 15:00:00+00:00,68.9800033569336,69.0199966430664,68.77999877929688,68.87000274658203,1755
2025-01-07 16:00:00+00:00,68.7300033569336,69.08000183105469,68.68000030517578,68.98999786376953,1831
2025-01-07 17:00:00+00:00,68.70999908447266,68.79000091552734,68.62999725341797,68.7300033569336,1443
2025-01-07 18:00:00+00:00,68.58999633789062,68.75,68.58999633789062,68.72000122070312,1449
2025-01-07 19:00:00+00:00,68.5199966430664,68.62000274658203,68.4800033569336,68.58999633789062,0
2025-01-08 02:00:00+00:00,68.33999633789062,68.63999938964844,68.30000305175781,68.5199966430664,339
2025-01-08 03:00:00+00:00,68.4000015258789,68.4000015258789,68.30999755859375,68.36000061035156,122
2025-01-08 04:00:00+00:00,68.33000183105469,68.4000015258789,68.30000305175781,68.37000274658203,61
2025-01-08 05:00:00+00:00,68.41999816894531,68.41999816894531,68.30999755859375,68.33000183105469,131
2025-01-08 06:00:00+00:00,68.30999755859375,68.5,68.30000305175781,68.4000015258789,202
2025-01-08 07:00:00+00:00,68.33999633789062,68.37000274658203,68.26000213623047,68.33999633789062,131
2025-01-08 08:00:00+00:00,68.38999938964844,68.43000030517578,68.33000183105469,68.33000183105469,128
2025-01-08 09:00:00+00:00,68.2699966430664,68.41000366210938,68.25,68.41000366210938,228
2025-01-08 10:00:00+00:00,68.30999755859375,68.31999969482422,68.25,68.26000213623047,222
2025-01-08 11:00:00+00:00,68.31999969482422,68.3499984741211,68.25,68.30000305175781,260
2025-01-08 12:00:00+00:00,68.19999694824219,68.38999938964844,68.1500015258789,68.33999633789062,665
2025-01-08 13:00:00+00:00,68.2300033569336,68.58000183105469,68.18000030517578,68.19000244140625,1659
2025-01-08 14:00:00+00:00,68.29000091552734,68.38999938964844,68.04000091552734,68.23999786376953,2052
2025-01-08 15:00:00+00:00,68.5999984741211,68.61000061035156,68.27999877929688,68.29000091552734,1598
2025-01-08 16:00:00+00:00,68.51000213623047,68.61000061035156,68.37999725341797,68.5999984741211,1659
2025-01-08 17:00:00+00:00,68.44000244140625,68.52999877929688,68.41000366210938,68.48999786376953,1086
2025-01-08 18:00:00+00:00,68.33000183105469,68.44999694824219,68.30999755859375,68.44999694824219,1348
2025-01-08 19:00:00+00:00,68.18000030517578,68.44000244140625,68.16000366210938,68.33999633789062,0
2025-01-09 02:00:00+00:00,68.22000122070312,68.2300033569336,68.08999633789062,68.22000122070312,301
2025-01-09 03:00:00+00:00,68.19000244140625,68.27999877929688,68.1500015258789,68.2300033569336,142
2025-01-09 04:00:00+00:00,68.16000366210938,68.19999694824219,68.16000366210938,68.19999694824219,7
2025-01-09 05:00:00+00:00,68.13999938964844,68.16999816894531,68.0999984741211,68.16000366210938,96
2025-01-09 06:00:00+00:00,68.44000244140625,68.4800033569336,68.12999725341797,68.1500015258789,439
2025-01-09 07:00:00+00:00,68.4000015258789,68.47000122070312,68.30999755859375,68.4000015258789,146
2025-01-09 08:00:00+00:00,68.33999633789062,68.43000030517578,68.33000183105469,68.37000274658203,78
2025-01-09 09:00:00+00:00,68.36000061035156,68.37999725341797,68.2699966430664,68.33999633789062,149
2025-01-09 10:00:00+00:00,68.20999908447266,68.36000061035156,68.19999694824219,68.36000061035156,105
2025-01-09 11:00:00+00:00,68.0999984741211,68.23999786376953,68.0999984741211,68.19999694824219,326
2025-01-09 12:00:00+00:00,67.9800033569336,68.13999938964844,67.94000244140625,68.0999984741211,967
2025-01-09 13:00:00+00:00,68.11000061035156,68.18000030517578,67.86000061035156,67.9800033569336,1674
2025-01-09 14:00:00+00:00,68.0999984741211,68.13999938964844,67.97000122070312,68.12000274658203,898
2025-01-09 15:00:00+00:00,68.33000183105469,68.38999938964844,68.04000091552734,68.0999984741211,1723
2025-01-09 16:00:00+00:00,68.45999908447266,68.5,68.29000091552734,68.33000183105469,2004
2025-01-09 17:00:00+00:00,68.72000122070312,68.75,68.38999938964844,68.45999908447266,2065
2025-01-09 18:00:00+00:00,68.5199966430664,68.75,68.41000366210938,68.7300033569336,2864
2025-01-09 19:00:00+00:00,68.54000091552734,68.62999725341797,68.43000030517578,68.52999877929688,0
2025-01-10 02:00:00+00:00,68.55000305175781,68.69999694824219,68.43000030517578,68.51000213623047,645
2025-01-10 03:00:00+00:00,68.63999938964844,68.66999816894531,68.51000213623047,68.51000213623047,87
2025-01-10 04:00:00+00:00,68.58999633789062,68.66000366210938,68.56999969482422,68.62999725341797,38
2025-01-10 05:00:00+00:00,68.55000305175781,68.61000061035156,68.5199966430664,68.5999984741211,68
2025-01-10 06:00:00+00:00,68.55000305175781,68.58999633789062,68.5199966430664,68.56999969482422,136
2025-01-10 07:00:00+00:00,68.54000091552734,68.58999633789062,68.48999786376953,68.56999969482422,98
2025-01-10 08:00:00+00:00,68.58000183105469,68.58999633789062,68.4800033569336,68.5199966430664,139
2025-01-10 09:00:00+00:00,68.62000274658203,68.62999725341797,68.55000305175781,68.58000183105469,160
2025-01-10 10:00:00+00:00,68.68000030517578,68.69999694824219,68.5199966430664,68.62000274658203,222
2025-01-10 11:00:00+00:00,68.41000366210938,68.69000244140625,68.41000366210938,68.66000366210938,452
2025-01-10 12:00:00+00:00,68.43000030517578,68.44999694824219,68.29000091552734,68.41999816894531,470
2025-01-10 13:00:00+00:00,68.31999969482422,68.41000366210938,68.1500015258789,68.41000366210938,2349
2025-01-10 14:00:00+00:00,68.08000183105469,68.37999725341797,67.91000366210938,68.3499984741211,2645
2025-01-10 15:00:00+00:00,68.2300033569336,68.25,67.91999816894531,68.06999969482422,2925
2025-01-10 16:00:00+00:00,68.26000213623047,68.44999694824219,68.13999938964844,68.23999786376953,2142
2025-01-10 17:00:00+00:00,67.38999938964844,68.33999633789062,67.3499984741211,68.26000213623047,6811
2025-01-10 18:00:00+00:00,67.20999908447266,67.58999633789062,67.19999694824219,67.4000015258789,5290
2025-01-10 19:00:00+00:00,66.95999908447266,67.22000122070312,66.9000015258789,67.22000122070312,6287
2025-01-13 02:00:00+00:00,67.25,67.30000305175781,67.08000183105469,67.08000183105469,976
2025-01-13 03:00:00+00:00,67.31999969482422,67.31999969482422,67.16999816894531,67.23999786376953,218
2025-01-13 04:00:00+00:00,67.12999725341797,67.3499984741211,67.0999984741211,67.29000091552734,219
2025-01-13 05:00:00+00:00,67.20999908447266,67.20999908447266,67.11000061035156,67.12000274658203,102
2025-01-13 06:00:00+00:00,67.16999816894531,67.27999877929688,67.1500015258789,67.19000244140625,371
2025-01-13 07:00:00+00:00,67.0,67.22000122070312,66.91999816894531,67.18000030517578,588
2025-01-13 08:00:00+00:00,67.11000061035156,67.16999816894531,66.94999694824219,66.97000122070312,477
2025-01-13 09:00:00+00:00,67.04000091552734,67.16999816894531,67.02999877929688,67.11000061035156,739
2025-01-13 10:00:00+00:00,66.95999908447266,67.02999877929688,66.91999816894531,67.02999877929688,770
2025-01-13 11:00:00+00:00,66.9800033569336,67.04000091552734,66.94000244140625,66.97000122070312,650
2025-01-13 12:00:00+00:00,66.93000030517578,67.02999877929688,66.91000366210938,66.9800033569336,788
2025-01-13 13:00:00+00:00,67.02999877929688,67.02999877929688,66.76000213623047,66.93000030517578,2788
2025-01-13 14:00:00+00:00,67.20999908447266,67.2699966430664,66.81999969482422,67.0199966430664,4073
2025-01-13 15:00:00+00:00,67.19000244140625,67.5,67.0,67.2300033569336,4313
2025-01-13 16:00:00+00:00,67.38999938964844,67.4000015258789,67.13999938964844,67.18000030517578,2782
2025-01-13 17:00:00+00:00,67.58000183105469,67.72000122070312,67.25,67.37999725341797,3328
2025-01-13 18:00:00+00:00,67.7699966430664,67.79000091552734,67.5,67.56999969482422,3100
2025-01-13 19:00:00+00:00,67.61000061035156,67.80999755859375,67.58000183105469,67.76000213623047,0
2025-01-14 02:00:00+00:00,67.88999938964844,67.9000015258789,67.62000274658203,67.63999938964844,959
2025-01-14 03:00:00+00:00,67.94000244140625,67.9800033569336,67.87000274658203,67.88999938964844,363
2025-01-14 04:00:00+00:00,67.8499984741211,67.94000244140625,67.77999877929688,67.91999816894531,112
2025-01-14 05:00:00+00:00,67.9000015258789,67.9000015258789,67.83999633789062,67.86000061035156,100
2025-01-14 06:00:00+00:00,67.88999938964844,67.94000244140625,67.88999938964844,67.9000015258789,85
2025-01-14 07:00:00+00:00,67.80000305175781,67.93000030517578,67.69999694824219,67.91999816894531,415
2025-01-14 08:00:00+00:00,67.80999755859375,67.88999938964844,67.80000305175781,67.83000183105469,286
2025-01-14 09:00:00+00:00,67.87999725341797,67.91000366210938,67.83000183105469,67.83000183105469,454
2025-01-14 10:00:00+00:00,67.80000305175781,67.9000015258789,67.73999786376953,67.87999725341797,414
2025-01-14 11:00:00+00:00,67.83999633789062,67.86000061035156,67.76000213623047,67.79000091552734,341
2025-01-14 12:00:00+00:00,67.83999633789062,67.87999725341797,67.76000213623047,67.83999633789062,607
2025-01-14 13:00:00+00:00,67.77999877929688,67.97000122070312,67.77999877929688,67.83000183105469,2394
2025-01-14 14:00:00+00:00,67.58000183105469,67.80000305175781,67.52999877929688,67.76000213623047,1933
2025-01-14 15:00:00+00:00,67.4800033569336,67.62000274658203,67.36000061035156,67.58999633789062,1938
2025-01-14 16:00:00+00:00,67.51000213623047,67.54000091552734,67.36000061035156,67.48999786376953,1409
2025-01-14 17:00:00+00:00,67.5199966430664,67.55000305175781,67.44000244140625,67.51000213623047,1532
2025-01-14 18:00:00+00:00,67.38999938964844,67.54000091552734,67.38999938964844,67.51000213623047,1858
2025-01-14 19:00:00+00:00,67.47000122070312,67.55000305175781,67.36000061035156,67.37999725341797,0
2025-01-15 02:00:00+00:00,67.33999633789062,67.5,67.27999877929688,67.48999786376953,391
2025-01-15 03:00:00+00:00,67.41999816894531,67.44999694824219,67.31999969482422,67.3499984741211,114
2025-01-15 04:00:00+00:00,67.43000030517578,67.44999694824219,67.41000366210938,67.41000366210938,16
2025-01-15 05:00:00+00:00,67.36000061035156,67.41999816894531,67.3499984741211,67.41999816894531,72
2025-01-15 06:00:00+00:00,67.47000122070312,67.47000122070312,67.36000061035156,67.37999725341797,156
2025-01-15 07:00:00+00:00,67.45999908447266,67.55000305175781,67.44999694824219,67.44999694824219,263
2025-01-15 08:00:00+00:00,67.36000061035156,67.52999877929688,67.3499984741211,67.47000122070312,265
2025-01-15 09:00:00+00:00,67.55999755859375,67.63999938964844,67.3499984741211,67.3499984741211,725
2025-01-15 10:00:00+00:00,67.58999633789062,67.62999725341797,67.5199966430664,67.58000183105469,243
2025-01-15 11:00:00+00:00,67.75,67.7699966430664,67.5999984741211,67.5999984741211,324
2025-01-15 12:00:00+00:00,67.6500015258789,67.80999755859375,67.5999984741211,67.75,757
2025-01-15 13:00:00+00:00,67.69999694824219,67.80000305175781,67.4000015258789,67.63999938964844,2286
2025-01-15 14:00:00+00:00,67.58000183105469,67.79000091552734,67.52999877929688,67.70999908447266,1793
2025-01-15 15:00:00+00:00,67.52999877929688,67.83999633789062,67.51000213623047,67.56999969482422,2158
2025-01-15 16:00:00+00:00,67.58999633789062,67.75,67.4800033569336,67.52999877929688,1889
2025-01-15 17:00:00+00:00,67.70999908447266,67.7699966430664,67.55000305175781,67.58000183105469,1257
2025-01-15 18:00:00+00:00,67.76000213623047,67.79000091552734,67.61000061035156,67.72000122070312,1682
2025-01-15 19:00:00+00:00,67.7699966430664,67.80999755859375,67.69999694824219,67.76000213623047,0
2025-01-16 02:00:00+00:00,67.69000244140625,67.7699966430664,67.55999755859375,67.7699966430664,350
2025-01-16 03:00:00+00:00,67.66999816894531,67.72000122070312,67.62999725341797,67.69000244140625,36
2025-01-16 04:00:00+00:00,67.58999633789062,67.63999938964844,67.58999633789062,67.63999938964844,15
2025-01-16 05:00:00+00:00,67.41000366210938,67.58999633789062,67.3499984741211,67.55999755859375,288
2025-01-16 06:00:00+00:00,67.31999969482422,67.47000122070312,67.30000305175781,67.41999816894531,350
2025-01-16 07:00:00+00:00,67.37000274658203,67.4800033569336,67.30000305175781,67.31999969482422,114
2025-01-16 08:00:00+00:00,67.19000244140625,67.38999938964844,67.16000366210938,67.3499984741211,706
2025-01-16 09:00:00+00:00,66.97000122070312,67.20999908447266,66.93000030517578,67.18000030517578,1267
2025-01-16 10:00:00+00:00,66.93000030517578,66.98999786376953,66.86000061035156,66.9800033569336,964
2025-01-16 11:00:00+00:00,66.86000061035156,66.94000244140625,66.7699966430664,66.91000366210938,1198
2025-01-16 12:00:00+00:00,66.87000274658203,66.94999694824219,66.69999694824219,66.86000061035156,1438
2025-01-16 13:00:00+00:00,67.19000244140625,67.23999786376953,66.5999984741211,66.9000015258789,3798
2025-01-16 14:00:00+00:00,67.25,67.26000213623047,67.0199966430664,67.19999694824219,1569
2025-01-16 15:00:00+00:00,67.0199966430664,67.4000015258789,67.0,67.23999786376953,2137
2025-01-16 16:00:00+00:00,67.05000305175781,67.12000274658203,66.91999816894531,67.02999877929688,1725
2025-01-16 17:00:00+00:00,67.06999969482422,67.16999816894531,67.01000213623047,67.05000305175781,1331
2025-01-16 18:00:00+00:00,66.7699966430664,67.06999969482422,66.75,67.06999969482422,1727
2025-01-16 19:00:00+00:00,66.73999786376953,66.81999969482422,66.69999694824219,66.76000213623047,0
2025-01-17 02:00:00+00:00,66.77999877929688,66.87999725341797,66.63999938964844,66.80000305175781,579
2025-01-17 03:00:00+00:00,67.0199966430664,67.05000305175781,66.75,66.7699966430664,405
2025-01-17 04:00:00+00:00,66.94000244140625,67.05999755859375,66.94000244140625,67.04000091552734,128
2025-01-17 05:00:00+00:00,67.04000091552734,67.05999755859375,66.93000030517578,66.94000244140625,96
2025-01-17 06:00:00+00:00,67.11000061035156,67.11000061035156,67.0,67.01000213623047,182
2025-01-17 07:00:00+00:00,67.08000183105469,67.11000061035156,67.0,67.11000061035156,91
2025-01-17 08:00:00+00:00,66.8499984741211,67.0999984741211,66.83999633789062,67.0999984741211,254
2025-01-17 09:00:00+00:00,66.9000015258789,66.91000366210938,66.80000305175781,66.87000274658203,224
2025-01-17 10:00:00+00:00,67.01000213623047,67.02999877929688,66.83999633789062,66.8499984741211,288
2025-01-17 11:00:00+00:00,66.87999725341797,67.01000213623047,66.83000183105469,67.0,139
2025-01-17 12:00:00+00:00,66.94999694824219,66.94999694824219,66.80000305175781,66.8499984741211,408
2025-01-17 13:00:00+00:00,67.37000274658203,67.56999969482422,66.9000015258789,66.94000244140625,3103
2025-01-17 14:00:00+00:00,67.20999908447266,67.41999816894531,67.18000030517578,67.37000274658203,2442
2025-01-17 15:00:00+00:00,67.22000122070312,67.2699966430664,67.06999969482422,67.20999908447266,2281
2025-01-17 16:00:00+00:00,67.55999755859375,67.5999984741211,67.19000244140625,67.22000122070312,4270
2025-01-17 17:00:00+00:00,67.4800033569336,67.56999969482422,67.2699966430664,67.55000305175781,4841
2025-01-17 18:00:00+00:00,67.54000091552734,67.55000305175781,67.41999816894531,67.47000122070312,1258
2025-01-17 19:00:00+00:00,67.55999755859375,67.62999725341797,67.48999786376953,67.54000091552734,3875
2025-01-21 05:00:00+00:00,68.04000091552734,68.0999984741211,67.86000061035156,67.86000061035156,513
2025-01-21 06:00:00+00:00,68.02999877929688,68.0999984741211,68.0,68.02999877929688,210
2025-01-21 07:00:00+00:00,68.11000061035156,68.13999938964844,67.9800033569336,68.0199966430664,299
2025-01-21 08:00:00+00:00,68.06999969482422,68.1500015258789,67.98999786376953,68.0999984741211,391
2025-01-21 09:00:00+00:00,68.23999786376953,68.25,68.08999633789062,68.08999633789062,660
2025-01-21 10:00:00+00:00,68.25,68.30000305175781,68.2300033569336,68.23999786376953,618
2025-01-21 11:00:00+00:00,68.19000244140625,68.27999877929688,68.16999816894531,68.23999786376953,386
2025-01-21 12:00:00+00:00,68.0,68.22000122070312,68.0,68.19999694824219,717
2025-01-21 13:00:00+00:00,67.56999969482422,68.12999725341797,67.55000305175781,68.0,3088
2025-01-21 14:00:00+00:00,67.63999938964844,67.68000030517578,67.38999938964844,67.58000183105469,3669
2025-01-21 15:00:00+00:00,67.55999755859375,67.76000213623047,67.4800033569336,67.6500015258789,2080
2025-01-21 16:00:00+00:00,67.66000366210938,67.66000366210938,67.36000061035156,67.58000183105469,2562
2025-01-21 17:00:00+00:00,67.69000244140625,67.73999786376953,67.55999755859375,67.62999725341797,1386
2025-01-21 18:00:00+00:00,67.80999755859375,67.86000061035156,67.55999755859375,67.66999816894531,1750
2025-01-21 19:00:00+00:00,67.63999938964844,67.87000274658203,67.61000061035156,67.80999755859375,0
2025-01-22 02:00:00+00:00,67.41000366210938,67.62000274658203,67.26000213623047,67.62000274658203,604
2025-01-22 03:00:00+00:00,67.33999633789062,67.4800033569336,67.29000091552734,67.44000244140625,86
2025-01-22 04:00:00+00:00,67.3499984741211,67.37000274658203,67.33000183105469,67.33999633789062,22
2025-01-22 05:00:00+00:00,67.37999725341797,67.37999725341797,67.16000366210938,67.31999969482422,149
2025-01-22 06:00:00+00:00,67.22000122070312,67.37000274658203,67.20999908447266,67.37000274658203,258
2025-01-22 07:00:00+00:00,67.25,67.27999877929688,67.16000366210938,67.20999908447266,161
2025-01-22 08:00:00+00:00,67.36000061035156,67.4000015258789,67.25,67.25,213
2025-01-22 09:00:00+00:00,67.33000183105469,67.4800033569336,67.33000183105469,67.37000274658203,286
2025-01-22 10:00:00+00:00,67.58000183105469,67.62000274658203,67.3499984741211,67.3499984741211,275
2025-01-22 11:00:00+00:00,67.56999969482422,67.69000244140625,67.55999755859375,67.58000183105469,213
2025-01-22 12:00:00+00:00,67.3499984741211,67.5999984741211,67.29000091552734,67.58000183105469,235
2025-01-22 13:00:00+00:00,67.37999725341797,67.4000015258789,67.16000366210938,67.3499984741211,1136
2025-01-22 14:00:00+00:00,67.55000305175781,67.62999725341797,67.36000061035156,67.38999938964844,1619
2025-01-22 15:00:00+00:00,67.83999633789062,67.95999908447266,67.4800033569336,67.55000305175781,3326
2025-01-22 16:00:00+00:00,67.58000183105469,67.83999633789062,67.47000122070312,67.83000183105469,1865
2025-01-22 17:00:00+00:00,67.61000061035156,67.66999816894531,67.5,67.58999633789062,1821
2025-01-22 18:00:00+00:00,67.12999725341797,67.62000274658203,67.11000061035156,67.62000274658203,2758
2025-01-22 19:00:00+00:00,67.16000366210938,67.22000122070312,67.11000061035156,67.12999725341797,0
2025-01-23 02:00:00+00:00,66.94999694824219,67.36000061035156,66.91999816894531,67.13999938964844,821
2025-01-23 03:00:00+00:00,66.95999908447266,67.04000091552734,66.91999816894531,66.97000122070312,225
2025-01-23 04:00:00+00:00,67.02999877929688,67.02999877929688,66.95999908447266,66.9800033569336,31
2025-01-23 05:00:00+00:00,67.05999755859375,67.05999755859375,66.94000244140625,67.01000213623047,136
2025-01-23 06:00:00+00:00,67.0,67.08000183105469,66.95999908447266,67.05999755859375,128
2025-01-23 07:00:00+00:00,66.97000122070312,67.01000213623047,66.93000030517578,67.01000213623047,0
2025-01-23 08:00:00+00:00,66.83000183105469,66.9800033569336,66.80999755859375,66.95999908447266,2070
2025-01-23 09:00:00+00:00,66.87000274658203,66.91000366210938,66.76000213623047,66.81999969482422,758
2025-01-23 10:00:00+00:00,67.05999755859375,67.06999969482422,66.83999633789062,66.87999725341797,584
2025-01-23 11:00:00+00:00,66.91999816894531,67.12000274658203,66.9000015258789,67.05000305175781,245
2025-01-23 12:00:00+00:00,66.83000183105469,66.94000244140625,66.80999755859375,66.91999816894531,516
2025-01-23 13:00:00+00:00,67.19000244140625,67.2699966430664,66.83000183105469,66.83000183105469,1483
2025-01-23 14:00:00+00:00,67.0199966430664,67.19000244140625,66.94000244140625,67.19000244140625,1459
2025-01-23 15:00:00+00:00,67.52999877929688,67.69999694824219,67.02999877929688,67.02999877929688,3839
2025-01-23 16:00:00+00:00,67.44000244140625,67.54000091552734,67.16000366210938,67.5199966430664,1886
2025-01-23 17:00:00+00:00,67.5,67.62000274658203,67.41999816894531,67.44999694824219,1651
2025-01-23 18:00:00+00:00,67.47000122070312,67.63999938964844,67.44999694824219,67.5199966430664,1377
2025-01-23 19:00:00+00:00,67.5,67.62000274658203,67.44000244140625,67.4800033569336,0
2025-01-24 02:00:00+00:00,67.75,67.8499984741211,67.45999908447266,67.47000122070312,912
2025-01-24 03:00:00+00:00,67.83999633789062,67.87000274658203,67.76000213623047,67.76000213623047,168
2025-01-24 04:00:00+00:00,67.93000030517578,67.94000244140625,67.8499984741211,67.8499984741211,282
2025-01-24 05:00:00+00:00,67.88999938964844,67.93000030517578,67.8499984741211,67.91999816894531,64
2025-01-24 06:00:00+00:00,67.9000015258789,67.94999694824219,67.87999725341797,67.9000015258789,202
2025-01-24 07:00:00+00:00,67.91999816894531,67.93000030517578,67.87999725341797,67.87999725341797,74
2025-01-24 08:00:00+00:00,68.12999725341797,68.1500015258789,67.9000015258789,67.93000030517578,826
2025-01-24 09:00:00+00:00,68.1500015258789,68.25,68.08999633789062,68.12999725341797,630
2025-01-24 10:00:00+00:00,68.08999633789062,68.16999816894531,68.04000091552734,68.13999938964844,424
2025-01-24 11:00:00+00:00,68.12999725341797,68.16000366210938,68.04000091552734,68.0999984741211,471
2025-01-24 12:00:00+00:00,68.19999694824219,68.19999694824219,68.06999969482422,68.13999938964844,497
2025-01-24 13:00:00+00:00,68.02999877929688,68.44000244140625,68.0,68.19000244140625,3429
2025-01-24 14:00:00+00:00,67.97000122070312,68.18000030517578,67.80000305175781,68.02999877929688,2319
2025-01-24 15:00:00+00:00,67.5999984741211,67.9800033569336,67.51000213623047,67.94999694824219,2218
2025-01-24 16:00:00+00:00,67.58999633789062,67.7699966430664,67.5,67.61000061035156,1501
2025-01-24 17:00:00+00:00,67.5199966430664,67.69000244140625,67.5,67.58000183105469,1392
2025-01-24 18:00:00+00:00,67.61000061035156,67.62000274658203,67.51000213623047,67.5199966430664,1523
2025-01-24 19:00:00+00:00,67.68000030517578,67.69999694824219,67.58000183105469,67.61000061035156,2097
2025-01-27 02:00:00+00:00,67.69000244140625,67.93000030517578,67.5999984741211,67.69000244140625,444
2025-01-27 03:00:00+00:00,67.88999938964844,67.93000030517578,67.7300033569336,67.7300033569336,65
2025-01-27 04:00:00+00:00,67.83000183105469,67.88999938964844,67.76000213623047,67.88999938964844,51
2025-01-27 05:00:00+00:00,67.87000274658203,67.88999938964844,67.80000305175781,67.80999755859375,79
2025-01-27 06:00:00+00:00,67.91000366210938,67.95999908447266,67.87000274658203,67.87999725341797,166
2025-01-27 07:00:00+00:00,67.80000305175781,67.91999816894531,67.80000305175781,67.91999816894531,213
2025-01-27 08:00:00+00:00,67.94999694824219,67.95999908447266,67.77999877929688,67.81999969482422,299
2025-01-27 09:00:00+00:00,67.68000030517578,67.93000030517578,67.6500015258789,67.93000030517578,488
2025-01-27 10:00:00+00:00,67.69000244140625,67.70999908447266,67.61000061035156,67.68000030517578,538
2025-01-27 11:00:00+00:00,67.66000366210938,67.7699966430664,67.62000274658203,67.68000030517578,165
2025-01-27 12:00:00+00:00,67.80000305175781,67.80000305175781,67.5999984741211,67.66000366210938,480
2025-01-27 13:00:00+00:00,67.91000366210938,67.94999694824219,67.6500015258789,67.80000305175781,1133
2025-01-27 14:00:00+00:00,68.1500015258789,68.16999816894531,67.87000274658203,67.91999816894531,1998
2025-01-27 15:00:00+00:00,67.81999969482422,68.16000366210938,67.77999877929688,68.13999938964844,2119
2025-01-27 16:00:00+00:00,67.66999816894531,67.83000183105469,67.52999877929688,67.80999755859375,2397
2025-01-27 17:00:00+00:00,67.30000305175781,67.70999908447266,67.20999908447266,67.66999816894531,3438
2025-01-27 18:00:00+00:00,67.4000015258789,67.51000213623047,67.30000305175781,67.30000305175781,1743
2025-01-27 19:00:00+00:00,67.37000274658203,67.44000244140625,67.20999908447266,67.38999938964844,0
2025-01-28 02:00:00+00:00,67.12999725341797,67.44000244140625,67.11000061035156,67.30000305175781,432
2025-01-28 03:00:00+00:00,67.08999633789062,67.13999938964844,67.06999969482422,67.12000274658203,102
2025-01-28 04:00:00+00:00,67.13999938964844,67.1500015258789,67.05000305175781,67.0999984741211,54
2025-01-28 05:00:00+00:00,67.0999984741211,67.16000366210938,67.0999984741211,67.16000366210938,77
2025-01-28 06:00:00+00:00,67.01000213623047,67.12000274658203,67.01000213623047,67.08000183105469,200
2025-01-28 07:00:00+00:00,67.0199966430664,67.06999969482422,67.01000213623047,67.01000213623047,141
2025-01-28 08:00:00+00:00,67.02999877929688,67.04000091552734,66.91000366210938,67.0199966430664,875
2025-01-28 09:00:00+00:00,67.05000305175781,67.08000183105469,67.01000213623047,67.04000091552734,391
2025-01-28 10:00:00+00:00,67.05000305175781,67.06999969482422,67.0,67.05999755859375,379
2025-01-28 11:00:00+00:00,67.2300033569336,67.2699966430664,67.02999877929688,67.05999755859375,382
2025-01-28 12:00:00+00:00,67.26000213623047,67.33999633789062,67.1500015258789,67.2300033569336,338
2025-01-28 13:00:00+00:00,67.38999938964844,67.52999877929688,67.23999786376953,67.23999786376953,1110
2025-01-28 14:00:00+00:00,67.41000366210938,67.5199966430664,67.30000305175781,67.37999725341797,1743
2025-01-28 15:00:00+00:00,67.33999633789062,67.5999984741211,67.33000183105469,67.41999816894531,2788
2025-01-28 16:00:00+00:00,67.2300033569336,67.4000015258789,67.19999694824219,67.33999633789062,1736
2025-01-28 17:00:00+00:00,67.12000274658203,67.2699966430664,67.11000061035156,67.2300033569336,1525
2025-01-28 18:00:00+00:00,67.0999984741211,67.1500015258789,66.94999694824219,67.12999725341797,2499
2025-01-28 19:00:00+00:00,67.01000213623047,67.16000366210938,66.97000122070312,67.0999984741211,0
2025-01-29 02:00:00+00:00,67.08999633789062,67.1500015258789,66.94000244140625,67.0,440
2025-01-29 03:00:00+00:00,67.0999984741211,67.1500015258789,67.08000183105469,67.0999984741211,112
2025-01-29 04:00:00+00:00,67.13999938964844,67.16000366210938,67.06999969482422,67.06999969482422,22
2025-01-29 05:00:00+00:00,67.0999984741211,67.13999938964844,67.0999984741211,67.13999938964844,28
2025-01-29 06:00:00+00:00,67.11000061035156,67.13999938964844,67.0999984741211,67.0999984741211,17
2025-01-29 07:00:00+00:00,67.0999984741211,67.12000274658203,67.06999969482422,67.12000274658203,79
2025-01-29 08:00:00+00:00,66.98999786376953,67.11000061035156,66.9800033569336,67.08999633789062,220
2025-01-29 09:00:00+00:00,66.83999633789062,67.0199966430664,66.80999755859375,66.9800033569336,1173
2025-01-29 10:00:00+00:00,66.86000061035156,66.87000274658203,66.80000305175781,66.83999633789062,1137
2025-01-29 11:00:00+00:00,66.81999969482422,66.94000244140625,66.80000305175781,66.8499984741211,612
2025-01-29 12:00:00+00:00,66.66000366210938,66.83999633789062,66.66000366210938,66.80999755859375,1615
2025-01-29 13:00:00+00:00,66.72000122070312,66.87999725341797,66.62999725341797,66.66999816894531,2136
2025-01-29 14:00:00+00:00,66.97000122070312,67.0999984741211,66.69999694824219,66.70999908447266,1815
2025-01-29 15:00:00+00:00,66.69999694824219,67.11000061035156,66.66000366210938,66.98999786376953,3275
2025-01-29 16:00:00+00:00,66.70999908447266,66.9000015258789,66.6500015258789,66.69999694824219,3066
2025-01-29 17:00:00+00:00,66.72000122070312,66.76000213623047,66.69000244140625,66.72000122070312,1634
2025-01-29 18:00:00+00:00,66.69999694824219,66.79000091552734,66.69000244140625,66.70999908447266,1673
2025-01-29 19:00:00+00:00,66.66000366210938,66.7300033569336,66.63999938964844,66.69999694824219,0
2025-01-30 02:00:00+00:00,66.56999969482422,66.68000030517578,66.54000091552734,66.66999816894531,946
2025-01-30 03:00:00+00:00,66.56999969482422,66.5999984741211,66.55000305175781,66.55999755859375,78
2025-01-30 04:00:00+00:00,66.52999877929688,66.56999969482422,66.5,66.56999969482422,547
2025-01-30 05:00:00+00:00,66.56999969482422,66.56999969482422,66.52999877929688,66.52999877929688,15
2025-01-30 06:00:00+00:00,66.4800033569336,66.55999755859375,66.44999694824219,66.54000091552734,266
2025-01-30 07:00:00+00:00,66.47000122070312,66.5199966430664,66.47000122070312,66.4800033569336,124
2025-01-30 08:00:00+00:00,66.47000122070312,66.52999877929688,66.44999694824219,66.47000122070312,329
2025-01-30 09:00:00+00:00,66.29000091552734,66.4800033569336,66.29000091552734,66.45999908447266,1286
2025-01-30 10:00:00+00:00,66.4800033569336,66.4800033569336,66.27999877929688,66.29000091552734,627
2025-01-30 11:00:00+00:00,66.44999694824219,66.55000305175781,66.44000244140625,66.47000122070312,313
2025-01-30 12:00:00+00:00,66.37000274658203,66.45999908447266,66.33000183105469,66.45999908447266,480
2025-01-30 13:00:00+00:00,66.33000183105469,66.5,66.20999908447266,66.37999725341797,3096
2025-01-30 14:00:00+00:00,66.33999633789062,66.48999786376953,66.01000213623047,66.33999633789062,4976
2025-01-30 15:00:00+00:00,66.20999908447266,66.55000305175781,66.20999908447266,66.3499984741211,4959
2025-01-30 16:00:00+00:00,66.31999969482422,66.4800033569336,66.16999816894531,66.19999694824219,2279
2025-01-30 17:00:00+00:00,66.25,66.3499984741211,66.23999786376953,66.33000183105469,1332
2025-01-30 18:00:00+00:00,66.36000061035156,66.51000213623047,66.23999786376953,66.23999786376953,2841
2025-01-30 19:00:00+00:00,66.26000213623047,66.37999725341797,66.23999786376953,66.36000061035156,0
2025-01-31 02:00:00+00:00,66.29000091552734,66.3499984741211,66.19999694824219,66.25,273
2025-01-31 03:00:00+00:00,66.37999725341797,66.37999725341797,66.25,66.30000305175781,40
2025-01-31 04:00:00+00:00,66.36000061035156,66.37000274658203,66.29000091552734,66.36000061035156,64
2025-01-31 05:00:00+00:00,66.31999969482422,66.36000061035156,66.30000305175781,66.30999755859375,35
2025-01-31 06:00:00+00:00,66.37999725341797,66.44000244140625,66.3499984741211,66.3499984741211,86
2025-01-31 07:00:00+00:00,66.41000366210938,66.4800033569336,66.37000274658203,66.37000274658203,118
2025-01-31 08:00:00+00:00,66.25,66.44000244140625,66.25,66.38999938964844,477
2025-01-31 09:00:00+00:00,65.88999938964844,66.26000213623047,65.86000061035156,66.26000213623047,1973
2025-01-31 10:00:00+00:00,65.87000274658203,65.9000015258789,65.81999969482422,65.9000015258789,474
2025-01-31 11:00:00+00:00,65.76000213623047,65.88999938964844,65.75,65.86000061035156,842
2025-01-31 12:00:00+00:00,65.7699966430664,65.83000183105469,65.69999694824219,65.7699966430664,922
2025-01-31 13:00:00+00:00,65.87999725341797,66.05999755859375,65.72000122070312,65.77999877929688,1630
2025-01-31 14:00:00+00:00,65.76000213623047,65.91999816894531,65.72000122070312,65.87999725341797,2252
2025-01-31 15:00:00+00:00,65.77999877929688,65.94000244140625,65.70999908447266,65.7699966430664,3346
2025-01-31 16:00:00+00:00,65.76000213623047,65.87000274658203,65.7300033569336,65.7699966430664,2543
2025-01-31 17:00:00+00:00,66.23999786376953,66.23999786376953,65.72000122070312,65.76000213623047,3484
2025-01-31 18:00:00+00:00,65.87000274658203,66.41999816894531,65.80000305175781,66.22000122070312,4495
2025-01-31 19:00:00+00:00,65.9000015258789,65.94000244140625,65.79000091552734,65.87999725341797,4195
2025-02-03 02:00:00+00:00,65.19999694824219,67.04000091552734,65.05999755859375,65.56999969482422,3005
2025-02-03 03:00:00+00:00,66.55000305175781,66.55000305175781,65.11000061035156,66.44999694824219,0
2025-02-03 04:00:00+00:00,65.41000366210938,66.73999786376953,65.2699966430664,65.2699966430664,1449
2025-02-03 05:00:00+00:00,65.45999908447266,66.70999908447266,65.37000274658203,66.66000366210938,176
2025-02-03 06:00:00+00:00,66.69000244140625,66.80999755859375,65.37000274658203,65.47000122070312,0
2025-02-03 07:00:00+00:00,65.2699966430664,66.72000122070312,65.23999786376953,66.6500015258789,1762
2025-02-03 08:00:00+00:00,65.06999969482422,66.51000213623047,65.04000091552734,65.25,0
2025-02-03 09:00:00+00:00,65.02999877929688,66.38999938964844,65.01000213623047,65.08000183105469,2925
2025-02-03 10:00:00+00:00,66.3499984741211,66.36000061035156,65.0199966430664,65.04000091552734,0
2025-02-03 11:00:00+00:00,66.3499984741211,66.4000015258789,65.04000091552734,65.12000274658203,305
2025-02-03 12:00:00+00:00,65.38999938964844,66.66999816894531,65.0999984741211,65.0999984741211,4326
2025-02-03 13:00:00+00:00,65.7300033569336,66.97000122070312,65.37999725341797,65.38999938964844,2920
2025-02-03 14:00:00+00:00,65.47000122070312,66.9800033569336,65.43000030517578,66.87999725341797,5316
2025-02-03 15:00:00+00:00,65.54000091552734,67.18000030517578,65.33000183105469,65.47000122070312,6564
2025-02-03 16:00:00+00:00,65.23999786376953,67.04000091552734,65.20999908447266,65.54000091552734,6892
2025-02-03 17:00:00+00:00,66.58999633789062,66.62999725341797,65.20999908447266,66.33999633789062,0
2025-02-03 18:00:00+00:00,65.7300033569336,66.94000244140625,65.51000213623047,66.5999984741211,17917
2025-02-03 19:00:00+00:00,66.19999694824219,67.27999877929688,65.70999908447266,66.7699966430664,0
2025-02-04 02:00:00+00:00,68.0199966430664,68.16000366210938,66.04000091552734,67.25,954
2025-02-04 03:00:00+00:00,66.77999877929688,68.01000213623047,66.70999908447266,66.95999908447266,2042
2025-02-04 04:00:00+00:00,67.81999969482422,67.87000274658203,66.68000030517578,66.77999877929688,0
2025-02-04 05:00:00+00:00,66.58999633789062,67.83999633789062,66.58999633789062,66.75,2176
2025-02-04 06:00:00+00:00,66.69999694824219,67.75,66.58999633789062,66.58999633789062,124
2025-02-04 07:00:00+00:00,66.66000366210938,67.83000183105469,66.58000183105469,67.7300033569336,476
2025-02-04 08:00:00+00:00,66.68000030517578,67.76000213623047,66.56999969482422,66.69000244140625,227
2025-02-04 09:00:00+00:00,66.75,67.83000183105469,66.58000183105469,66.66000366210938,525
2025-02-04 10:00:00+00:00,66.58999633789062,67.79000091552734,66.54000091552734,66.7300033569336,311
2025-02-04 11:00:00+00:00,66.5999984741211,67.73999786376953,66.51000213623047,66.5999984741211,742
2025-02-04 12:00:00+00:00,66.54000091552734,67.73999786376953,66.5,66.62999725341797,497
2025-02-04 13:00:00+00:00,66.70999908447266,67.8499984741211,66.5199966430664,67.63999938964844,2067
2025-02-04 14:00:00+00:00,67.55000305175781,67.80000305175781,66.41000366210938,66.72000122070312,0
2025-02-04 15:00:00+00:00,67.81999969482422,67.8499984741211,66.48999786376953,67.55999755859375,2680
2025-02-04 16:00:00+00:00,68.0199966430664,68.18000030517578,67.77999877929688,67.80999755859375,4470
2025-02-04 17:00:00+00:00,67.95999908447266,68.05000305175781,67.80000305175781,68.04000091552734,4522
2025-02-04 18:00:00+00:00,68.0199966430664,68.0999984741211,67.88999938964844,67.97000122070312,2590
2025-02-04 19:00:00+00:00,68.04000091552734,68.08000183105469,67.88999938964844,68.0199966430664,0
2025-02-05 02:00:00+00:00,68.19000244140625,68.23999786376953,68.0199966430664,68.05000305175781,525
2025-02-05 03:00:00+00:00,68.05999755859375,68.19999694824219,68.05000305175781,68.16999816894531,64
2025-02-05 04:00:00+00:00,68.12000274658203,68.12000274658203,68.05999755859375,68.0999984741211,30
2025-02-05 05:00:00+00:00,68.18000030517578,68.19000244140625,68.13999938964844,68.13999938964844,12
2025-02-05 06:00:00+00:00,68.20999908447266,68.23999786376953,68.18000030517578,68.18000030517578,185
2025-02-05 07:00:00+00:00,68.20999908447266,68.23999786376953,68.1500015258789,68.23999786376953,155
2025-02-05 08:00:00+00:00,68.2699966430664,68.33000183105469,68.23999786376953,68.23999786376953,565
2025-02-05 09:00:00+00:00,68.26000213623047,68.37000274658203,68.26000213623047,68.27999877929688,349
2025-02-05 10:00:00+00:00,68.26000213623047,68.33999633789062,68.25,68.26000213623047,277
2025-02-05 11:00:00+00:00,68.16999816894531,68.27999877929688,68.13999938964844,68.27999877929688,400
2025-02-05 12:00:00+00:00,68.27999877929688,68.31999969482422,68.05999755859375,68.13999938964844,2127
2025-02-05 13:00:00+00:00,68.16000366210938,68.4000015258789,68.13999938964844,68.27999877929688,2693
2025-02-05 14:00:00+00:00,67.87999725341797,68.25,67.86000061035156,68.25,1642
2025-02-05 15:00:00+00:00,67.9800033569336,68.08000183105469,67.83000183105469,67.86000061035156,3855
2025-02-05 16:00:00+00:00,67.44999694824219,68.0,67.4000015258789,68.0,2452
2025-02-05 17:00:00+00:00,67.41000366210938,67.52999877929688,67.37999725341797,67.45999908447266,1608
2025-02-05 18:00:00+00:00,67.11000061035156,67.41999816894531,67.11000061035156,67.41000366210938,2274
2025-02-05 19:00:00+00:00,67.16000366210938,67.25,67.08999633789062,67.0999984741211,0
2025-02-06 02:00:00+00:00,67.05000305175781,67.23999786376953,66.93000030517578,67.23999786376953,347
2025-02-06 03:00:00+00:00,66.9800033569336,67.12999725341797,66.97000122070312,67.08999633789062,115
2025-02-06 04:00:00+00:00,67.06999969482422,67.06999969482422,66.94999694824219,66.97000122070312,44
2025-02-06 05:00:00+00:00,67.12000274658203,67.13999938964844,67.04000091552734,67.05000305175781,68
2025-02-06 06:00:00+00:00,67.0999984741211,67.22000122070312,67.05999755859375,67.12000274658203,265
2025-02-06 07:00:00+00:00,67.01000213623047,67.13999938964844,67.01000213623047,67.0999984741211,88
2025-02-06 08:00:00+00:00,67.0999984741211,67.0999984741211,67.0,67.0,83
2025-02-06 09:00:00+00:00,67.23999786376953,67.25,67.05000305175781,67.08999633789062,146
2025-02-06 10:00:00+00:00,67.30000305175781,67.38999938964844,67.2300033569336,67.25,401
2025-02-06 11:00:00+00:00,67.30000305175781,67.33000183105469,67.19999694824219,67.30999755859375,624
2025-02-06 12:00:00+00:00,67.3499984741211,67.3499984741211,67.1500015258789,67.27999877929688,617
2025-02-06 13:00:00+00:00,67.44000244140625,67.62999725341797,67.36000061035156,67.37999725341797,1910
2025-02-06 14:00:00+00:00,67.29000091552734,67.63999938964844,67.20999908447266,67.43000030517578,2067
2025-02-06 15:00:00+00:00,67.29000091552734,67.38999938964844,67.20999908447266,67.33999633789062,2632
2025-02-06 16:00:00+00:00,67.3499984741211,67.37000274658203,67.16000366210938,67.30000305175781,3436
2025-02-06 17:00:00+00:00,67.20999908447266,67.36000061035156,67.19000244140625,67.33999633789062,2073
2025-02-06 18:00:00+00:00,67.33000183105469,67.37000274658203,67.20999908447266,67.22000122070312,2215
2025-02-06 19:00:00+00:00,67.2699966430664,67.3499984741211,67.18000030517578,67.33000183105469,0
2025-02-07 02:00:00+00:00,67.58000183105469,67.66999816894531,67.2699966430664,67.30999755859375,511
2025-02-07 03:00:00+00:00,67.63999938964844,67.75,67.54000091552734,67.58999633789062,106
2025-02-07 04:00:00+00:00,67.63999938964844,67.68000030517578,67.61000061035156,67.66000366210938,88
2025-02-07 05:00:00+00:00,67.58999633789062,67.69999694824219,67.55999755859375,67.66999816894531,91
2025-02-07 06:00:00+00:00,67.68000030517578,67.72000122070312,67.58000183105469,67.58000183105469,225
2025-02-07 07:00:00+00:00,67.58000183105469,67.66000366210938,67.58000183105469,67.62000274658203,38
2025-02-07 08:00:00+00:00,67.47000122070312,67.5999984741211,67.43000030517578,67.56999969482422,115
2025-02-07 09:00:00+00:00,67.48999786376953,67.48999786376953,67.38999938964844,67.4800033569336,136
2025-02-07 10:00:00+00:00,67.5199966430664,67.56999969482422,67.44000244140625,67.47000122070312,70
2025-02-07 11:00:00+00:00,67.43000030517578,67.52999877929688,67.41000366210938,67.4800033569336,83
2025-02-07 12:00:00+00:00,67.4000015258789,67.43000030517578,67.3499984741211,67.43000030517578,209
2025-02-07 13:00:00+00:00,67.5999984741211,67.66000366210938,67.41999816894531,67.41999816894531,1862
2025-02-07 14:00:00+00:00,67.44999694824219,67.7300033569336,67.44000244140625,67.62999725341797,4630
2025-02-07 15:00:00+00:00,67.20999908447266,67.44000244140625,67.16000366210938,67.44000244140625,3781
2025-02-07 16:00:00+00:00,67.12999725341797,67.27999877929688,67.05999755859375,67.23999786376953,4783
2025-02-07 17:00:00+00:00,67.05000305175781,67.19999694824219,67.01000213623047,67.11000061035156,4010
2025-02-07 18:00:00+00:00,66.91999816894531,67.08000183105469,66.80999755859375,67.06999969482422,3654
2025-02-07 19:00:00+00:00,66.94999694824219,66.95999908447266,66.73999786376953,66.91999816894531,6067
2025-02-10 02:00:00+00:00,67.19999694824219,67.33000183105469,66.94999694824219,67.0,762
2025-02-10 03:00:00+00:00,67.26000213623047,67.2699966430664,67.0999984741211,67.20999908447266,118
2025-02-10 04:00:00+00:00,67.25,67.29000091552734,67.25,67.26000213623047,16
2025-02-10 05:00:00+00:00,67.19999694824219,67.27999877929688,67.19999694824219,67.27999877929688,147
2025-02-10 06:00:00+00:00,67.22000122070312,67.2300033569336,67.16999816894531,67.19999694824219,63
2025-02-10 07:00:00+00:00,67.41999816894531,67.44000244140625,67.22000122070312,67.2300033569336,183
2025-02-10 08:00:00+00:00,67.54000091552734,67.69999694824219,67.37999725341797,67.38999938964844,528
2025-02-10 09:00:00+00:00,67.77999877929688,67.87000274658203,67.58000183105469,67.58000183105469,917
2025-02-10 10:00:00+00:00,67.87000274658203,67.94999694824219,67.76000213623047,67.77999877929688,1728
2025-02-10 11:00:00+00:00,67.94000244140625,67.94999694824219,67.86000061035156,67.87000274658203,811
2025-02-10 12:00:00+00:00,67.97000122070312,68.0199966430664,67.87999725341797,67.94000244140625,656
2025-02-10 13:00:00+00:00,67.9000015258789,68.2300033569336,67.79000091552734,67.98999786376953,3148
2025-02-10 14:00:00+00:00,67.98999786376953,68.04000091552734,67.80999755859375,67.88999938964844,4816
2025-02-10 15:00:00+00:00,67.98999786376953,68.12000274658203,67.88999938964844,67.9800033569336,5898
2025-02-10 16:00:00+00:00,67.70999908447266,67.9800033569336,67.70999908447266,67.9800033569336,3369
2025-02-10 17:00:00+00:00,67.68000030517578,67.70999908447266,67.54000091552734,67.70999908447266,1948
2025-02-10 18:00:00+00:00,67.55000305175781,67.69999694824219,67.5,67.66999816894531,2508
2025-02-10 19:00:00+00:00,67.83000183105469,67.87999725341797,67.51000213623047,67.55000305175781,0
2025-02-11 02:00:00+00:00,68.02999877929688,68.06999969482422,67.88999938964844,67.91999816894531,1122
2025-02-11 03:00:00+00:00,68.02999877929688,68.06999969482422,67.9800033569336,68.0,188
2025-02-11 04:00:00+00:00,68.06999969482422,68.0999984741211,68.04000091552734,68.05000305175781,75
2025-02-11 05:00:00+00:00,68.12999725341797,68.1500015258789,68.05999755859375,68.06999969482422,146
2025-02-11 06:00:00+00:00,68.05000305175781,68.16999816894531,68.05000305175781,68.11000061035156,517
2025-02-11 07:00:00+00:00,68.11000061035156,68.16000366210938,68.05000305175781,68.05999755859375,227
2025-02-11 08:00:00+00:00,68.19999694824219,68.27999877929688,68.0999984741211,68.11000061035156,1126
2025-02-11 09:00:00+00:00,68.2699966430664,68.30000305175781,68.18000030517578,68.18000030517578,1355
2025-02-11 10:00:00+00:00,68.26000213623047,68.30999755859375,68.16000366210938,68.27999877929688,600
2025-02-11 11:00:00+00:00,68.12999725341797,68.23999786376953,68.05000305175781,68.23999786376953,556
2025-02-11 12:00:00+00:00,68.27999877929688,68.30000305175781,68.08999633789062,68.12999725341797,2517
2025-02-11 13:00:00+00:00,68.12999725341797,68.26000213623047,68.06999969482422,68.26000213623047,2448
2025-02-11 14:00:00+00:00,68.16999816894531,68.19000244140625,67.91999816894531,68.12999725341797,3188
2025-02-11 15:00:00+00:00,68.2699966430664,68.30000305175781,68.12999725341797,68.16000366210938,6104
2025-02-11 16:00:00+00:00,68.5199966430664,68.6500015258789,68.2699966430664,68.2699966430664,8382
2025-02-11 17:00:00+00:00,68.33999633789062,68.51000213623047,68.26000213623047,68.51000213623047,3632
2025-02-11 18:00:00+00:00,68.26000213623047,68.44999694824219,68.26000213623047,68.33999633789062,3183
2025-02-11 19:00:00+00:00,68.48999786376953,68.51000213623047,68.2699966430664,68.2699966430664,0
2025-02-12 02:00:00+00:00,68.54000091552734,68.80000305175781,68.44999694824219,68.44999694824219,951
2025-02-12 03:00:00+00:00,68.4800033569336,68.58000183105469,68.4800033569336,68.55000305175781,168
2025-02-12 04:00:00+00:00,68.56999969482422,68.58000183105469,68.4800033569336,68.4800033569336,212
2025-02-12 05:00:00+00:00,68.44999694824219,68.55000305175781,68.44000244140625,68.55000305175781,133
2025-02-12 06:00:00+00:00,68.5,68.55999755859375,68.45999908447266,68.47000122070312,199
2025-02-12 07:00:00+00:00,68.48999786376953,68.55999755859375,68.47000122070312,68.5199966430664,215
2025-02-12 08:00:00+00:00,68.5199966430664,68.55000305175781,68.44000244140625,68.4800033569336,492
2025-02-12 09:00:00+00:00,68.69000244140625,68.72000122070312,68.5199966430664,68.52999877929688,856
2025-02-12 10:00:00+00:00,68.77999877929688,68.81999969482422,68.6500015258789,68.69999694824219,1117
2025-02-12 11:00:00+00:00,68.88999938964844,68.94999694824219,68.77999877929688,68.79000091552734,1770
2025-02-12 12:00:00+00:00,68.91000366210938,68.94000244140625,68.83999633789062,68.9000015258789,1437
2025-02-12 13:00:00+00:00,68.75,68.97000122070312,68.61000061035156,68.91999816894531,3018
2025-02-12 14:00:00+00:00,68.62999725341797,68.86000061035156,68.55999755859375,68.75,4181
2025-02-12 15:00:00+00:00,68.56999969482422,68.70999908447266,68.41999816894531,68.6500015258789,6813
2025-02-12 16:00:00+00:00,68.5199966430664,68.5999984741211,68.41000366210938,68.56999969482422,3144
2025-02-12 17:00:00+00:00,68.56999969482422,68.63999938964844,68.51000213623047,68.52999877929688,3659
2025-02-12 18:00:00+00:00,68.47000122070312,68.62999725341797,68.44999694824219,68.58000183105469,3000
2025-02-12 19:00:00+00:00,68.5,68.62999725341797,68.44999694824219,68.47000122070312,0
2025-02-13 02:00:00+00:00,68.4800033569336,68.5999984741211,68.43000030517578,68.5999984741211,664
2025-02-13 03:00:00+00:00,68.54000091552734,68.5999984741211,68.4800033569336,68.5,242
2025-02-13 04:00:00+00:00,68.51000213623047,68.55000305175781,68.51000213623047,68.55000305175781,46
2025-02-13 05:00:00+00:00,68.51000213623047,68.55000305175781,68.45999908447266,68.51000213623047,174
2025-02-13 06:00:00+00:00,68.30999755859375,68.54000091552734,68.2300033569336,68.52999877929688,431
2025-02-13 07:00:00+00:00,68.30999755859375,68.4000015258789,68.2699966430664,68.30999755859375,463
2025-02-13 08:00:00+00:00,68.3499984741211,68.3499984741211,68.25,68.29000091552734,311
2025-02-13 09:00:00+00:00,68.20999908447266,68.3499984741211,68.18000030517578,68.33000183105469,575
2025-02-13 10:00:00+00:00,68.08999633789062,68.22000122070312,68.05999755859375,68.22000122070312,730
2025-02-13 11:00:00+00:00,67.98999786376953,68.13999938964844,67.94000244140625,68.0999984741211,877
2025-02-13 12:00:00+00:00,67.94999694824219,68.06999969482422,67.91999816894531,67.98999786376953,1079
2025-02-13 13:00:00+00:00,67.97000122070312,68.0199966430664,67.80999755859375,67.94999694824219,3738
2025-02-13 14:00:00+00:00,68.22000122070312,68.27999877929688,67.94999694824219,67.97000122070312,3608
2025-02-13 15:00:00+00:00,68.0999984741211,68.3499984741211,68.06999969482422,68.20999908447266,4808
2025-02-13 16:00:00+00:00,67.95999908447266,68.16999816894531,67.94000244140625,68.0999984741211,4331
2025-02-13 17:00:00+00:00,68.0999984741211,68.11000061035156,67.94999694824219,67.94999694824219,3487
2025-02-13 18:00:00+00:00,68.04000091552734,68.16000366210938,68.01000213623047,68.11000061035156,2079
2025-02-13 19:00:00+00:00,68.08999633789062,68.11000061035156,67.94000244140625,68.05000305175781,0
2025-02-14 02:00:00+00:00,68.19999694824219,68.27999877929688,68.12000274658203,68.18000030517578,490
2025-02-14 03:00:00+00:00,68.31999969482422,68.33000183105469,68.20999908447266,68.22000122070312,386
2025-02-14 04:00:00+00:00,68.37999725341797,68.41000366210938,68.27999877929688,68.33000183105469,100
2025-02-14 05:00:00+00:00,68.38999938964844,68.41999816894531,68.30999755859375,68.4000015258789,139
2025-02-14 06:00:00+00:00,68.55000305175781,68.58000183105469,68.38999938964844,68.38999938964844,241
2025-02-14 07:00:00+00:00,68.58000183105469,68.68000030517578,68.55000305175781,68.55000305175781,348
2025-02-14 08:00:00+00:00,68.45999908447266,68.6500015258789,68.44000244140625,68.58000183105469,462
2025-02-14 09:00:00+00:00,68.56999969482422,68.62000274658203,68.47000122070312,68.47000122070312,469
2025-02-14 10:00:00+00:00,68.54000091552734,68.63999938964844,68.5199966430664,68.58000183105469,501
2025-02-14 11:00:00+00:00,68.26000213623047,68.52999877929688,68.19999694824219,68.52999877929688,652
2025-02-14 12:00:00+00:00,68.11000061035156,68.3499984741211,68.0999984741211,68.26000213623047,821
2025-02-14 13:00:00+00:00,68.44000244140625,68.5,68.0999984741211,68.11000061035156,2030
2025-02-14 14:00:00+00:00,68.62000274658203,68.66000366210938,68.33000183105469,68.44999694824219,2330
2025-02-14 15:00:00+00:00,68.41000366210938,68.8499984741211,68.38999938964844,68.62999725341797,4012
2025-02-14 16:00:00+00:00,68.33999633789062,68.43000030517578,68.26000213623047,68.4000015258789,1873
2025-02-14 17:00:00+00:00,68.23999786376953,68.37000274658203,68.19000244140625,68.31999969482422,2339
2025-02-14 18:00:00+00:00,68.31999969482422,68.3499984741211,68.13999938964844,68.22000122070312,4085
2025-02-14 19:00:00+00:00,68.3499984741211,68.37999725341797,68.2699966430664,68.30999755859375,3453
2025-02-18 05:00:00+00:00,69.04000091552734,69.11000061035156,69.0,69.08000183105469,346
2025-02-18 06:00:00+00:00,69.16999816894531,69.19999694824219,68.98999786376953,69.05000305175781,680
2025-02-18 07:00:00+00:00,69.16999816894531,69.19999694824219,69.12999725341797,69.1500015258789,353
2025-02-18 08:00:00+00:00,69.2300033569336,69.25,68.98999786376953,69.1500015258789,1422
2025-02-18 09:00:00+00:00,69.0999984741211,69.25,69.08000183105469,69.2300033569336,548
2025-02-18 10:00:00+00:00,69.12000274658203,69.16000366210938,69.0,69.08000183105469,654
2025-02-18 11:00:00+00:00,69.19000244140625,69.19000244140625,69.0199966430664,69.11000061035156,725
2025-02-18 12:00:00+00:00,69.01000213623047,69.19999694824219,68.98999786376953,69.19000244140625,1377
2025-02-18 13:00:00+00:00,68.77999877929688,69.13999938964844,68.70999908447266,69.01000213623047,3712
2025-02-18 14:00:00+00:00,68.6500015258789,68.91000366210938,68.55000305175781,68.77999877929688,4475
2025-02-18 15:00:00+00:00,68.76000213623047,68.83000183105469,68.5199966430664,68.66000366210938,3962
2025-02-18 16:00:00+00:00,69.01000213623047,69.02999877929688,68.76000213623047,68.7699966430664,3193
2025-02-18 17:00:00+00:00,68.94000244140625,69.08999633789062,68.94000244140625,69.01000213623047,2723
2025-02-18 18:00:00+00:00,68.83000183105469,68.94999694824219,68.80000305175781,68.94999694824219,2487
2025-02-18 19:00:00+00:00,68.91999816894531,68.98999786376953,68.72000122070312,68.83000183105469,0
2025-02-19 02:00:00+00:00,68.7300033569336,68.94000244140625,68.69999694824219,68.81999969482422,931
2025-02-19 03:00:00+00:00,68.75,68.7699966430664,68.68000030517578,68.73999786376953,190
2025-02-19 04:00:00+00:00,68.69000244140625,68.73999786376953,68.63999938964844,68.73999786376953,533
2025-02-19 05:00:00+00:00,68.55000305175781,68.6500015258789,68.5,68.6500015258789,336
2025-02-19 06:00:00+00:00,68.58000183105469,68.58000183105469,68.44999694824219,68.52999877929688,243
2025-02-19 07:00:00+00:00,68.7300033569336,68.76000213623047,68.55000305175781,68.55999755859375,395
2025-02-19 08:00:00+00:00,68.68000030517578,68.7699966430664,68.68000030517578,68.7300033569336,154
2025-02-19 09:00:00+00:00,68.55999755859375,68.70999908447266,68.5199966430664,68.69000244140625,366
2025-02-19 10:00:00+00:00,68.52999877929688,68.62999725341797,68.5199966430664,68.55000305175781,582
2025-02-19 11:00:00+00:00,68.41000366210938,68.55999755859375,68.37999725341797,68.52999877929688,1142
2025-02-19 12:00:00+00:00,68.27999877929688,68.43000030517578,68.25,68.41000366210938,2058
2025-02-19 13:00:00+00:00,68.2699966430664,68.38999938964844,68.08999633789062,68.27999877929688,3691
2025-02-19 14:00:00+00:00,68.19000244140625,68.3499984741211,68.05999755859375,68.27999877929688,3732
2025-02-19 15:00:00+00:00,67.95999908447266,68.20999908447266,67.94000244140625,68.19000244140625,4263
2025-02-19 16:00:00+00:00,67.93000030517578,68.05999755859375,67.87000274658203,67.9800033569336,3284
2025-02-19 17:00:00+00:00,67.93000030517578,68.12000274658203,67.91999816894531,67.94000244140625,2745
2025-02-19 18:00:00+00:00,67.87000274658203,67.9800033569336,67.86000061035156,67.91999816894531,3604
2025-02-19 19:00:00+00:00,67.66000366210938,67.87000274658203,67.63999938964844,67.87000274658203,0
2025-02-20 02:00:00+00:00,67.83000183105469,67.8499984741211,67.66999816894531,67.68000030517578,880
2025-02-20 03:00:00+00:00,67.73999786376953,67.86000061035156,67.72000122070312,67.81999969482422,277
2025-02-20 04:00:00+00:00,67.69000244140625,67.7300033569336,67.68000030517578,67.7300033569336,136
2025-02-20 05:00:00+00:00,67.69999694824219,67.7300033569336,67.61000061035156,67.69000244140625,239
2025-02-20 06:00:00+00:00,67.73999786376953,67.7699966430664,67.66000366210938,67.69999694824219,339
2025-02-20 07:00:00+00:00,67.72000122070312,67.76000213623047,67.69000244140625,67.73999786376953,221
2025-02-20 08:00:00+00:00,67.8499984741211,67.87000274658203,67.72000122070312,67.72000122070312,454
2025-02-20 09:00:00+00:00,67.80000305175781,67.86000061035156,67.77999877929688,67.83999633789062,545
2025-02-20 10:00:00+00:00,67.77999877929688,67.80999755859375,67.69999694824219,67.80000305175781,626
2025-02-20 11:00:00+00:00,67.6500015258789,67.80000305175781,67.62999725341797,67.7699966430664,1201
2025-02-20 12:00:00+00:00,67.47000122070312,67.66999816894531,67.41999816894531,67.6500015258789,1906
2025-02-20 13:00:00+00:00,67.56999969482422,67.7300033569336,67.41999816894531,67.45999908447266,3265
2025-02-20 14:00:00+00:00,67.4800033569336,67.62999725341797,67.44999694824219,67.58000183105469,2475
2025-02-20 15:00:00+00:00,67.27999877929688,67.69000244140625,67.2699966430664,67.48999786376953,3698
2025-02-20 16:00:00+00:00,67.38999938964844,67.56999969482422,67.2699966430664,67.27999877929688,3086
2025-02-20 17:00:00+00:00,67.38999938964844,67.45999908447266,67.3499984741211,67.4000015258789,2112
2025-02-20 18:00:00+00:00,67.38999938964844,67.44000244140625,67.33999633789062,67.37999725341797,1990
2025-02-20 19:00:00+00:00,67.52999877929688,67.56999969482422,67.36000061035156,67.38999938964844,0
2025-02-21 02:00:00+00:00,67.68000030517578,67.75,67.44999694824219,67.69000244140625,772
2025-02-21 03:00:00+00:00,67.55000305175781,67.7300033569336,67.54000091552734,67.69000244140625,258
2025-02-21 04:00:00+00:00,67.56999969482422,67.56999969482422,67.5199966430664,67.55000305175781,24
2025-02-21 05:00:00+00:00,67.48999786376953,67.58999633789062,67.4800033569336,67.55999755859375,110
2025-02-21 06:00:00+00:00,67.33000183105469,67.47000122070312,67.31999969482422,67.47000122070312,434
2025-02-21 07:00:00+00:00,67.33000183105469,67.37000274658203,67.22000122070312,67.33000183105469,696
2025-02-21 08:00:00+00:00,67.22000122070312,67.33000183105469,67.19999694824219,67.33000183105469,490
2025-02-21 09:00:00+00:00,67.16000366210938,67.25,67.16000366210938,67.2300033569336,404
2025-02-21 10:00:00+00:00,67.13999938964844,67.18000030517578,67.11000061035156,67.16000366210938,559
2025-02-21 11:00:00+00:00,67.13999938964844,67.16999816894531,67.11000061035156,67.13999938964844,548
2025-02-21 12:00:00+00:00,67.06999969482422,67.16000366210938,67.0199966430664,67.13999938964844,1351
2025-02-21 13:00:00+00:00,67.48999786376953,67.6500015258789,67.05999755859375,67.06999969482422,3284
2025-02-21 14:00:00+00:00,67.55000305175781,67.83999633789062,67.3499984741211,67.47000122070312,2761
2025-02-21 15:00:00+00:00,67.4000015258789,67.79000091552734,67.33999633789062,67.55000305175781,3174
2025-02-21 16:00:00+00:00,67.48999786376953,67.55000305175781,67.31999969482422,67.38999938964844,2669
2025-02-21 17:00:00+00:00,67.51000213623047,67.5999984741211,67.38999938964844,67.48999786376953,1782
2025-02-21 18:00:00+00:00,67.41000366210938,67.62000274658203,67.37999725341797,67.5199966430664,1649
2025-02-21 19:00:00+00:00,67.33000183105469,67.44000244140625,67.30999755859375,67.41000366210938,1928
2025-02-24 02:00:00+00:00,67.83000183105469,67.94000244140625,67.36000061035156,67.36000061035156,1116
2025-02-24 03:00:00+00:00,67.75,67.83000183105469,67.70999908447266,67.81999969482422,279
2025-02-24 04:00:00+00:00,67.72000122070312,67.7699966430664,67.72000122070312,67.73999786376953,68
2025-02-24 05:00:00+00:00,67.73999786376953,67.80000305175781,67.70999908447266,67.73999786376953,118
2025-02-24 06:00:00+00:00,67.83999633789062,67.88999938964844,67.72000122070312,67.72000122070312,258
2025-02-24 07:00:00+00:00,67.91000366210938,67.94000244140625,67.80999755859375,67.83999633789062,237
2025-02-24 08:00:00+00:00,67.97000122070312,67.98999786376953,67.80999755859375,67.91999816894531,381
2025-02-24 09:00:00+00:00,67.77999877929688,67.97000122070312,67.77999877929688,67.95999908447266,316
2025-02-24 10:00:00+00:00,67.7300033569336,67.83999633789062,67.68000030517578,67.79000091552734,229
2025-02-24 11:00:00+00:00,67.5999984741211,67.73999786376953,67.52999877929688,67.72000122070312,311
2025-02-24 12:00:00+00:00,67.63999938964844,67.73999786376953,67.54000091552734,67.58999633789062,401
2025-02-24 13:00:00+00:00,67.75,68.01000213623047,67.6500015258789,67.6500015258789,2114
2025-02-24 14:00:00+00:00,67.81999969482422,68.0,67.69999694824219,67.73999786376953,1996
2025-02-24 15:00:00+00:00,67.91999816894531,68.06999969482422,67.75,67.80000305175781,2614
2025-02-24 16:00:00+00:00,67.87999725341797,68.19000244140625,67.87999725341797,67.91000366210938,2282
2025-02-24 17:00:00+00:00,67.94999694824219,67.9800033569336,67.87999725341797,67.9000015258789,860
2025-02-24 18:00:00+00:00,67.68000030517578,67.9800033569336,67.66999816894531,67.93000030517578,1736
2025-02-24 19:00:00+00:00,67.8499984741211,67.91999816894531,67.66999816894531,67.66999816894531,0
2025-02-25 02:00:00+00:00,67.75,67.95999908447266,67.6500015258789,67.80000305175781,288
2025-02-25 03:00:00+00:00,67.80000305175781,67.8499984741211,67.75,67.75,142
2025-02-25 04:00:00+00:00,67.79000091552734,67.83999633789062,67.77999877929688,67.79000091552734,69
2025-02-25 05:00:00+00:00,67.86000061035156,67.87000274658203,67.7699966430664,67.77999877929688,34
2025-02-25 06:00:00+00:00,67.7300033569336,67.87000274658203,67.7300033569336,67.86000061035156,149
2025-02-25 07:00:00+00:00,67.62999725341797,67.80000305175781,67.62000274658203,67.73999786376953,260
2025-02-25 08:00:00+00:00,67.58999633789062,67.66999816894531,67.51000213623047,67.62999725341797,436
2025-02-25 09:00:00+00:00,67.38999938964844,67.62999725341797,67.37000274658203,67.58000183105469,1610
2025-02-25 10:00:00+00:00,67.41000366210938,67.4800033569336,67.37000274658203,67.38999938964844,327
2025-02-25 11:00:00+00:00,67.33999633789062,67.41000366210938,67.31999969482422,67.4000015258789,505
2025-02-25 12:00:00+00:00,67.2699966430664,67.4000015258789,67.25,67.3499984741211,740
2025-02-25 13:00:00+00:00,67.43000030517578,67.4800033569336,67.1500015258789,67.2699966430664,1744
2025-02-25 14:00:00+00:00,67.4000015258789,67.62999725341797,67.33000183105469,67.43000030517578,2124
2025-02-25 15:00:00+00:00,67.3499984741211,67.44999694824219,67.26000213623047,67.4000015258789,1814
2025-02-25 16:00:00+00:00,67.3499984741211,67.4000015258789,67.20999908447266,67.36000061035156,2013
2025-02-25 17:00:00+00:00,67.38999938964844,67.4800033569336,67.33000183105469,67.3499984741211,3564
2025-02-25 18:00:00+00:00,67.41999816894531,67.4800033569336,67.33000183105469,67.4000015258789,1027
2025-02-25 19:00:00+00:00,67.3499984741211,67.44999694824219,67.30999755859375,67.41000366210938,0
2025-02-26 02:00:00+00:00,67.33999633789062,67.5,67.25,67.5,290
2025-02-26 03:00:00+00:00,67.33000183105469,67.38999938964844,67.31999969482422,67.33999633789062,202
2025-02-26 04:00:00+00:00,67.29000091552734,67.31999969482422,67.2699966430664,67.31999969482422,49
2025-02-26 05:00:00+00:00,67.31999969482422,67.3499984741211,67.27999877929688,67.29000091552734,44
2025-02-26 06:00:00+00:00,67.2699966430664,67.30999755859375,67.23999786376953,67.30999755859375,51
2025-02-26 07:00:00+00:00,67.30999755859375,67.33999633789062,67.2699966430664,67.27999877929688,50
2025-02-26 08:00:00+00:00,67.30000305175781,67.44999694824219,67.27999877929688,67.30999755859375,195
2025-02-26 09:00:00+00:00,67.36000061035156,67.38999938964844,67.27999877929688,67.29000091552734,147
2025-02-26 10:00:00+00:00,67.30000305175781,67.37000274658203,67.27999877929688,67.3499984741211,153
2025-02-26 11:00:00+00:00,67.23999786376953,67.36000061035156,67.20999908447266,67.29000091552734,359
2025-02-26 12:00:00+00:00,67.05999755859375,67.26000213623047,67.05000305175781,67.23999786376953,1370
2025-02-26 13:00:00+00:00,67.25,67.31999969482422,67.06999969482422,67.06999969482422,763
2025-02-26 14:00:00+00:00,67.19999694824219,67.41000366210938,67.11000061035156,67.26000213623047,1173
2025-02-26 15:00:00+00:00,67.0999984741211,67.23999786376953,67.05999755859375,67.19999694824219,1875
2025-02-26 16:00:00+00:00,67.04000091552734,67.11000061035156,67.01000213623047,67.0999984741211,1682
2025-02-26 17:00:00+00:00,67.05000305175781,67.23999786376953,67.0199966430664,67.04000091552734,1588
2025-02-26 18:00:00+00:00,66.83999633789062,67.06999969482422,66.80000305175781,67.05000305175781,3753
2025-02-26 19:00:00+00:00,66.88999938964844,66.91999816894531,66.80999755859375,66.8499984741211,0
2025-02-27 02:00:00+00:00,66.68000030517578,66.97000122070312,66.68000030517578,66.9000015258789,956
2025-02-27 03:00:00+00:00,66.83000183105469,66.83999633789062,66.6500015258789,66.69000244140625,354
2025-02-27 04:00:00+00:00,66.83999633789062,66.83999633789062,66.83000183105469,66.83000183105469,14
2025-02-27 05:00:00+00:00,66.83000183105469,66.9000015258789,66.76000213623047,66.8499984741211,53
2025-02-27 06:00:00+00:00,67.05000305175781,67.05999755859375,66.8499984741211,66.8499984741211,263
2025-02-27 07:00:00+00:00,66.98999786376953,67.08000183105469,66.98999786376953,67.04000091552734,238
2025-02-27 08:00:00+00:00,66.98999786376953,67.08000183105469,66.95999908447266,66.98999786376953,253
2025-02-27 09:00:00+00:00,66.86000061035156,67.05999755859375,66.86000061035156,66.97000122070312,427
2025-02-27 10:00:00+00:00,66.83000183105469,66.9000015258789,66.77999877929688,66.86000061035156,346
2025-02-27 11:00:00+00:00,66.79000091552734,66.87999725341797,66.73999786376953,66.81999969482422,3300
2025-02-27 12:00:00+00:00,67.11000061035156,67.16999816894531,66.72000122070312,66.7699966430664,738
2025-02-27 13:00:00+00:00,66.94999694824219,67.3499984741211,66.91999816894531,67.12000274658203,2053
2025-02-27 14:00:00+00:00,66.79000091552734,67.19999694824219,66.7300033569336,66.94000244140625,3406
2025-02-27 15:00:00+00:00,66.98999786376953,67.18000030517578,66.7300033569336,66.77999877929688,2108
2025-02-27 16:00:00+00:00,66.77999877929688,67.12000274658203,66.7699966430664,67.0,1701
2025-02-27 17:00:00+00:00,66.72000122070312,66.87000274658203,66.69000244140625,66.7699966430664,1431
2025-02-27 18:00:00+00:00,66.70999908447266,66.86000061035156,66.68000030517578,66.70999908447266,1234
2025-02-27 19:00:00+00:00,66.5999984741211,66.70999908447266,66.55000305175781,66.70999908447266,0
2025-02-28 02:00:00+00:00,66.08000183105469,66.66000366210938,66.05000305175781,66.5999984741211,3336
2025-02-28 03:00:00+00:00,66.16000366210938,66.19999694824219,66.05000305175781,66.08999633789062,453
2025-02-28 04:00:00+00:00,66.0199966430664,66.16999816894531,66.0199966430664,66.16000366210938,467
2025-02-28 05:00:00+00:00,65.91999816894531,66.05999755859375,65.87000274658203,66.0199966430664,1385
2025-02-28 06:00:00+00:00,65.91000366210938,65.94999694824219,65.8499984741211,65.87000274658203,577
2025-02-28 07:00:00+00:00,65.8499984741211,65.94000244140625,65.8499984741211,65.9000015258789,756
2025-02-28 08:00:00+00:00,65.9000015258789,65.93000030517578,65.80999755859375,65.8499984741211,1023
2025-02-28 09:00:00+00:00,65.83000183105469,65.91000366210938,65.81999969482422,65.91000366210938,498
2025-02-28 10:00:00+00:00,65.88999938964844,65.95999908447266,65.80000305175781,65.83000183105469,541
2025-02-28 11:00:00+00:00,65.69000244140625,65.87000274658203,65.68000030517578,65.87000274658203,1113
2025-02-28 12:00:00+00:00,65.72000122070312,65.79000091552734,65.5999984741211,65.69999694824219,1096
2025-02-28 13:00:00+00:00,65.66999816894531,65.86000061035156,65.5999984741211,65.69999694824219,1950
2025-02-28 14:00:00+00:00,65.62999725341797,65.77999877929688,65.52999877929688,65.6500015258789,3187
2025-02-28 15:00:00+00:00,65.6500015258789,66.0199966430664,65.61000061035156,65.62999725341797,5714
2025-02-28 16:00:00+00:00,65.48999786376953,65.69999694824219,65.44999694824219,65.6500015258789,3437
2025-02-28 17:00:00+00:00,65.43000030517578,65.55999755859375,65.41000366210938,65.48999786376953,3039
2025-02-28 18:00:00+00:00,65.44999694824219,65.47000122070312,65.31999969482422,65.41999816894531,3610
2025-02-28 19:00:00+00:00,65.33000183105469,65.55000305175781,65.18000030517578,65.44999694824219,4911
2025-03-03 02:00:00+00:00,66.27999877929688,66.38999938964844,65.33000183105469,65.33000183105469,1636
2025-03-03 03:00:00+00:00,66.16999816894531,66.30000305175781,66.08999633789062,66.29000091552734,310
2025-03-03 04:00:00+00:00,66.18000030517578,66.2699966430664,66.13999938964844,66.16000366210938,190
2025-03-03 05:00:00+00:00,65.95999908447266,66.2300033569336,65.87000274658203,66.16999816894531,372
2025-03-03 06:00:00+00:00,65.91999816894531,65.9800033569336,65.86000061035156,65.94999694824219,188
2025-03-03 07:00:00+00:00,66.0,66.04000091552734,65.80999755859375,65.9000015258789,327
2025-03-03 08:00:00+00:00,65.69000244140625,66.29000091552734,65.69000244140625,66.0,615
2025-03-03 09:00:00+00:00,65.76000213623047,65.86000061035156,65.66000366210938,65.68000030517578,277
2025-03-03 10:00:00+00:00,65.70999908447266,65.76000213623047,65.62999725341797,65.75,245
2025-03-03 11:00:00+00:00,65.63999938964844,65.69999694824219,65.55999755859375,65.68000030517578,374
2025-03-03 12:00:00+00:00,65.80000305175781,65.87999725341797,65.56999969482422,65.62999725341797,584
2025-03-03 13:00:00+00:00,65.86000061035156,66.22000122070312,65.79000091552734,65.80000305175781,2434
2025-03-03 14:00:00+00:00,65.9000015258789,66.31999969482422,65.80999755859375,65.83999633789062,2399
2025-03-03 15:00:00+00:00,65.33000183105469,65.94000244140625,65.26000213623047,65.91000366210938,3966
2025-03-03 16:00:00+00:00,65.95999908447266,65.98999786376953,65.33000183105469,65.33000183105469,3308
2025-03-03 17:00:00+00:00,65.80999755859375,66.04000091552734,65.77999877929688,65.95999908447266,4041
2025-03-03 18:00:00+00:00,65.55999755859375,65.83999633789062,65.45999908447266,65.81999969482422,2566
2025-03-03 19:00:00+00:00,65.44000244140625,65.62000274658203,65.43000030517578,65.55000305175781,0
2025-03-04 02:00:00+00:00,64.8499984741211,65.51000213623047,64.80000305175781,65.51000213623047,2932
2025-03-04 03:00:00+00:00,64.93000030517578,64.94999694824219,64.80999755859375,64.87000274658203,435
2025-03-04 04:00:00+00:00,64.95999908447266,64.9800033569336,64.87000274658203,64.91999816894531,225
2025-03-04 05:00:00+00:00,64.31999969482422,64.97000122070312,64.06999969482422,64.94999694824219,4451
2025-03-04 06:00:00+00:00,64.4000015258789,64.5199966430664,64.13999938964844,64.31999969482422,1850
2025-03-04 07:00:00+00:00,63.849998474121094,64.41999816894531,63.79999923706055,64.41999816894531,2000
2025-03-04 08:00:00+00:00,63.400001525878906,63.880001068115234,63.15999984741211,63.880001068115234,3757
2025-03-04 09:00:00+00:00,63.41999816894531,63.56999969482422,63.25,63.400001525878906,1445
2025-03-04 10:00:00+00:00,63.369998931884766,63.5099983215332,63.29999923706055,63.41999816894531,1021
2025-03-04 11:00:00+00:00,63.689998626708984,63.86000061035156,63.34000015258789,63.369998931884766,1792
2025-03-04 12:00:00+00:00,63.779998779296875,64.0,63.540000915527344,63.66999816894531,1592
2025-03-04 13:00:00+00:00,63.400001525878906,63.810001373291016,63.290000915527344,63.7599983215332,4761
2025-03-04 14:00:00+00:00,63.2400016784668,63.619998931884766,63.119998931884766,63.40999984741211,4323
2025-03-04 15:00:00+00:00,62.7599983215332,63.38999938964844,62.75,63.2400016784668,7217
2025-03-04 16:00:00+00:00,63.29999923706055,63.5,62.540000915527344,62.75,11076
2025-03-04 17:00:00+00:00,63.060001373291016,63.5,62.959999084472656,63.29999923706055,3027
2025-03-04 18:00:00+00:00,62.970001220703125,63.13999938964844,62.959999084472656,63.060001373291016,3624
2025-03-04 19:00:00+00:00,63.25,63.34000015258789,62.95000076293945,62.970001220703125,0
2025-03-05 02:00:00+00:00,63.31999969482422,63.5,63.279998779296875,63.31999969482422,941
2025-03-05 03:00:00+00:00,63.529998779296875,63.59000015258789,63.209999084472656,63.33000183105469,536
2025-03-05 04:00:00+00:00,63.529998779296875,63.560001373291016,63.45000076293945,63.5,108
2025-03-05 05:00:00+00:00,63.41999816894531,63.61000061035156,63.369998931884766,63.54999923706055,347
2025-03-05 06:00:00+00:00,63.290000915527344,63.4900016784668,63.25,63.41999816894531,628
2025-03-05 07:00:00+00:00,63.36000061035156,63.52000045776367,63.29999923706055,63.29999923706055,337
2025-03-05 08:00:00+00:00,63.560001373291016,63.66999816894531,63.29999923706055,63.31999969482422,627
2025-03-05 09:00:00+00:00,63.66999816894531,63.790000915527344,63.58000183105469,63.599998474121094,572
2025-03-05 10:00:00+00:00,63.56999969482422,63.63999938964844,63.5099983215332,63.63999938964844,387
2025-03-05 11:00:00+00:00,63.4900016784668,63.70000076293945,63.43000030517578,63.560001373291016,672
2025-03-05 12:00:00+00:00,63.5,63.54999923706055,63.400001525878906,63.4900016784668,478
2025-03-05 13:00:00+00:00,63.5,63.81999969482422,63.400001525878906,63.4900016784668,1855
2025-03-05 14:00:00+00:00,62.810001373291016,63.540000915527344,62.77000045776367,63.47999954223633,3864
2025-03-05 15:00:00+00:00,63.4900016784668,63.619998931884766,62.810001373291016,62.810001373291016,3662
2025-03-05 16:00:00+00:00,63.470001220703125,63.709999084472656,63.22999954223633,63.4900016784668,2584
2025-03-05 17:00:00+00:00,63.599998474121094,63.63999938964844,63.310001373291016,63.470001220703125,1672
2025-03-05 18:00:00+00:00,63.84000015258789,63.900001525878906,63.54999923706055,63.58000183105469,2218
2025-03-05 19:00:00+00:00,63.599998474121094,63.88999938964844,63.58000183105469,63.849998474121094,0
2025-03-06 02:00:00+00:00,64.37000274658203,64.41999816894531,63.84000015258789,64.23999786376953,1170
2025-03-06 03:00:00+00:00,64.41000366210938,64.4800033569336,64.30999755859375,64.37000274658203,285
2025-03-06 04:00:00+00:00,64.44999694824219,64.45999908447266,64.36000061035156,64.41999816894531,57
2025-03-06 05:00:00+00:00,64.4000015258789,64.52999877929688,64.4000015258789,64.45999908447266,143
2025-03-06 06:00:00+00:00,64.69000244140625,64.77999877929688,64.4000015258789,64.43000030517578,361
2025-03-06 07:00:00+00:00,64.58999633789062,64.70999908447266,64.58000183105469,64.70999908447266,336
2025-03-06 08:00:00+00:00,64.41000366210938,64.56999969482422,64.4000015258789,64.56999969482422,281
2025-03-06 09:00:00+00:00,64.95999908447266,65.01000213623047,64.4000015258789,64.41999816894531,1368
2025-03-06 10:00:00+00:00,64.97000122070312,65.12000274658203,64.79000091552734,64.97000122070312,695
2025-03-06 11:00:00+00:00,64.76000213623047,64.95999908447266,64.69000244140625,64.95999908447266,520
2025-03-06 12:00:00+00:00,64.44999694824219,64.83999633789062,64.2300033569336,64.7699966430664,974
2025-03-06 13:00:00+00:00,64.94000244140625,65.01000213623047,64.29000091552734,64.43000030517578,4347
2025-03-06 14:00:00+00:00,65.62000274658203,65.75,64.87000274658203,64.94000244140625,7717
2025-03-06 15:00:00+00:00,65.33999633789062,65.68000030517578,65.12999725341797,65.62000274658203,4897
2025-03-06 16:00:00+00:00,65.51000213623047,65.66999816894531,65.30999755859375,65.33000183105469,2907
2025-03-06 17:00:00+00:00,65.44000244140625,65.56999969482422,65.23999786376953,65.51000213623047,2549
2025-03-06 18:00:00+00:00,65.3499984741211,65.48999786376953,65.19999694824219,65.43000030517578,2517
2025-03-06 19:00:00+00:00,65.23999786376953,65.4800033569336,64.97000122070312,65.3499984741211,0
2025-03-07 02:00:00+00:00,65.12000274658203,65.25,65.04000091552734,65.20999908447266,549
2025-03-07 03:00:00+00:00,64.95999908447266,65.12999725341797,64.86000061035156,65.12999725341797,182
2025-03-07 04:00:00+00:00,65.05000305175781,65.05000305175781,64.95999908447266,64.95999908447266,30
2025-03-07 05:00:00+00:00,64.91999816894531,65.04000091552734,64.91999816894531,65.0199966430664,43
2025-03-07 06:00:00+00:00,64.7699966430664,64.91999816894531,64.75,64.91999816894531,366
2025-03-07 07:00:00+00:00,64.94999694824219,64.9800033569336,64.80999755859375,64.80999755859375,116
2025-03-07 08:00:00+00:00,65.22000122070312,65.33000183105469,64.87999725341797,64.93000030517578,447
2025-03-07 09:00:00+00:00,65.08000183105469,65.38999938964844,65.04000091552734,65.2300033569336,508
2025-03-07 10:00:00+00:00,65.13999938964844,65.1500015258789,64.91000366210938,65.08999633789062,228
2025-03-07 11:00:00+00:00,64.94000244140625,65.13999938964844,64.88999938964844,65.13999938964844,383
2025-03-07 12:00:00+00:00,64.9000015258789,64.91999816894531,64.7699966430664,64.91999816894531,517
2025-03-07 13:00:00+00:00,64.9000015258789,65.06999969482422,64.66000366210938,64.9000015258789,2112
2025-03-07 14:00:00+00:00,65.25,65.33999633789062,64.83999633789062,64.87999725341797,1992
2025-03-07 15:00:00+00:00,65.52999877929688,65.6500015258789,65.16000366210938,65.26000213623047,3150
2025-03-07 16:00:00+00:00,65.55999755859375,65.86000061035156,65.47000122070312,65.54000091552734,2693
2025-03-07 17:00:00+00:00,65.91000366210938,65.94999694824219,65.5999984741211,65.5999984741211,1971
2025-03-07 18:00:00+00:00,65.98999786376953,66.08999633789062,65.7300033569336,65.91999816894531,2009
2025-03-07 19:00:00+00:00,66.12999725341797,66.19999694824219,65.97000122070312,65.9800033569336,3054
2025-03-10 01:00:00+00:00,66.5,66.5999984741211,66.0,66.0,1081
2025-03-10 02:00:00+00:00,66.41999816894531,66.51000213623047,66.37999725341797,66.51000213623047,371
2025-03-10 03:00:00+00:00,66.44999694824219,66.5,66.37999725341797,66.41000366210938,186
2025-03-10 04:00:00+00:00,66.62000274658203,66.66999816894531,66.41999816894531,66.44000244140625,198
2025-03-10 05:00:00+00:00,66.58999633789062,66.6500015258789,66.5199966430664,66.5999984741211,179
2025-03-10 06:00:00+00:00,66.69999694824219,66.75,66.55999755859375,66.58999633789062,442
2025-03-10 07:00:00+00:00,66.66000366210938,66.72000122070312,66.5999984741211,66.72000122070312,589
2025-03-10 08:00:00+00:00,66.5,66.70999908447266,66.44999694824219,66.6500015258789,883
2025-03-10 09:00:00+00:00,66.69999694824219,66.75,66.43000030517578,66.48999786376953,1193
2025-03-10 10:00:00+00:00,66.91999816894531,66.94999694824219,66.66999816894531,66.69000244140625,1339
2025-03-10 11:00:00+00:00,66.8499984741211,67.06999969482422,66.72000122070312,66.91000366210938,1532
2025-03-10 12:00:00+00:00,66.6500015258789,67.0,66.56999969482422,66.86000061035156,1820
2025-03-10 13:00:00+00:00,66.68000030517578,66.72000122070312,66.37000274658203,66.66000366210938,2555
2025-03-10 14:00:00+00:00,66.44000244140625,66.7300033569336,66.37999725341797,66.66999816894531,3235
2025-03-10 15:00:00+00:00,66.58000183105469,66.69000244140625,66.44999694824219,66.44999694824219,2276
2025-03-10 16:00:00+00:00,65.66999816894531,66.56999969482422,65.66000366210938,66.56999969482422,4795
2025-03-10 17:00:00+00:00,66.08999633789062,66.12000274658203,65.62000274658203,65.68000030517578,2990
2025-03-10 18:00:00+00:00,65.95999908447266,66.20999908447266,65.83000183105469,66.08000183105469,0
2025-03-11 01:00:00+00:00,65.66999816894531,65.9000015258789,65.41999816894531,65.9000015258789,992
2025-03-11 02:00:00+00:00,65.72000122070312,65.83000183105469,65.61000061035156,65.66999816894531,386
2025-03-11 03:00:00+00:00,65.68000030517578,65.76000213623047,65.56999969482422,65.7300033569336,306
2025-03-11 04:00:00+00:00,65.73999786376953,65.80000305175781,65.63999938964844,65.66999816894531,153
2025-03-11 05:00:00+00:00,65.7300033569336,65.77999877929688,65.69999694824219,65.72000122070312,44
2025-03-11 06:00:00+00:00,65.7699966430664,65.83999633789062,65.72000122070312,65.73999786376953,153
2025-03-11 07:00:00+00:00,65.87000274658203,65.9000015258789,65.6500015258789,65.73999786376953,605
2025-03-11 08:00:00+00:00,65.86000061035156,65.9000015258789,65.69000244140625,65.86000061035156,262
2025-03-11 09:00:00+00:00,65.83000183105469,65.93000030517578,65.7699966430664,65.87000274658203,326
2025-03-11 10:00:00+00:00,66.11000061035156,66.13999938964844,65.83999633789062,65.83999633789062,570
2025-03-11 11:00:00+00:00,66.38999938964844,66.43000030517578,66.04000091552734,66.0999984741211,665
2025-03-11 12:00:00+00:00,66.37000274658203,66.43000030517578,65.7699966430664,66.4000015258789,1283
2025-03-11 13:00:00+00:00,66.61000061035156,66.69000244140625,66.2300033569336,66.37000274658203,2215
2025-03-11 14:00:00+00:00,66.3499984741211,66.7300033569336,66.30000305175781,66.61000061035156,2924
2025-03-11 15:00:00+00:00,66.16000366210938,66.47000122070312,65.94999694824219,66.33999633789062,2339
2025-03-11 16:00:00+00:00,66.33000183105469,66.33000183105469,66.04000091552734,66.12000274658203,1459
2025-03-11 17:00:00+00:00,65.98999786376953,66.33999633789062,65.94999694824219,66.33000183105469,1123
2025-03-11 18:00:00+00:00,66.02999877929688,66.1500015258789,65.91000366210938,65.98999786376953,0
2025-03-12 01:00:00+00:00,66.38999938964844,66.47000122070312,65.94999694824219,65.94999694824219,309
2025-03-12 02:00:00+00:00,66.41000366210938,66.47000122070312,66.33999633789062,66.36000061035156,67
2025-03-12 03:00:00+00:00,66.44000244140625,66.44999694824219,66.3499984741211,66.41000366210938,59
2025-03-12 04:00:00+00:00,66.45999908447266,66.4800033569336,66.41000366210938,66.43000030517578,51
2025-03-12 05:00:00+00:00,66.45999908447266,66.45999908447266,66.38999938964844,66.44000244140625,30
2025-03-12 06:00:00+00:00,66.1500015258789,66.41000366210938,66.1500015258789,66.41000366210938,174
2025-03-12 07:00:00+00:00,66.05000305175781,66.22000122070312,66.0,66.1500015258789,282
2025-03-12 08:00:00+00:00,66.26000213623047,66.27999877929688,66.02999877929688,66.04000091552734,315
2025-03-12 09:00:00+00:00,66.19999694824219,66.29000091552734,66.02999877929688,66.2699966430664,257
2025-03-12 10:00:00+00:00,66.23999786376953,66.37000274658203,65.97000122070312,66.18000030517578,635
2025-03-12 11:00:00+00:00,66.70999908447266,66.86000061035156,66.25,66.25,1929
2025-03-12 12:00:00+00:00,66.80999755859375,66.91999816894531,66.55000305175781,66.72000122070312,1491
2025-03-12 13:00:00+00:00,66.58000183105469,66.87999725341797,66.3499984741211,66.81999969482422,1841
2025-03-12 14:00:00+00:00,66.5,66.5999984741211,66.30999755859375,66.5999984741211,1675
2025-03-12 15:00:00+00:00,66.81999969482422,66.86000061035156,66.41999816894531,66.51000213623047,2640
2025-03-12 16:00:00+00:00,66.76000213623047,67.0,66.72000122070312,66.80999755859375,3030
2025-03-12 17:00:00+00:00,66.83999633789062,66.87000274658203,66.5999984741211,66.76000213623047,1586
2025-03-12 18:00:00+00:00,67.0,67.02999877929688,66.81999969482422,66.83999633789062,0
2025-03-13 01:00:00+00:00,67.30000305175781,67.33000183105469,66.94999694824219,67.0,1447
2025-03-13 02:00:00+00:00,67.19999694824219,67.30000305175781,67.08999633789062,67.2699966430664,193
2025-03-13 03:00:00+00:00,67.12000274658203,67.29000091552734,67.12000274658203,67.22000122070312,87
2025-03-13 04:00:00+00:00,67.18000030517578,67.19999694824219,67.13999938964844,67.13999938964844,40
2025-03-13 05:00:00+00:00,66.87000274658203,67.20999908447266,66.87000274658203,67.16999816894531,295
2025-03-13 06:00:00+00:00,66.86000061035156,66.94000244140625,66.72000122070312,66.9000015258789,403
2025-03-13 07:00:00+00:00,66.63999938964844,66.94999694824219,66.62999725341797,66.86000061035156,637
2025-03-13 08:00:00+00:00,66.76000213623047,66.7699966430664,66.66000366210938,66.66999816894531,203
2025-03-13 09:00:00+00:00,66.86000061035156,66.87000274658203,66.66000366210938,66.7699966430664,882
2025-03-13 10:00:00+00:00,66.93000030517578,67.08000183105469,66.7699966430664,66.83999633789062,349
2025-03-13 11:00:00+00:00,66.91999816894531,67.05999755859375,66.83000183105469,66.94000244140625,896
2025-03-13 12:00:00+00:00,66.81999969482422,66.97000122070312,66.55000305175781,66.9000015258789,2088
2025-03-13 13:00:00+00:00,66.80000305175781,67.0,66.41000366210938,66.80999755859375,3210
2025-03-13 14:00:00+00:00,66.94000244140625,67.05999755859375,66.68000030517578,66.7699966430664,1792
2025-03-13 15:00:00+00:00,66.94000244140625,67.0999984741211,66.73999786376953,66.94000244140625,2066
2025-03-13 16:00:00+00:00,66.76000213623047,66.93000030517578,66.54000091552734,66.93000030517578,1498
2025-03-13 17:00:00+00:00,66.56999969482422,66.79000091552734,66.45999908447266,66.76000213623047,2481
2025-03-13 18:00:00+00:00,66.55000305175781,66.62000274658203,66.4800033569336,66.58000183105469,0
2025-03-14 01:00:00+00:00,66.8499984741211,66.87000274658203,66.51000213623047,66.51000213623047,344
2025-03-14 02:00:00+00:00,66.91000366210938,66.91999816894531,66.81999969482422,66.88999938964844,153
2025-03-14 03:00:00+00:00,67.04000091552734,67.05000305175781,66.93000030517578,66.93000030517578,248
2025-03-14 04:00:00+00:00,67.13999938964844,67.19000244140625,67.08999633789062,67.08999633789062,869
2025-03-14 05:00:00+00:00,67.1500015258789,67.16999816894531,67.08999633789062,67.13999938964844,353
2025-03-14 06:00:00+00:00,67.19000244140625,67.2300033569336,67.1500015258789,67.1500015258789,433
2025-03-14 07:00:00+00:00,67.31999969482422,67.44999694824219,67.16000366210938,67.22000122070312,1450
2025-03-14 08:00:00+00:00,67.25,67.4000015258789,67.06999969482422,67.30999755859375,824
2025-03-14 09:00:00+00:00,67.16000366210938,67.25,67.12999725341797,67.23999786376953,499
2025-03-14 10:00:00+00:00,67.16999816894531,67.19999694824219,67.0999984741211,67.16000366210938,179
2025-03-14 11:00:00+00:00,67.04000091552734,67.16000366210938,66.86000061035156,67.16000366210938,429
2025-03-14 12:00:00+00:00,67.05000305175781,67.11000061035156,66.91000366210938,67.05999755859375,931
2025-03-14 13:00:00+00:00,66.86000061035156,67.04000091552734,66.7699966430664,67.02999877929688,1605
2025-03-14 14:00:00+00:00,67.20999908447266,67.26000213623047,66.77999877929688,66.83000183105469,3628
2025-03-14 15:00:00+00:00,67.3499984741211,67.37999725341797,67.12000274658203,67.20999908447266,2219
2025-03-14 16:00:00+00:00,67.48999786376953,67.62999725341797,67.30000305175781,67.3499984741211,3813
2025-03-14 17:00:00+00:00,67.38999938964844,67.5,67.33999633789062,67.4800033569336,2117
2025-03-14 18:00:00+00:00,67.33000183105469,67.44999694824219,67.2699966430664,67.38999938964844,2783
2025-03-17 01:00:00+00:00,67.41000366210938,67.80000305175781,67.38999938964844,67.48999786376953,1189
2025-03-17 02:00:00+00:00,67.37000274658203,67.41000366210938,67.33000183105469,67.38999938964844,253
2025-03-17 03:00:00+00:00,67.4000015258789,67.44999694824219,67.3499984741211,67.37000274658203,101
2025-03-17 04:00:00+00:00,67.37000274658203,67.41000366210938,67.3499984741211,67.4000015258789,119
2025-03-17 05:00:00+00:00,67.38999938964844,67.41999816894531,67.31999969482422,67.37999725341797,176
2025-03-17 06:00:00+00:00,67.36000061035156,67.4000015258789,67.31999969482422,67.36000061035156,131
2025-03-17 07:00:00+00:00,67.37999725341797,67.44999694824219,67.3499984741211,67.36000061035156,130
2025-03-17 08:00:00+00:00,67.48999786376953,67.58000183105469,67.33999633789062,67.37999725341797,304
2025-03-17 09:00:00+00:00,67.48999786376953,67.55000305175781,67.45999908447266,67.48999786376953,166
2025-03-17 10:00:00+00:00,67.4000015258789,67.55000305175781,67.36000061035156,67.4800033569336,434
2025-03-17 11:00:00+00:00,67.27999877929688,67.4000015258789,67.2300033569336,67.38999938964844,479
2025-03-17 12:00:00+00:00,67.16000366210938,67.33999633789062,67.12000274658203,67.2699966430664,1321
2025-03-17 13:00:00+00:00,67.2699966430664,67.3499984741211,66.95999908447266,67.16999816894531,2125
2025-03-17 14:00:00+00:00,66.94999694824219,67.26000213623047,66.80000305175781,67.26000213623047,2537
2025-03-17 15:00:00+00:00,67.05000305175781,67.22000122070312,66.94999694824219,66.94999694824219,1651
2025-03-17 16:00:00+00:00,66.98999786376953,67.08999633789062,66.83000183105469,67.08000183105469,1646
2025-03-17 17:00:00+00:00,66.9800033569336,67.08999633789062,66.94000244140625,66.9800033569336,1208
2025-03-17 18:00:00+00:00,66.95999908447266,67.02999877929688,66.88999938964844,66.9800033569336,0
2025-03-18 01:00:00+00:00,66.83000183105469,67.08000183105469,66.83000183105469,66.9000015258789,270
2025-03-18 02:00:00+00:00,66.58000183105469,66.86000061035156,66.5,66.83999633789062,540
2025-03-18 03:00:00+00:00,66.58999633789062,66.66000366210938,66.55000305175781,66.58999633789062,251
2025-03-18 04:00:00+00:00,66.55999755859375,66.56999969482422,66.51000213623047,66.56999969482422,65
2025-03-18 05:00:00+00:00,66.44000244140625,66.54000091552734,66.3499984741211,66.54000091552734,452
2025-03-18 06:00:00+00:00,66.5,66.5199966430664,66.37000274658203,66.44000244140625,250
2025-03-18 07:00:00+00:00,66.62999725341797,66.6500015258789,66.47000122070312,66.5,236
2025-03-18 08:00:00+00:00,66.73999786376953,66.7699966430664,66.62000274658203,66.62999725341797,133
2025-03-18 09:00:00+00:00,66.79000091552734,66.87000274658203,66.72000122070312,66.73999786376953,237
2025-03-18 10:00:00+00:00,66.87000274658203,66.87000274658203,66.7699966430664,66.7699966430664,190
2025-03-18 11:00:00+00:00,66.75,66.87999725341797,66.62999725341797,66.8499984741211,377
2025-03-18 12:00:00+00:00,66.51000213623047,66.75,66.5,66.72000122070312,882
2025-03-18 13:00:00+00:00,66.73999786376953,66.80999755859375,66.3499984741211,66.5,1649
2025-03-18 14:00:00+00:00,66.72000122070312,66.80000305175781,66.5999984741211,66.7300033569336,1620
2025-03-18 15:00:00+00:00,66.83000183105469,66.9800033569336,66.6500015258789,66.72000122070312,2364
2025-03-18 16:00:00+00:00,66.44999694824219,66.8499984741211,66.3499984741211,66.81999969482422,2978
2025-03-18 17:00:00+00:00,66.58999633789062,66.63999938964844,66.41999816894531,66.47000122070312,1654
2025-03-18 18:00:00+00:00,66.44999694824219,66.62999725341797,66.38999938964844,66.58999633789062,0
2025-03-19 01:00:00+00:00,66.37000274658203,66.5,66.11000061035156,66.44999694824219,939
2025-03-19 02:00:00+00:00,66.45999908447266,66.48999786376953,66.37000274658203,66.37000274658203,65
2025-03-19 03:00:00+00:00,66.44000244140625,66.45999908447266,66.41999816894531,66.41999816894531,6
2025-03-19 04:00:00+00:00,66.23999786376953,66.43000030517578,66.22000122070312,66.43000030517578,46
2025-03-19 05:00:00+00:00,66.43000030517578,66.45999908447266,66.25,66.25,166
2025-03-19 06:00:00+00:00,66.38999938964844,66.5199966430664,66.30000305175781,66.44999694824219,104
2025-03-19 07:00:00+00:00,66.25,66.41999816894531,66.20999908447266,66.37999725341797,158
2025-03-19 08:00:00+00:00,66.25,66.30000305175781,66.19999694824219,66.23999786376953,309
2025-03-19 09:00:00+00:00,66.43000030517578,66.43000030517578,66.20999908447266,66.23999786376953,247
2025-03-19 10:00:00+00:00,66.56999969482422,66.58999633789062,66.37000274658203,66.41999816894531,233
2025-03-19 11:00:00+00:00,66.30999755859375,66.61000061035156,66.30999755859375,66.55999755859375,788
2025-03-19 12:00:00+00:00,66.02999877929688,66.30000305175781,65.95999908447266,66.30000305175781,2323
2025-03-19 13:00:00+00:00,66.08999633789062,66.23999786376953,66.01000213623047,66.02999877929688,1281
2025-03-19 14:00:00+00:00,66.30000305175781,66.30999755859375,65.95999908447266,66.06999969482422,2505
2025-03-19 15:00:00+00:00,66.19999694824219,66.38999938964844,66.12999725341797,66.30000305175781,1824
2025-03-19 16:00:00+00:00,66.19999694824219,66.29000091552734,66.16000366210938,66.19000244140625,1242
2025-03-19 17:00:00+00:00,66.19999694824219,66.31999969482422,66.13999938964844,66.19000244140625,1657
2025-03-19 18:00:00+00:00,66.38999938964844,66.41000366210938,66.19999694824219,66.19999694824219,0
2025-03-20 01:00:00+00:00,66.62000274658203,66.80000305175781,66.37000274658203,66.37999725341797,516
2025-03-20 02:00:00+00:00,66.73999786376953,66.76000213623047,66.58999633789062,66.58999633789062,102
2025-03-20 03:00:00+00:00,66.6500015258789,66.77999877929688,66.62999725341797,66.76000213623047,58
2025-03-20 04:00:00+00:00,66.63999938964844,66.69000244140625,66.63999938964844,66.66000366210938,15
2025-03-20 05:00:00+00:00,66.66000366210938,66.72000122070312,66.62999725341797,66.62999725341797,59
2025-03-20 06:00:00+00:00,66.69000244140625,66.83999633789062,66.66000366210938,66.66000366210938,382
2025-03-20 07:00:00+00:00,66.7300033569336,66.7300033569336,66.61000061035156,66.69000244140625,69
2025-03-20 08:00:00+00:00,66.7699966430664,66.77999877929688,66.69999694824219,66.73999786376953,141
2025-03-20 09:00:00+00:00,66.55999755859375,66.75,66.55000305175781,66.75,203
2025-03-20 10:00:00+00:00,66.41000366210938,66.58999633789062,66.37000274658203,66.58000183105469,560
2025-03-20 11:00:00+00:00,66.44000244140625,66.51000213623047,66.37000274658203,66.38999938964844,374
2025-03-20 12:00:00+00:00,65.7699966430664,66.5,65.76000213623047,66.44999694824219,3183
2025-03-20 13:00:00+00:00,66.08000183105469,66.19999694824219,65.7699966430664,65.77999877929688,2980
2025-03-20 14:00:00+00:00,66.0199966430664,66.19000244140625,65.94999694824219,66.06999969482422,1195
2025-03-20 15:00:00+00:00,65.9000015258789,66.08000183105469,65.88999938964844,66.0,1123
2025-03-20 16:00:00+00:00,65.94000244140625,66.01000213623047,65.86000061035156,65.9000015258789,1261
2025-03-20 17:00:00+00:00,66.06999969482422,66.12000274658203,65.94000244140625,65.94000244140625,1189
2025-03-20 18:00:00+00:00,66.05999755859375,66.12999725341797,66.05000305175781,66.05999755859375,0
2025-03-21 01:00:00+00:00,66.41000366210938,66.41999816894531,66.08000183105469,66.08000183105469,301
2025-03-21 02:00:00+00:00,66.22000122070312,66.41000366210938,66.20999908447266,66.41000366210938,119
2025-03-21 03:00:00+00:00,66.08000183105469,66.20999908447266,66.08000183105469,66.20999908447266,41
2025-03-21 04:00:00+00:00,65.83999633789062,66.05000305175781,65.83999633789062,66.05000305175781,83
2025-03-21 05:00:00+00:00,65.83000183105469,65.9000015258789,65.79000091552734,65.83000183105469,141
2025-03-21 06:00:00+00:00,65.77999877929688,65.80999755859375,65.68000030517578,65.80000305175781,291
2025-03-21 07:00:00+00:00,65.55999755859375,65.79000091552734,65.55999755859375,65.7699966430664,249
2025-03-21 08:00:00+00:00,65.55000305175781,65.63999938964844,65.5,65.55999755859375,601
2025-03-21 09:00:00+00:00,65.56999969482422,65.58999633789062,65.4800033569336,65.54000091552734,348
2025-03-21 10:00:00+00:00,65.62999725341797,65.63999938964844,65.55000305175781,65.55999755859375,187
2025-03-21 11:00:00+00:00,65.76000213623047,65.80000305175781,65.56999969482422,65.62000274658203,587
2025-03-21 12:00:00+00:00,65.79000091552734,65.86000061035156,65.55999755859375,65.73999786376953,1015
2025-03-21 13:00:00+00:00,65.8499984741211,65.9000015258789,65.68000030517578,65.7699966430664,1483
2025-03-21 14:00:00+00:00,65.66000366210938,65.9000015258789,65.62000274658203,65.83000183105469,1450
2025-03-21 15:00:00+00:00,65.48999786376953,65.83000183105469,65.44999694824219,65.63999938964844,1896
2025-03-21 16:00:00+00:00,65.38999938964844,65.55999755859375,65.3499984741211,65.48999786376953,2169
2025-03-21 17:00:00+00:00,65.3499984741211,65.48999786376953,65.30999755859375,65.4000015258789,1670
2025-03-21 18:00:00+00:00,65.3499984741211,65.4000015258789,65.23999786376953,65.36000061035156,2669
2025-03-24 01:00:00+00:00,64.95999908447266,65.47000122070312,64.93000030517578,65.38999938964844,1201
2025-03-24 02:00:00+00:00,65.0,65.02999877929688,64.94999694824219,64.95999908447266,183
2025-03-24 03:00:00+00:00,64.93000030517578,65.06999969482422,64.93000030517578,65.0,100
2025-03-24 04:00:00+00:00,64.8499984741211,64.97000122070312,64.8499984741211,64.93000030517578,203
2025-03-24 05:00:00+00:00,64.9000015258789,64.91999816894531,64.83000183105469,64.8499984741211,232
2025-03-24 06:00:00+00:00,65.01000213623047,65.02999877929688,64.87000274658203,64.9000015258789,149
2025-03-24 07:00:00+00:00,65.05999755859375,65.12000274658203,64.98999786376953,65.0199966430664,208
2025-03-24 08:00:00+00:00,65.11000061035156,65.19000244140625,65.05999755859375,65.06999969482422,278
2025-03-24 09:00:00+00:00,65.1500015258789,65.19000244140625,65.08999633789062,65.12000274658203,159
2025-03-24 10:00:00+00:00,65.33999633789062,65.3499984741211,65.13999938964844,65.13999938964844,381
2025-03-24 11:00:00+00:00,65.0999984741211,65.3499984741211,65.0999984741211,65.33000183105469,636
2025-03-24 12:00:00+00:00,65.25,65.30999755859375,64.91999816894531,65.08999633789062,1408
2025-03-24 13:00:00+00:00,65.51000213623047,65.54000091552734,65.04000091552734,65.26000213623047,1647
2025-03-24 14:00:00+00:00,65.56999969482422,65.5999984741211,65.25,65.48999786376953,3282
2025-03-24 15:00:00+00:00,65.55999755859375,65.68000030517578,65.43000030517578,65.55000305175781,2055
2025-03-24 16:00:00+00:00,65.55999755859375,65.63999938964844,65.41000366210938,65.54000091552734,1237
2025-03-24 17:00:00+00:00,65.37999725341797,65.58000183105469,65.36000061035156,65.55000305175781,1163
2025-03-24 18:00:00+00:00,65.45999908447266,65.52999877929688,65.31999969482422,65.37999725341797,0
2025-03-25 01:00:00+00:00,65.7699966430664,65.83000183105469,65.44000244140625,65.44000244140625,436
2025-03-25 02:00:00+00:00,65.76000213623047,65.77999877929688,65.70999908447266,65.73999786376953,68
2025-03-25 03:00:00+00:00,65.68000030517578,65.7300033569336,65.6500015258789,65.72000122070312,38
2025-03-25 04:00:00+00:00,65.69000244140625,65.69000244140625,65.63999938964844,65.66000366210938,10
2025-03-25 05:00:00+00:00,65.69999694824219,65.73999786376953,65.63999938964844,65.6500015258789,73
2025-03-25 06:00:00+00:00,65.6500015258789,65.69999694824219,65.62999725341797,65.69000244140625,51
2025-03-25 07:00:00+00:00,65.75,65.87000274658203,65.66000366210938,65.66999816894531,361
2025-03-25 08:00:00+00:00,65.58000183105469,65.76000213623047,65.58000183105469,65.76000213623047,426
2025-03-25 09:00:00+00:00,65.51000213623047,65.62000274658203,65.41999816894531,65.58000183105469,364
2025-03-25 10:00:00+00:00,65.5199966430664,65.56999969482422,65.4800033569336,65.5,209
2025-03-25 11:00:00+00:00,65.5,65.56999969482422,65.27999877929688,65.51000213623047,642
2025-03-25 12:00:00+00:00,65.31999969482422,65.7300033569336,65.29000091552734,65.48999786376953,1501
2025-03-25 13:00:00+00:00,65.12999725341797,65.3499984741211,65.06999969482422,65.33000183105469,2339
2025-03-25 14:00:00+00:00,65.08000183105469,65.23999786376953,65.05000305175781,65.11000061035156,2518
2025-03-25 15:00:00+00:00,65.05999755859375,65.0999984741211,64.87000274658203,65.08000183105469,3550
2025-03-25 16:00:00+00:00,65.05000305175781,65.22000122070312,64.95999908447266,65.05000305175781,1869
2025-03-25 17:00:00+00:00,65.11000061035156,65.16999816894531,64.94999694824219,65.05000305175781,2058
2025-03-25 18:00:00+00:00,65.12999725341797,65.23999786376953,65.08000183105469,65.12999725341797,0
2025-03-26 01:00:00+00:00,65.20999908447266,65.26000213623047,65.0199966430664,65.19000244140625,329
2025-03-26 02:00:00+00:00,65.13999938964844,65.27999877929688,65.0999984741211,65.19999694824219,115
2025-03-26 03:00:00+00:00,65.25,65.33000183105469,65.1500015258789,65.1500015258789,87
2025-03-26 04:00:00+00:00,65.22000122070312,65.25,65.22000122070312,65.23999786376953,10
2025-03-26 05:00:00+00:00,65.2699966430664,65.30000305175781,65.20999908447266,65.20999908447266,39
2025-03-26 06:00:00+00:00,65.2699966430664,65.29000091552734,65.22000122070312,65.26000213623047,89
2025-03-26 07:00:00+00:00,65.19000244140625,65.26000213623047,65.1500015258789,65.26000213623047,114
2025-03-26 08:00:00+00:00,65.33000183105469,65.37999725341797,65.18000030517578,65.18000030517578,222
2025-03-26 09:00:00+00:00,65.37999725341797,65.41999816894531,65.31999969482422,65.31999969482422,244
2025-03-26 10:00:00+00:00,65.44999694824219,65.4800033569336,65.30999755859375,65.37000274658203,209
2025-03-26 11:00:00+00:00,65.61000061035156,65.73999786376953,65.43000030517578,65.45999908447266,990
2025-03-26 12:00:00+00:00,65.80000305175781,65.81999969482422,65.55000305175781,65.61000061035156,2335
2025-03-26 13:00:00+00:00,65.88999938964844,65.98999786376953,65.6500015258789,65.80000305175781,2652
2025-03-26 14:00:00+00:00,65.9000015258789,65.98999786376953,65.80000305175781,65.87000274658203,3099
2025-03-26 15:00:00+00:00,65.87000274658203,65.91999816894531,65.68000030517578,65.9000015258789,1845
2025-03-26 16:00:00+00:00,65.68000030517578,65.88999938964844,65.66999816894531,65.87999725341797,1233
2025-03-26 17:00:00+00:00,65.58999633789062,65.72000122070312,65.55000305175781,65.66999816894531,1443
2025-03-26 18:00:00+00:00,65.73999786376953,65.77999877929688,65.58999633789062,65.5999984741211,0
2025-03-27 01:00:00+00:00,65.69999694824219,65.73999786376953,65.45999908447266,65.68000030517578,367
2025-03-27 02:00:00+00:00,65.93000030517578,65.97000122070312,65.69999694824219,65.76000213623047,167
2025-03-27 03:00:00+00:00,66.1500015258789,66.18000030517578,65.91000366210938,65.93000030517578,295
2025-03-27 04:00:00+00:00,66.16000366210938,66.18000030517578,66.0999984741211,66.13999938964844,78
2025-03-27 05:00:00+00:00,66.0199966430664,66.19999694824219,66.0199966430664,66.16000366210938,294
2025-03-27 06:00:00+00:00,65.94999694824219,66.12999725341797,65.94999694824219,66.02999877929688,88
2025-03-27 07:00:00+00:00,65.76000213623047,65.97000122070312,65.75,65.94000244140625,186
2025-03-27 08:00:00+00:00,65.66000366210938,65.7699966430664,65.62999725341797,65.76000213623047,271
2025-03-27 09:00:00+00:00,65.69000244140625,65.69999694824219,65.5999984741211,65.66000366210938,347
2025-03-27 10:00:00+00:00,65.58000183105469,65.86000061035156,65.56999969482422,65.6500015258789,521
2025-03-27 11:00:00+00:00,65.63999938964844,65.69000244140625,65.54000091552734,65.58000183105469,288
2025-03-27 12:00:00+00:00,65.69000244140625,65.93000030517578,65.5999984741211,65.62999725341797,1665
2025-03-27 13:00:00+00:00,66.0,66.2300033569336,65.63999938964844,65.69999694824219,2670
2025-03-27 14:00:00+00:00,66.26000213623047,66.36000061035156,65.97000122070312,65.9800033569336,3255
2025-03-27 15:00:00+00:00,66.55000305175781,66.56999969482422,66.2300033569336,66.26000213623047,3583
2025-03-27 16:00:00+00:00,66.69999694824219,66.94999694824219,66.55000305175781,66.55999755859375,4972
2025-03-27 17:00:00+00:00,66.91000366210938,66.93000030517578,66.63999938964844,66.70999908447266,4061
2025-03-27 18:00:00+00:00,67.0,67.08999633789062,66.88999938964844,66.91000366210938,0
2025-03-28 01:00:00+00:00,66.62000274658203,67.0,66.62000274658203,67.0,969
2025-03-28 02:00:00+00:00,66.5999984741211,66.66000366210938,66.56999969482422,66.66000366210938,244
2025-03-28 03:00:00+00:00,66.63999938964844,66.66000366210938,66.58000183105469,66.62999725341797,84
2025-03-28 04:00:00+00:00,66.7300033569336,66.73999786376953,66.62000274658203,66.62999725341797,53
2025-03-28 05:00:00+00:00,66.76000213623047,66.79000091552734,66.61000061035156,66.7300033569336,273
2025-03-28 06:00:00+00:00,66.68000030517578,66.77999877929688,66.66000366210938,66.75,166
2025-03-28 07:00:00+00:00,66.80000305175781,66.83999633789062,66.68000030517578,66.69999694824219,68
2025-03-28 08:00:00+00:00,66.66999816894531,66.86000061035156,66.66000366210938,66.83999633789062,292
2025-03-28 09:00:00+00:00,66.55999755859375,66.69999694824219,66.5,66.68000030517578,1219
2025-03-28 10:00:00+00:00,66.62000274658203,66.6500015258789,66.54000091552734,66.55999755859375,382
2025-03-28 11:00:00+00:00,66.93000030517578,66.93000030517578,66.58999633789062,66.61000061035156,744
2025-03-28 12:00:00+00:00,67.0,67.06999969482422,66.70999908447266,66.91000366210938,3258
2025-03-28 13:00:00+00:00,67.0,67.0999984741211,66.79000091552734,66.9800033569336,3565
2025-03-28 14:00:00+00:00,66.7699966430664,67.02999877929688,66.63999938964844,67.0,3135
2025-03-28 15:00:00+00:00,66.6500015258789,66.93000030517578,66.61000061035156,66.79000091552734,2184
2025-03-28 16:00:00+00:00,66.80000305175781,66.86000061035156,66.66000366210938,66.66999816894531,1856
2025-03-28 17:00:00+00:00,66.83000183105469,66.83000183105469,66.69999694824219,66.80000305175781,2019
2025-03-28 18:00:00+00:00,66.88999938964844,66.95999908447266,66.76000213623047,66.83000183105469,2938
2025-03-31 01:00:00+00:00,66.33000183105469,66.80999755859375,66.30999755859375,66.80000305175781,756
2025-03-31 02:00:00+00:00,66.19999694824219,66.37999725341797,66.19999694824219,66.30000305175781,322
2025-03-31 03:00:00+00:00,66.23999786376953,66.27999877929688,66.19999694824219,66.20999908447266,60
2025-03-31 04:00:00+00:00,66.37000274658203,66.37000274658203,66.2300033569336,66.26000213623047,50
2025-03-31 05:00:00+00:00,66.44999694824219,66.44999694824219,66.3499984741211,66.37000274658203,122
2025-03-31 06:00:00+00:00,66.56999969482422,66.58999633789062,66.37999725341797,66.44000244140625,415
2025-03-31 07:00:00+00:00,66.69999694824219,66.7300033569336,66.5199966430664,66.5999984741211,229
2025-03-31 08:00:00+00:00,66.63999938964844,66.73999786376953,66.61000061035156,66.7300033569336,161
2025-03-31 09:00:00+00:00,66.55000305175781,66.63999938964844,66.52999877929688,66.62999725341797,173
2025-03-31 10:00:00+00:00,66.52999877929688,66.61000061035156,66.44000244140625,66.52999877929688,535
2025-03-31 11:00:00+00:00,66.51000213623047,66.61000061035156,66.45999908447266,66.54000091552734,327
2025-03-31 12:00:00+00:00,66.5199966430664,66.79000091552734,66.36000061035156,66.5199966430664,1885
2025-03-31 13:00:00+00:00,66.4800033569336,66.62000274658203,66.29000091552734,66.5199966430664,2330
2025-03-31 14:00:00+00:00,66.04000091552734,66.54000091552734,66.0199966430664,66.48999786376953,4202
2025-03-31 15:00:00+00:00,66.37000274658203,66.37000274658203,65.98999786376953,66.02999877929688,3301
2025-03-31 16:00:00+00:00,66.26000213623047,66.55999755859375,66.19999694824219,66.37000274658203,1711
2025-03-31 17:00:00+00:00,66.61000061035156,66.61000061035156,66.18000030517578,66.26000213623047,5185
2025-03-31 18:00:00+00:00,66.9000015258789,66.97000122070312,66.58000183105469,66.5999984741211,5258
