Price,Close,High,Low,Open,Volume
Ticker,STAG,STAG,STAG,STAG,STAG
Date,,,,,
2011-04-11,5.762964248657227,5.894689020146741,5.645352733378507,5.645352733378507,5296500
2011-04-18,5.7112135887146,5.880573957166199,5.668873384438653,5.692395769997756,1563400
2011-04-25,5.974663734436035,6.012299376176401,4.949091824032712,5.67357860051311,1726400
2011-05-02,6.064052581787109,6.106392369218795,5.885282945349626,6.0264169160794845,1042400
2011-05-09,5.998185157775879,6.073456429147935,5.908800635184604,6.012298408995098,454600
2011-05-16,5.974663734436035,6.087570659657132,5.885279197465727,5.998186122686824,598000
2011-05-23,5.974663734436035,6.012299376176401,5.753554002722208,5.824121167474573,449800
2011-05-30,5.758263111114502,6.045235666508909,5.66417393256412,6.017008688617498,787100
2011-06-06,5.7770795822143555,5.861760047233532,5.664172594623779,5.758261750949259,270500
2011-06-13,5.7159223556518555,5.786489569721324,5.447768108684513,5.786489569721324,702400
2011-06-20,5.758263111114502,5.974668446106677,5.673583074745455,5.701809603984273,2048500
2011-06-27,5.810007572174072,5.833529510388793,5.645351312757753,5.758258231336376,414800
2011-07-04,6.081556797027588,6.124620608047388,5.880592649815048,5.909302009268178,319400
2011-07-11,6.038492202758789,6.129404782301662,5.942795110860815,6.014567815704363,248400
2011-07-18,5.94279670715332,6.0624182182372115,5.885378436591434,6.038493824756463,210800
2011-07-25,5.880594253540039,6.05284908827589,5.7992515786125765,5.918873105703561,208900
2011-08-01,5.244205951690674,5.981074285399046,4.583895295824249,5.981074285399046,385600
2011-08-08,4.775287628173828,5.244203906568533,4.569539063290868,4.947542792462305,521900
2011-08-15,4.894911289215088,5.119799824499469,4.784859734358342,4.794429672860555,347700
2011-08-22,5.0480265617370605,5.143723654747486,4.789644182449046,4.976253399739441,353800
2011-08-29,4.899693012237549,5.473875708679226,4.861414196229402,5.091087548597762,283500
2011-09-05,5.009746551513672,5.3590409732952695,4.784858093356425,4.789643060966491,235200
2011-09-12,5.665272235870361,5.665272235870361,4.832707010642562,4.947543499021643,478100
2011-09-19,5.004961967468262,5.650918042103287,4.794428396006579,5.612638754608773,232300
2011-09-26,4.880557060241699,5.39732189860142,4.722656718316218,5.033672889017775,216000
2011-10-03,4.935545921325684,5.5040893859869495,4.803212754339283,4.969854901033465,277900
2011-10-10,5.2982330322265625,5.464874560134879,4.925739215311034,5.0384673489623655,196800
2011-10-17,5.244320392608643,5.342344981108054,5.0727774795892,5.244320392608643,169600
2011-10-24,5.366855144500732,5.5236950674735885,5.126694611328433,5.268830484779227,453900
2011-10-31,5.185505390167236,5.4158635126278085,5.097283031050829,5.33744384559904,209500
2011-11-07,5.170804500579834,5.2737304837780075,5.023767314951254,5.205113005839783,276200
2011-11-14,5.131595611572266,5.244323845717623,5.053175889137511,5.136496493660626,334300
2011-11-21,4.994360446929932,5.126694074254491,4.911039845459178,5.067879284583042,271800
2011-11-28,5.249222755432129,5.263926329699951,5.058074420277656,5.126691879224486,773400
2011-12-05,5.4011616706848145,5.455075092168846,5.102186010170749,5.26882808965369,442200
2011-12-12,5.4648756980896,5.631517728115896,5.273727872109633,5.381554683076451,430600
2011-12-19,5.749146938323975,5.754048284232091,5.3276410060054955,5.489381681628753,383500
2011-12-26,5.621719837188721,5.856979025123375,5.3815588318990235,5.7197444988281605,296200
2012-01-02,5.8186469078063965,6.134387504379201,5.778552909316977,5.808623647163124,213400
2012-01-09,5.783568382263184,6.084274036256699,5.733450613944777,5.843709417470194,278600
2012-01-16,5.858745098114014,6.114344879829361,5.8386980845260545,5.858745098114013,390600
2012-01-23,6.149426460266113,6.159449726366439,5.833685691791867,5.878791106180968,181600
2012-01-30,6.284745693206787,6.309804583504743,5.984039965548469,6.114345812730979,219600
2012-02-06,6.0141096115112305,6.319826678031328,6.0141096115112305,6.2797326521912655,194400
2012-02-13,6.10933256149292,6.209568100082742,5.943944591961571,6.049191525114108,184400
2012-02-20,6.23964262008667,6.264701521765491,6.089289687972539,6.149431243185227,209200
2012-02-27,6.405030727386475,6.420066355228581,6.129383763745559,6.219595618963007,601000
2012-03-05,6.640579700469971,6.735802897193832,6.359921027355909,6.359921027355909,686300
2012-03-12,6.775896072387695,6.841048496428205,6.400014276365081,6.675660544414929,790100
2012-03-19,7.001428127288818,7.051545435312928,6.720769386111014,6.740816404912383,472200
2012-03-26,6.996413707733154,7.101660637640111,6.725778813395046,7.086625498498677,687800
2012-04-02,7.0998148918151855,7.227509407762336,7.002767274026357,7.145784995494707,269600
2012-04-09,6.7524895668029785,6.997662928039942,6.578824859035378,6.997662928039942,348500
2012-04-16,7.074276447296143,7.273479582361835,6.737162512731267,6.752486205517801,237300
2012-04-23,7.1968674659729,7.324562061218363,6.951693589801175,6.956801490518886,447200
2012-04-30,6.85464334487915,7.222403777862931,6.829104337970436,7.166217865240552,278500
2012-05-07,7.344990253448486,7.533978120735036,6.7524876452817875,6.839319974456152,1007200
2012-05-14,6.977233409881592,7.442041712171126,6.926155858170246,7.258161649200976,630700
2012-05-21,6.926152229309082,7.094708987164488,6.303002722837451,7.033415664954888,3763100
2012-05-28,6.869972229003906,7.22751715972181,6.803570951037997,6.98745156297942,758500
2012-06-04,7.0998148918151855,7.171323996107321,6.875072758079207,6.921042861758728,822900
2012-06-11,7.283694744110107,7.314341152786092,7.05384473057669,7.176431339512394,1042600
2012-06-18,7.477792739868164,7.697427026302607,7.217295750836119,7.217295750836119,3385800
2012-06-25,7.447148323059082,7.4880105521941935,7.069172460001194,7.390962879777351,894200
2012-07-02,7.775514125823975,7.926444437953125,7.5204940288366595,7.624583813694825,753400
2012-07-09,7.681831359863281,7.837966240446994,7.541309818436209,7.7755118911422265,1138900
2012-07-16,7.593355655670166,7.900420833781549,7.504879231592677,7.6870366920673066,1001300
2012-07-23,7.530904769897461,7.681835112377509,7.307111315194879,7.48926884758154,935700
2012-07-30,7.61417293548584,7.655808837683975,7.374766249677008,7.54130985846955,707300
2012-08-06,7.468447685241699,8.348007283925636,7.411197944341612,7.645400031068052,2903800
2012-08-13,7.879610538482666,7.905632632691676,7.463250578723305,7.478863934516638,1673200
2012-08-20,8.014922142028809,8.233510972842259,7.827560499762702,7.884809766370292,988200
2012-08-27,8.009714126586914,8.197075677680397,7.921237714485778,8.020122853478123,1972600
2012-09-03,8.301170349121094,8.37403346590825,7.9420603725644385,8.040945570174731,1468600
2012-09-10,8.379233360290527,8.587412867637,8.103394892632585,8.295961061012843,1409400
2012-09-17,8.561391830444336,8.561391830444336,8.31157589526475,8.379234367368822,2194300
2012-09-24,8.462507247924805,8.56659653090081,8.212691281229048,8.50934777270146,2038600
2012-10-01,9.008376121520996,9.124817749480506,8.47380140354914,8.643171411317475,1425900
2012-10-08,8.886637687683105,9.108934969004611,8.812537584384833,8.997786328343858,1326000
2012-10-15,8.976612091064453,9.267717467804882,8.80194926882986,8.913098888174142,793100
2012-10-22,9.119526863098145,9.220090706416537,8.83371516304206,9.013671089180193,824100
2012-10-29,9.103647232055664,9.315359747086632,8.99779046977773,9.093061353922891,548800
2012-11-05,9.040125846862793,9.40003734347598,8.87604890323882,9.183032060434048,1295000
2012-11-12,8.801950454711914,9.410624956482762,8.600823939096049,9.040127521450446,1764800
2012-11-19,9.680561065673828,9.77053796961869,8.976615560014913,9.029543922560075,1816500
2012-11-26,9.976960182189941,10.093401792005746,9.542949352529085,9.622341405109166,9266800
2012-12-03,9.532360076904297,10.088105256301073,9.46355291555461,10.05634864849895,3109000
2012-12-10,9.378870010375977,9.664682571801874,9.33652752085265,9.601168332754591,2672700
2012-12-17,9.521777153015137,9.759954309096887,9.320650561954183,9.43179922844255,2669900
2012-12-24,9.415923118591309,9.54295062151604,8.960740475967375,9.474143426478776,879500
2012-12-31,9.738296508789062,9.910275083104189,9.544820100147966,9.571691367982268,1305800
2013-01-07,10.039261817932129,10.184369164943252,9.722175848570096,9.732924768735389,2232900
2013-01-14,10.727176666259766,10.737925586784712,10.039262153838976,10.060758969815385,6196500
2013-01-21,10.576695442199707,10.840037833739274,10.539075246990262,10.743299603158732,1604300
2013-01-28,10.92065143585205,10.92065143585205,10.399341172404634,10.56057085489298,3369900
2013-02-04,10.850785255432129,11.162496719217643,10.737923660315438,10.920651176162805,1909900
2013-02-11,11.060389518737793,11.119507575214836,10.818543855944261,10.88841083633964,1182100
2013-02-18,11.216241836547852,11.334476882222583,10.947524984954283,11.108754685881047,1920900
2013-02-25,11.447340965270996,11.581699432117247,10.974399613004648,11.275362291719597,1584300
2013-03-04,11.608569145202637,11.925655138074761,11.474210708394905,11.484959629357169,1567500
2013-03-11,11.85578441619873,11.909527978888889,11.522576172651512,11.624687814182293,1401100
2013-03-18,11.53870677947998,11.828921610602267,11.45809189030399,11.796675859946657,1383400
2013-03-25,11.431214332580566,11.640813134494069,11.259235723310683,11.613941861198162,1346600
2013-04-01,11.642257690429688,11.9965396586588,11.456940776660717,11.642257690429688,1330500
2013-04-08,12.072846412658691,12.160054250903494,11.5168956641485,11.664059281036392,1326300
2013-04-15,12.230923652648926,12.247274489124882,11.533259200727963,12.056507799568806,2389200
2013-04-22,11.898432731628418,12.38352654316905,11.887531490119736,12.236363941200286,1064000
2013-04-29,12.078299522399902,12.176408620550024,11.658611064579773,11.969289182322065,1159000
2013-05-06,12.53614616394043,12.639705923339257,11.98019508455732,12.176413357186664,1318500
2013-05-13,12.857731819152832,13.179311458244193,12.503449465462511,12.590657397460111,1844000
2013-05-20,12.563392639160156,13.271957730230106,12.329022188621211,12.85771991689681,1458200
2013-05-27,11.991100311279297,12.939487211146611,11.991100311279297,12.721467413407067,2201300
2013-06-03,11.794878959655762,12.143711586504823,11.315235527188486,12.040151819190248,1635400
2013-06-10,11.538702964782715,11.843930526174264,11.015454677083046,11.822129077303373,1542100
2013-06-17,10.81379222869873,11.773080366360757,10.770188269695929,11.64771911417775,2343100
2013-06-24,10.873748779296875,11.031812751256139,10.519465419483836,10.704782517367425,3079200
2013-07-01,10.986628532409668,11.324252160941239,10.765235729515812,11.124999166178847,959300
2013-07-08,11.180344581604004,11.230158080629987,10.637931042841497,10.997695437070018,1483900
2013-07-15,11.650808334350586,12.17661722782587,11.196952770222925,11.241231336096739,2509800
2013-07-22,12.099133491516113,12.231969227454606,11.291048111617872,11.722765045181418,3485600
2013-07-29,11.29658317565918,12.110202462068752,11.169282392775262,12.10466856340823,1000600
2013-08-05,11.534579277038574,12.353733400114999,11.2689078407464,11.2689078407464,1524500
2013-08-12,10.709896087646484,11.523515704419975,10.433154592129444,11.523515704419975,1632100
2013-08-19,11.158209800720215,11.208023322162349,10.383334325386599,10.732027919797206,1524100
2013-08-26,11.069655418395996,11.302118224409696,10.986633213894947,11.219096019908648,1762000
2013-09-02,10.947887420654297,11.296581032775153,10.870399130206241,11.202488938125969,1004300
2013-09-09,11.185883522033691,11.50136951006507,10.909142205142,10.953421829301643,1210400
2013-09-16,11.650808334350586,12.076990190688718,11.302114760054838,11.351928278623415,2162700
2013-09-23,11.263371467590332,11.750435706071007,11.180349286173485,11.661878571801793,883400
2013-09-30,10.994327545166016,11.494069365539866,10.898871134095453,11.331232588414561,1622900
2013-10-07,11.494067192077637,11.533373647667155,10.887638657299055,10.955020081603967,1204800
2013-10-14,11.707446098327637,11.791672113511485,11.426692000386888,11.471612613217731,1207400
2013-10-21,12.313874244689941,12.325104665041554,11.567068427177105,11.72990523830814,953400
2013-10-28,12.038734436035156,12.38125366219435,11.516531711195764,12.285797238610895,1229600
2013-11-04,12.128340721130371,12.664244578724022,11.851927503577024,12.365266489883568,1774500
2013-11-11,12.54578685760498,12.579633103964245,11.880137915473723,12.14526989382082,1088300
2013-11-18,12.30320930480957,12.551417411058827,12.015513765374449,12.551417411058827,742400
2013-11-25,12.229877471923828,12.382187087667917,12.032439200694679,12.297569917175412,622300
2013-12-02,11.9864501953125,12.303821629307183,11.850433866457635,12.25281645182809,1025500
2013-12-09,10.988992691040039,11.986446546646475,10.926652568225574,11.95811022545457,1816100
2013-12-16,11.181681632995605,11.385706585151231,10.954987842245613,11.04566535854561,1603900
2013-12-23,11.470725059509277,11.64074633836158,11.147686034940573,11.261033554175443,923700
2013-12-30,11.624408721923828,11.806662875345552,11.425067834248651,11.459241302755556,1048500
2014-01-06,11.504800796508789,11.886395703453031,11.368109143177065,11.669968157611189,1121200
2014-01-13,12.216730117797852,12.473024494326236,11.248504020726342,11.504799483574665,1561100
2014-01-20,12.455941200256348,12.769190303782771,12.17686338311881,12.25660036786674,1197000
2014-01-27,12.222431182861328,12.507203589764757,11.988917896106159,12.444554398943957,1297000
2014-02-03,12.842268943786621,12.928112767172788,11.754911300580465,12.304312643502694,1479100
2014-02-10,13.265771865844727,13.729329587379718,12.664862657163745,12.842274539909015,1136200
2014-02-17,13.202823638916016,13.551923360833639,13.116979749208284,13.42601797046897,1104000
2014-02-24,13.340171813964844,13.437461830185644,13.07691711805215,13.242881797744046,940600
2014-03-03,13.361178398132324,14.2063127898835,13.102464325511013,13.36692774595626,1104600
2014-03-10,13.246199607849121,13.619898581371089,13.194456554960931,13.338187013744486,1848300
2014-03-17,13.010478973388672,13.447419643487343,12.878247231491718,13.355432249421963,3933000
2014-03-24,13.585403442382812,13.746381962371046,13.016230916941614,13.079472674182787,2091600
2014-03-31,13.778995513916016,14.547061838872592,13.640397203564618,13.767445379349702,2251800
2014-04-07,13.478691101074219,13.865611581238008,13.4671409729545,13.761662631122237,1285900
2014-04-14,14.165913581848145,14.17746261279032,13.444046827602582,13.617294408029016,882500
2014-04-21,13.68659496307373,14.431560927603051,13.599970065923602,14.229438003388289,3543100
2014-04-28,13.5364408493042,13.802087191276373,13.311217753413814,13.744337651266509,1710500
2014-05-05,13.834511756896973,13.904118742533111,13.474871976499958,13.561881261736676,2641400
2014-05-12,13.683686256408691,14.037525040396696,13.585075502168543,13.822901243621422,2035100
2014-05-19,13.817100524902344,13.892509334705274,13.498066316487286,13.60827749022638,1441000
2014-05-26,13.8925199508667,13.921522680564587,13.677895989399378,13.898319611699701,1150300
2014-06-02,14.571556091308594,14.571556091308594,13.866574197605859,13.983100479445362,2019700
2014-06-09,13.965620994567871,14.589035148409799,13.837442975486233,14.542423747350695,1232000
2014-06-16,14.2860689163208,14.30937350754256,13.697613263550323,13.936491157777926,1564500
2014-06-23,14.053024291992188,14.303554048208179,13.819971598608085,14.251117303324516,2161600
2014-06-30,13.98573112487793,14.231505527941982,13.909658600277059,14.07350745822867,1115600
2014-07-07,13.962319374084473,14.073502166996784,13.704841259074918,13.956467471909686,1429900
2014-07-14,14.014988899230957,14.14372743101726,13.833583234637288,14.020839686739725,785400
2014-07-21,14.050087928771973,14.313416684649798,14.044236029823274,14.13201228178255,1560400
2014-07-28,13.242549896240234,14.04424256721887,13.143069800076988,14.038390665546194,1441600
2014-08-04,13.345166206359863,13.498017338413566,13.204070956082436,13.351044147248002,1591100
2014-08-11,13.40395450592041,13.539170693187707,13.186434812228441,13.34516612685758,1839000
2014-08-18,13.756685256958008,14.021237349354061,13.43922386739878,13.492134285877992,1590900
2014-08-25,13.774328231811523,13.950695620063419,13.67438641278438,13.791964297846807,2257400
2014-09-01,13.950749397277832,14.02753117751803,13.838528832425695,13.879872954596788,1107000
2014-09-08,13.135677337646484,14.009813877518557,13.070707349364437,13.950751480763612,1316600
2014-09-15,12.775392532348633,13.324681455825575,12.639547199554572,13.088428458239566,3272400
2014-09-22,12.4446382522583,12.775392446660247,12.14932172562078,12.775392446660247,2633800
2014-09-29,12.37436580657959,12.611877398035661,12.26154737593373,12.427806056225283,3043600
2014-10-06,12.570306777954102,12.766253885310595,12.332795304271086,12.398110251693888,2025200
2014-10-13,13.27097225189209,13.466919444548987,12.528747865684977,12.57031225010545,5445600
2014-10-20,14.019124984741211,14.072565194616606,13.211585042218568,13.211585042218568,3202200
2014-10-27,14.48820972442627,14.571339568044989,13.924120262420212,13.983497266020194,3552000
2014-11-03,14.704217910766602,15.06809547827647,14.453679462898949,14.537193037369244,2623200
2014-11-10,14.15542221069336,14.75194233221711,14.101735308734474,14.686325892534347,1707000
2014-11-17,14.024189949035645,14.286659153936824,13.869094561492766,14.125598427899375,1334100
2014-11-24,14.221040725708008,14.459648562494,13.952606198216323,14.048049332930718,1062400
2014-12-01,14.221939086914062,14.575539862019019,14.090088396056627,14.26389152749969,1517400
2014-12-08,14.773317337036133,14.821263149536664,14.084095853671615,14.215946552268491,2146600
2014-12-15,14.761330604553223,15.10294580477626,14.251906775182833,14.773317343463157,2747800
2014-12-22,14.983070373535156,15.001050469505717,14.755328206829144,14.773307159682155,1045900
2014-12-29,14.767321586608887,15.025030715917488,14.629477540784618,14.869206564635121,929500
2015-01-05,15.627185821533203,15.723502356263477,14.712189649210364,14.778405759864334,2760100
2015-01-12,16.168964385986328,16.174984242314245,15.597090664706213,15.645248367159367,2283300
2015-01-19,16.22313690185547,16.31343242236577,15.597085816400327,16.20507733848547,1140800
2015-01-26,15.771659851074219,16.620439902062103,15.753600285757683,16.223138650457987,1395400
2015-02-02,15.571352005004883,16.459934169289742,15.390007929694585,15.915904249259214,2567700
2015-02-09,15.40815544128418,15.728529432541503,14.815766841254693,15.607633282230893,1382600
2015-02-16,15.420247077941895,15.595545248006625,15.17241097867541,15.371888842791147,1193400
2015-02-23,15.081740379333496,15.764800637867083,14.791589797250257,15.130098617522144,1778700
2015-03-02,13.91733455657959,15.42322387658731,13.777675718599308,15.15604959137048,2853300
2015-03-09,14.129855155944824,14.324163245711286,13.528714068916994,13.959834998315385,3266400
2015-03-16,14.949590682983398,14.992095425058313,14.135924837594741,14.135924837594741,2152900
2015-03-23,14.293794631958008,15.222829784373424,14.208784024071248,14.967800277046921,2065900
2015-03-30,14.386857032775879,14.496680555456068,14.081792209210885,14.417363049640398,1746400
2015-04-06,13.624194145202637,14.527185688737411,13.569282387202424,14.386856157727928,2619600
2015-04-13,13.502171516418457,13.886553929423664,13.40455084473813,13.636400812776555,1882100
2015-04-20,13.740111351013184,13.874339370604323,13.355729261705706,13.526565875145609,2041200
2015-04-27,13.215405464172363,13.947561362200027,13.178798018389896,13.79502898042174,2019500
2015-05-04,13.497187614440918,13.711818271628456,12.853295642878301,13.307086709911603,2951300
2015-05-11,13.613706588745117,13.675028653574925,12.9391533488265,13.497192560210335,3017600
2015-05-18,13.374549865722656,13.71182716568738,13.221242321096076,13.607577988555555,2007000
2015-05-25,13.06180191040039,13.460402449207733,13.043405754214254,13.36841698970222,2236600
2015-06-01,12.963894844055176,13.413901358214245,12.926907137519455,13.148828673611321,3076000
2015-06-08,13.074849128723145,13.222797543246696,12.76662542072933,12.982382251481027,1961800
2015-06-15,13.216639518737793,13.327600297073223,12.735809871211163,13.062527587889853,3692500
2015-06-22,12.54470443725586,13.265947919985186,12.489224078908983,13.247454075276204,5012500
2015-06-29,12.663589477539062,12.793757962937814,12.30407499779837,12.607802646003863,2092200
2015-07-06,12.936320304870605,13.010701931927633,12.59540077032286,12.713173059150238,2046100
2015-07-13,12.806150436401367,13.19665810885848,12.750363626050351,12.985908199149002,3265500
2015-07-20,11.826790809631348,12.861944983288206,11.801997313603362,12.843348974560717,2981300
2015-07-27,12.173905372619629,12.235890872572341,11.454876410628351,11.808192223401212,5581900
2015-08-03,11.919438362121582,12.368521939421418,11.59509962812742,12.262488168295109,2731500
2015-08-10,11.944390296936035,12.131509400316244,11.875781029729973,11.969339986586736,2238200
2015-08-17,11.60757064819336,12.075366333342481,11.570146136821947,11.900722182607069,1685200
2015-08-24,10.815434455871582,11.32689079238623,10.428722899913872,11.276992642230308,4854100
2015-08-31,10.68721866607666,11.076529123160931,10.461166660244121,10.881873894618796,3732200
2015-09-07,10.8128023147583,10.850478447968516,10.586751503820041,10.825361025828373,1906600
2015-09-14,11.2711820602417,11.453278521497587,10.731169634659825,10.831636895559118,2475700
2015-09-21,11.346537590026855,11.534914696810363,11.208395336517475,11.308862647736083,3041000
2015-09-28,11.635375022888184,11.635375022888184,11.095362651028708,11.246063527385378,2646700
2015-10-05,12.48087215423584,12.493511301394046,11.678304389720934,11.747818493755656,3455800
2015-10-12,12.3671236038208,12.56934515930313,12.04483254777001,12.436637715518682,2825700
2015-10-19,12.695734977722168,12.752609944199618,12.411360145334914,12.411360145334914,2994400
2015-10-26,12.967476844787598,13.18233766386909,12.550394361943802,12.689421454446336,4546400
2015-11-02,12.921140670776367,13.429596288944845,12.870295108959517,13.003764254133563,2769000
2015-11-09,12.145750045776367,12.914789604449242,12.139394196664906,12.819454292285847,2493000
2015-11-16,12.857585906982422,12.946566566594923,12.158458387333601,12.16481423532407,1991500
2015-11-23,12.97834300994873,12.997410551592445,12.73682687706453,12.86394018459425,1258800
2015-11-30,12.125635147094727,13.212276673047493,11.965834994406285,13.103612520452216,3698600
2015-12-07,11.774075508117676,12.195947821179022,11.627059657634145,12.087283666652407,2452400
2015-12-14,11.780464172363281,12.247080195735867,11.646231447493673,11.710151734613579,3242800
2015-12-21,11.76767635345459,11.933868562616158,11.511996500582065,11.806028026591042,1875600
2015-12-28,11.793242454528809,12.151194172857789,11.7612817176921,11.7612817176921,2709300
2016-01-04,11.563668251037598,12.091043372189572,11.557236697524354,11.769473056687794,2855600
2016-01-11,10.901235580444336,11.666572146005068,10.67613608546442,11.582964393026359,2623800
2016-01-18,10.901235580444336,11.062020758759482,10.078015025861106,10.991274887758879,2416400
2016-01-25,10.888374328613281,11.164925078747673,10.708294456580852,10.901237439478548,3573300
2016-02-01,10.910938262939453,11.1829023459737,10.800857533257211,10.904462780596736,2823000
2016-02-08,9.913740158081055,10.872090252669528,9.693578624829533,10.852663799121787,4324000
2016-02-15,10.587169647216797,10.697250357049906,9.939636350568328,9.991438964897336,3808600
2016-02-22,11.137575149536133,11.493718031119501,10.263404798746453,10.658399339121907,2943600
2016-02-29,12.294645309448242,12.327256602443585,11.283679054058496,11.296724068873067,3682600
2016-03-07,12.385954856872559,12.699027670622707,12.0076582292476,12.229418449997484,3980900
2016-03-14,12.816433906555176,12.972970357641092,12.098974239380551,12.353347060931151,2536900
2016-03-21,12.646851539611816,12.888179328709876,12.399002487385548,12.816432993889174,1843700
2016-03-28,13.201252937316895,13.396924431072613,12.594673421544046,12.666419760325255,2689200
2016-04-04,12.984909057617188,13.33265972115649,12.742138616665963,13.240801244218243,2711500
2016-04-11,13.483566284179688,13.555741494692624,12.978343565021644,13.017711292811654,2648700
2016-04-18,13.096446990966797,13.627916957624683,12.86023936837415,13.411392573552867,1932900
2016-04-25,13.096446990966797,13.536057255776546,12.984905302075356,13.089886745778204,1407000
2016-05-02,13.94321346282959,13.956411317208637,13.118366443389165,13.210750165425829,2661100
2016-05-09,14.03561019897461,14.253369963673578,13.765060226427948,13.94982532458596,2412100
2016-05-16,13.567085266113281,14.240160827466172,13.28333765150666,14.035599091272706,2146700
2016-05-23,14.127985000610352,14.220367499029043,13.52749624365457,13.606682141311408,2440700
2016-05-30,14.538418769836426,14.564961447388388,14.073932037673313,14.233185571736028,1865200
2016-06-06,15.075892448425293,15.18869627518092,14.485331907799864,14.551687323354518,2644100
2016-06-13,15.162161827087402,15.255058692124852,14.604778105612974,14.896741308676928,2811100
2016-06-20,15.401036262512207,15.45412162010556,14.777298498285335,15.235148316906736,5031000
2016-06-27,15.759349822998047,16.00486446132571,14.976358766134485,15.374489962156115,3170000
2016-07-04,15.973627090454102,16.080340151651388,15.56678274956443,15.820225951877974,2398000
2016-07-11,16.36712646484375,16.36712646484375,15.806882446303598,16.006969050588108,5123400
2016-07-18,16.70060920715332,16.854009060678532,16.140365047033484,16.140365047033484,2400800
2016-07-25,16.927370071411133,17.014075203894627,16.173709133382065,16.70727428666639,2316200
2016-08-01,16.524242401123047,17.067009132786946,16.256209526108872,16.993300890959024,4344200
2016-08-08,16.497426986694336,16.765459654300624,16.29640152742919,16.577836147935937,2429700
2016-08-15,16.289705276489258,16.618045549315863,15.954664025268528,16.49743177246439,2478100
2016-08-22,16.42371368408203,16.718550188558684,16.169081750826653,16.27629607088384,1705000
2016-08-29,16.752065658569336,16.979893853772374,16.41702434539795,16.42372532503112,2098600
2016-09-05,15.996868133544922,16.966375643378733,15.956472361848055,16.838454201487153,1828900
2016-09-12,15.666973114013672,16.13152789358822,15.269744220759634,15.90934912991723,3596100
2016-09-19,16.68360710144043,16.750932977419076,15.65350501856663,15.660237862996247,2065700
2016-09-26,16.5018253326416,16.831727028297163,16.39410238239321,16.649944068193427,1972900
2016-10-03,15.024239540100098,16.512458352045634,14.80777163078086,16.50569356859809,4149700
2016-10-10,15.660109519958496,15.978047779656508,15.030999071896547,15.051293415148567,2816800
2016-10-17,15.890113830566406,16.032171714648424,15.66011633462457,15.707468532568367,1672700
2016-10-24,15.301589965820312,16.147168513461235,15.159532098886393,15.930699321454764,1923700
2016-10-31,14.929546356201172,15.718175713805312,14.419657456657996,15.459831278543302,2558100
2016-11-07,14.841167449951172,15.548214073377062,14.46045073556819,15.072317207862357,2809400
2016-11-14,15.439432144165039,15.738567268024367,14.752783038939214,14.820767174472195,2816400
2016-11-21,16.024110794067383,16.132887005996164,15.500624463713415,15.514221814383195,2538300
2016-11-28,15.922126770019531,16.36403011301649,15.643387678434639,16.0241042650628,3341600
2016-12-05,16.192182540893555,16.274167542886836,15.830078423226912,16.041874532025687,4728800
2016-12-12,15.713919639587402,16.30148400832917,15.467962219532321,16.178505298301626,6361700
2016-12-19,16.0555362701416,16.315157134325073,15.69343221705067,15.823243300706345,4279000
2016-12-26,16.308330535888672,16.308330535888672,15.80275066386314,16.096533104616707,3629600
2017-01-02,16.759885787963867,16.828545967507583,16.183142375131037,16.478380230460225,4273900
2017-01-09,16.395984649658203,16.856006063069035,16.162542178729964,16.842275077426493,4061100
2017-01-16,16.498971939086914,16.77361123551624,16.36165163608052,16.423445641475052,2039800
2017-01-23,15.990887641906738,16.81480546568734,15.970289205218464,16.567629463761477,3793400
2017-01-30,16.358182907104492,16.46857253472569,15.661357183044109,16.082212127882684,3546300
2017-02-06,16.613460540771484,16.661755273807728,16.109813587775232,16.38578443079148,2961200
2017-02-13,16.675561904907227,16.999827631856636,16.2616047897817,16.572072955109192,2901700
2017-02-20,17.6966495513916,17.71044842457581,16.703153052989137,16.723851362765448,4173200
2017-02-27,17.99384117126465,18.187920064216453,17.69579328423572,17.813626661732478,7357300
2017-03-06,16.87095832824707,17.97997803209802,16.7669880202104,17.97997803209802,3709700
2017-03-13,17.1828556060791,17.217511904550125,16.621414052066587,16.877875155732518,3251700
2017-03-20,17.35614585876465,17.515567003195496,16.926400467197247,17.231381025017548,3676200
2017-03-27,17.34229278564453,17.39081217734465,16.988792660616753,17.27991033287173,4373100
2017-04-03,17.926437377929688,18.079654314569368,17.299639128310172,17.424999043905917,3741300
2017-04-10,18.058752059936523,18.483582358783455,17.689637101236855,17.926427628952343,6207700
2017-04-17,18.44877815246582,18.567173536404958,18.128414953783345,18.128414953783345,3086800
2017-04-24,18.35822296142578,18.713408761706614,18.05875250265811,18.615905917789693,3829100
2017-05-01,18.313575744628906,18.747280758697066,17.767945435643732,18.495452514290633,3588400
2017-05-08,18.1107120513916,18.404512770690324,17.788931010094284,18.31357505639637,2737600
2017-05-15,18.46047019958496,18.600375777816474,18.08272727314144,18.2296269294699,3245200
2017-05-22,18.859207153320312,19.048079361679886,18.439492913728856,18.49545490129032,2310700
2017-05-29,19.54532814025879,19.664764060872848,18.751431496201338,18.94112273714833,2756100
2017-06-05,19.777175903320312,19.826355167848828,19.40481784901329,19.52425378002588,3172100
2017-06-12,19.594511032104492,20.13548567515076,19.48210089069677,19.777177846900685,5271300
2017-06-19,19.144878387451172,19.72098093553032,19.144878387451172,19.545339849406915,6734700
2017-06-26,19.39076805114746,19.453998922860468,18.941126147851122,19.299433974213304,4112000
2017-07-03,19.171632766723633,19.517385274683782,18.8752732819208,19.48916126681915,1745500
2017-07-10,19.242191314697266,19.397426694440867,18.80470783235264,19.17162928904701,2787600
2017-07-17,19.46799087524414,19.976035093622027,19.108125715862737,19.242193444853967,2527000
2017-07-24,19.29157829284668,19.722005303366192,19.249241629046516,19.4609262939056,2197300
2017-07-31,19.61498260498047,19.67875975122302,19.06933428784381,19.423651166252814,3119600
2017-08-07,18.92052459716797,19.607898954588745,18.729193130636514,19.607898954588745,5377400
2017-08-14,19.374053955078125,19.75671561790744,19.10477227418702,19.26775912382621,2620400
2017-08-21,19.83466911315918,20.188986177742116,19.324453026740198,19.38823020649411,3738900
2017-08-28,19.86300277709961,20.082678842104013,19.49451293465826,19.86300277709961,3569200
2017-09-04,20.225374221801758,20.438871646837505,19.869544275153157,20.026108963020473,2007900
2017-09-11,20.02610969543457,20.602555207403757,19.77702980957778,20.32500691584629,3503400
2017-09-18,19.755674362182617,20.28941916223566,19.74855760196259,20.05457150450765,2463000
2017-09-25,19.549301147460938,19.912247937009564,19.378502897799905,19.81973272746211,2308600
2017-10-02,19.968656539916992,20.14733098657257,19.589866222263147,19.675630556456074,2581800
2017-10-09,20.133047103881836,20.22595726433944,19.940078274648492,19.968666855206862,1253100
2017-10-16,19.854312896728516,20.204514787824298,19.754254239859446,20.161631922089672,1805800
2017-10-23,19.77569007873535,19.897188770924757,19.50410548846504,19.868600201855248,2044500
2017-10-30,20.454662322998047,20.661924084436162,19.39690799032491,19.711375568318466,2928400
2017-11-06,20.312576293945312,20.606857333011853,20.276688896602156,20.606857333011853,3061200
2017-11-13,20.269512176513672,20.599681998769334,20.133137595428735,20.377175743047456,3252500
2017-11-20,20.62120819091797,20.700162090094086,20.247973319015056,20.283862077284265,1548800
2017-11-27,20.097251892089844,20.6786362956435,19.76708341099064,20.635571139199392,4138400
2017-12-04,20.180925369262695,20.46201638985388,19.67640168514455,20.296244832824023,2366000
2017-12-11,20.202537536621094,20.42596870656813,20.029558433302512,20.159291729754663,3322000
2017-12-18,19.597122192382812,20.490848803483505,19.53225481640065,20.253002216454423,2810400
2017-12-25,19.698022842407227,19.885417297652108,19.553872838459988,19.618740202764613,1398700
2018-01-01,19.109636306762695,19.876916782982995,19.05172837234294,19.79005557167039,2250000
2018-01-08,18.559507369995117,19.3557423806374,18.298922395711966,19.037248100253716,3938800
2018-01-15,18.39302635192871,18.80562058531911,18.233779866598745,18.55227283725868,2668300
2018-01-22,18.595701217651367,18.943148780379246,18.349592182227315,18.40750010934863,2440200
2018-01-29,17.87185287475586,18.566748056063336,17.654697095121776,18.55227072796093,4005200
2018-02-05,17.112253189086914,18.137679184895916,16.421362704137962,17.91950258522164,4035600
2018-02-12,17.47587776184082,17.621327426965284,16.305000813900094,17.119524209668434,4568600
2018-02-19,17.308610916137695,17.59951305896291,16.654083869029403,17.4395166029842,4607900
2018-02-26,16.574085235595703,17.38860726346394,16.41408879692139,17.315881735623257,4324400
2018-03-05,17.548891067504883,17.563509387007134,16.598721211053746,16.613339530555997,3330800
2018-03-12,17.41732406616211,17.8047010592023,17.168818281053955,17.556195274094147,4234400
2018-03-19,16.8179931640625,17.57812771583131,16.810684003727825,17.431948691377205,3343000
2018-03-26,17.483110427856445,17.716997968978852,16.825301369929747,16.986098705931475,2677200
2018-04-02,17.358243942260742,17.666769716234654,17.04971816828683,17.52719956692272,3081000
2018-04-09,17.372926712036133,17.541880845462114,17.152551877229115,17.358234682753256,2534100
2018-04-16,17.461074829101562,18.063433926931936,17.35823204088282,17.402308122023204,3148300
2018-04-23,17.967939376831055,17.989977420129755,17.299467475636018,17.512497690863157,2852000
2018-04-30,18.802427291870117,18.854103776779926,17.96824089088941,18.13803083147235,4641200
2018-05-07,19.37086296081543,19.525889655544407,18.91316805036765,18.979606453204923,8481500
2018-05-14,18.743375778198242,19.393009141782503,18.640025591826483,19.370862069828263,3191700
2018-05-21,19.577566146850586,19.651388320649257,18.66955721083723,18.80981779220977,3742300
2018-05-28,19.835939407348633,19.90237780271805,19.3634784266507,19.54803312322505,6851800
2018-06-04,19.998273849487305,20.183649028933313,19.812898670041296,19.99085867259342,2833200
2018-06-11,19.63494300842285,20.050184520480634,19.293853281697558,19.998278270747893,3381100
2018-06-18,20.1095027923584,20.139162089621315,19.531131645575545,19.59045165440195,4423900
2018-06-25,20.191055297851562,20.34677111532304,19.961190572755314,20.131735323171892,3467600
2018-07-02,20.72604751586914,20.778178921007495,19.869599553158697,20.227073263085348,1956800
2018-07-09,20.457931518554688,20.763273674020166,20.29408983674776,20.726037380123813,2418700
2018-07-16,20.078121185302734,20.524963944185295,19.958963305663914,20.44304378972984,3369100
2018-07-23,19.98875617980957,20.3238886492577,19.80257179022153,20.122809167588823,2052400
2018-07-30,20.919677734375,20.942020372076133,19.82491405555404,19.929176857211043,3339700
2018-08-06,20.735279083251953,21.08685219732679,20.615595043874308,21.019529746833577,5226500
2018-08-13,21.588031768798828,21.61795206821049,20.615597069857277,20.72032168466417,3709900
2018-08-20,21.371112823486328,21.74512600255118,21.09434386995668,21.655363638553965,3574600
2018-08-27,21.59551239013672,21.70023557911757,21.266380533237186,21.423465316708462,2896700
2018-09-03,21.21856689453125,21.714292590555825,21.128434298613595,21.646693501769835,2494000
2018-09-10,21.323711395263672,21.534019741895108,21.04580542098798,21.376288123769427,2674600
2018-09-17,20.9857177734375,21.481443266048682,20.692788031361133,21.338733977991396,4579400
2018-09-24,20.655237197875977,20.99323256143014,20.2571539288687,20.96318789239925,3866200
2018-10-01,19.8178653717041,20.775942937573532,19.508564966799423,20.775942937573532,4555800
2018-10-08,19.169092178344727,20.383663224875587,18.972950171900195,19.87067666015726,4115700
2018-10-15,19.802776336669922,19.998918294004397,19.16908737878548,19.16908737878548,2851400
2018-10-22,19.89330291748047,20.33839254356285,19.365228333618347,19.8782147433387,2740600
2018-10-29,19.538740158081055,20.39874747275163,19.093649044396432,20.089445624542492,3848600
2018-11-05,20.01178550720215,20.170910642715512,19.504102890993526,19.504102890993526,2693200
2018-11-12,20.00420379638672,20.23910124271584,19.466212637816025,20.01178131985086,6895900
2018-11-19,20.231544494628906,20.458864634685597,19.78448029995337,20.02695550141816,3791900
2018-11-26,20.299726486206055,20.43611760673523,19.936012495666038,20.299726486206055,4289400
2018-12-03,20.358592987060547,20.586913075424825,19.696462408206198,20.472753031242686,2857200
2018-12-10,19.73451042175293,20.5792970918388,19.597517831833787,20.358586485497238,3979500
2018-12-17,18.524410247802734,19.833447746026824,18.486357397614555,19.75734059402728,6828100
2018-12-24,18.775569915771484,18.897340824255814,17.687241151022008,18.493973782636637,4363600
2018-12-31,18.606351852416992,19.03461108518161,18.338689284947737,18.835776076737126,4259700
2019-01-07,20.135845184326172,20.18172972518674,18.59869920838619,18.698117415334554,4288900
2019-01-14,20.640581130981445,20.747645554280133,19.852888914680534,20.07466688710595,2456000
2019-01-21,20.740005493164062,20.78589005122911,20.26586019767924,20.61764424058427,2383300
2019-01-28,20.98471450805664,21.221786307030435,20.63292918375201,20.66351984614505,3915300
2019-02-04,21.65951156616211,21.72095692878354,20.945208310079877,21.091140130697642,2330900
2019-02-11,22.074268341064453,22.104991756174783,21.198671520042968,21.674872734468558,10019200
2019-02-18,21.7286376953125,22.227881447736124,21.628788065843978,22.035864507190652,3772700
2019-02-25,21.20635986328125,21.805452019783704,20.845366933108146,21.767049202306115,4770400
2019-03-04,21.466407775878906,21.535828544137598,20.972750287119652,21.296713381921755,2510500
2019-03-11,21.998626708984375,22.137468204689448,21.450974306060466,21.54353579360216,3320400
2019-03-18,22.214599609375,22.55398974656025,21.6823758722426,21.99862527125107,5003200
2019-03-25,22.870243072509766,22.993657421547145,22.0294819001832,22.214603423739266,4605300
2019-04-01,22.839387893676758,23.14917923026005,22.692236454849088,22.978794364439644,9090200
2019-04-08,22.839387893676758,23.063987535950652,22.58380985634534,22.800664530554453,4715300
2019-04-15,22.33598518371582,22.901354770166634,21.79384903299176,22.84714145053466,3944500
2019-04-22,22.560579299926758,22.645772487855826,21.786100070613486,22.28176778187127,3809900
2019-04-29,22.963308334350586,23.040756550970695,22.111380905933146,22.452152172740497,4669500
2019-05-06,22.948633193969727,23.150823971220817,22.272071689965646,22.956409933471086,3595500
2019-05-13,23.026403427124023,23.14305157501313,22.56758609326676,22.72311646269834,3561400
2019-05-20,23.10416603088379,23.244144390511693,22.653125473894743,22.979741151939333,4701100
2019-05-27,22.692007064819336,23.32190814129068,22.41205037160477,23.17415305506506,2727800
2019-06-03,23.925289154052734,24.206396166776972,22.76182061379166,22.808671286127026,4668200
2019-06-10,24.307905197143555,24.440650004386224,23.714459400553228,23.92528816199844,5380100
2019-06-17,24.393796920776367,24.72175455979329,24.237627538464764,24.300095589260568,7451500
2019-06-24,23.61294937133789,24.51873699948009,23.160055557266787,24.464077632337105,9414600
2019-07-01,23.997852325439453,24.233047923125554,23.268743879140548,23.919453294431705,3752900
2019-07-08,24.060571670532227,24.47608400004215,23.872414890036517,23.997852743700324,3346000
2019-07-15,23.50394630432129,24.30361396128324,23.496106249409397,24.123297184322478,3620300
2019-07-22,23.76266098022461,23.95081780295305,23.307948284796506,23.527465325648436,4455700
2019-07-29,22.798351287841797,23.966492219405684,22.68075348848597,23.833214314712507,5879200
2019-08-05,23.27382469177246,23.42336947251773,22.116824128054947,22.69925987789266,5162100
2019-08-12,23.17937469482422,23.265951981302873,22.63629216496985,23.18724412895439,4114100
2019-08-19,22.077472686767578,23.352535975662835,22.053861376657878,23.352535975662835,3745300
2019-08-26,22.888158798217773,23.01409077637688,22.1797910457659,22.266369843710635,4197500
2019-09-02,22.991430282592773,23.339186953270872,22.864973585524872,22.864973585524872,3112800
2019-09-09,23.46564292907715,23.663231700607813,22.572540837568226,22.96771838062956,3421800
2019-09-16,23.67902946472168,23.955653950661024,23.23643119170803,23.402406486264507,4053000
2019-09-23,23.196916580200195,24.01098116113773,22.72270333944573,23.67112982095466,11792800
2019-09-30,23.972087860107422,23.9958938554045,23.059545896189686,23.305536640396816,5942100
2019-10-07,23.995895385742188,24.138728339614264,23.6070731854848,23.86099776414188,5853500
2019-10-14,24.297433853149414,24.313303005420817,23.821324474277493,24.003832590233564,5504300
2019-10-21,24.32124137878418,24.55136152085246,24.21808506532921,24.384722536335744,3166000
2019-10-28,24.511695861816406,24.797361955871523,24.30538162872225,24.345058315958163,4680400
2019-11-04,23.91324234008789,24.693887449658895,23.801720524899117,24.614229444338367,4424800
2019-11-11,24.6859188079834,24.82930289807051,23.83358173840992,23.905273783453474,3353100
2019-11-18,24.239843368530273,25.028454579378778,24.08849328179661,24.685926155410662,4378800
2019-11-25,24.6859188079834,24.980652939756897,24.28763034411916,24.311528198916985,3443600
2019-12-02,24.70929527282715,24.93319882390581,24.51737859699608,24.757274060480377,5858300
2019-12-09,24.25349998474121,25.149112922610886,23.997611009698048,24.70930241218917,4053100
2019-12-16,25.109119415283203,25.24506057031917,24.19751491987613,24.40542501141455,16946400
2019-12-23,25.045150756835938,25.189088650301144,24.6613173910742,25.149106579991127,3045300
2019-12-30,25.285043716430664,25.412988151252364,24.749275823658053,24.941192475890603,2732400
2020-01-06,25.46175193786621,25.5982115805432,24.95604945678987,25.28515773659286,4342900
2020-01-13,26.055749893188477,26.16812787177023,25.164750219653587,25.4778040348657,10107500
2020-01-20,26.433029174804688,26.657785197685765,26.04773182326377,26.055757511764742,6685800
2020-01-27,25.87916374206543,26.58554065981175,25.782837111587362,26.35275895800066,6599500
2020-02-03,26.183483123779297,26.360726146840562,25.982071715134843,26.038466663691754,5248800
2020-02-10,26.49768829345703,26.973019410102975,26.16737365804508,26.288221750171623,6157100
2020-02-17,26.255992889404297,26.537967648680144,25.901509895844036,26.505744157116034,4866800
2020-02-24,22.54196548461914,26.17542917846237,21.792714765429096,25.837056398847025,8088600
2020-03-02,23.316585540771484,24.1496101394804,22.362247069506214,22.815152913591746,7589700
2020-03-09,19.563928604125977,22.095349801326773,15.641437529375203,21.91742294045861,9865600
2020-03-16,17.469242095947266,17.922147932585172,14.897381252650282,16.911196440257086,14806700
2020-03-23,18.326536178588867,18.75518034557438,14.185678001564712,16.660487855787206,13652000
2020-03-30,17.339839935302734,18.601506929929403,16.69283007305583,18.50445491068604,8756800
2020-04-06,22.164209365844727,22.253647243237683,18.02569769647901,18.220833614679844,7498300
2020-04-13,21.204784393310547,22.35120858220778,20.6193767917892,21.95280599287772,6750500
2020-04-20,20.513681411743164,21.13161255922633,19.7493994971318,20.863300493287802,4608900
2020-04-27,20.570592880249023,22.424386054399417,20.18845197825052,20.83077560269285,6024400
2020-05-04,21.08017921447754,21.21902586883257,20.026579414338503,20.361444599932966,4932400
2020-05-11,18.915800094604492,21.447708034821137,18.1153909600674,20.826982106664932,5615700
2020-05-18,20.71263885498047,20.867819172143356,19.765215458568083,19.765215458568083,4492500
2020-05-25,21.970434188842773,22.542156155846328,21.488554645807014,21.611066050788626,5717400
2020-06-01,23.207494735717773,23.84736101279743,21.71446977161317,22.026200860423813,6053100
2020-06-08,22.69887924194336,24.036036958339928,21.6898582444773,23.88837660833067,5557500
2020-06-15,23.871971130371094,25.176316052786753,22.009792962560134,22.009792962560134,16434400
2020-06-22,23.076234817504883,24.396986799346973,22.45277586791948,23.7571190588619,6388400
2020-06-29,24.528240203857422,25.143497073007754,22.977793394295908,23.27311719218539,3652200
2020-07-06,24.147254943847656,25.259462517359225,23.414022512824182,25.25122375650264,7163100
2020-07-13,24.87224006652832,25.292407270978135,23.965997168972777,24.3120171272619,6390400
2020-07-20,25.531322479248047,25.869103647303323,24.410876709280004,24.773374147454753,4373600
2020-07-27,26.857742309570312,27.28614841230562,25.383038802016042,25.473663592966965,6464300
2020-08-03,27.915637969970703,27.93217604953003,26.600890611007387,26.882031654883697,4729900
2020-08-10,26.95645523071289,28.188515519647005,26.915111603152223,27.99006169131257,3249700
2020-08-17,26.981260299682617,27.402970290956098,26.17918078481631,26.981260299682617,4863600
2020-08-24,26.898569107055664,27.369893323396788,26.501664669837666,27.03914120287316,4654200
2020-08-31,26.814550399780273,27.735753239631318,26.24190870030768,27.013728194282244,2992300
2020-09-07,26.009531021118164,27.27929970390833,25.79375297435126,26.565572440212943,2774100
2020-09-14,26.258508682250977,27.0386307664846,25.926543016679233,26.23361224666882,4780900
2020-09-21,24.947235107421875,26.0178258160116,24.366295774900067,25.851842245041574,3589600
2020-09-28,26.059326171875,26.258505547439473,25.005333924443146,25.337301133320903,3338900
2020-10-05,27.16042709350586,27.643650964174626,25.902384110593587,26.31895509778346,5123500
2020-10-12,27.202091217041016,27.97691363514155,26.752193713979107,27.160431568909964,3417400
2020-10-19,27.277070999145508,27.477023303179458,26.493915470156267,27.393710372862742,2752300
2020-10-26,25.927377700805664,27.09377609128567,25.42749222228791,27.00212996998131,3241300
2020-11-02,26.613428115844727,27.282526871106644,26.111603251769655,26.362516481435826,2612700
2020-11-09,26.111604690551758,28.854912928799873,25.409050161186478,27.943264827486765,5674700
2020-11-16,24.982505798339844,26.822528651434254,24.74832037546993,26.68034492955925,11526600
2020-11-23,25.149776458740234,25.492689814748914,24.90722872668268,25.107958379327457,4156100
2020-11-30,24.964277267456055,25.54367063819714,24.636794823889563,25.190996621433058,10192100
2020-12-07,25.510080337524414,25.862754333047807,24.745953614157113,24.964275763919247,7325300
2020-12-14,25.552066802978516,26.593294429318703,25.409317763793148,25.70321303289248,6563100
2020-12-21,26.013896942138672,26.517717094476563,25.10702130857051,25.19099160089351,3555000
2020-12-28,26.299394607543945,26.416952054193217,25.803971651521877,26.131455626844996,2942200
2021-01-04,25.60896110534668,26.494064436832936,24.943027779718488,26.443487608916353,5615100
2021-01-11,25.794410705566406,25.979860136052192,25.35607393408188,25.448799453228915,3741600
2021-01-18,26.18216323852539,26.317035814028053,25.63424319956983,25.99671384916121,2788900
2021-01-25,25.120038986206055,26.494055477041744,24.782857567776624,26.215880605861486,3866700
2021-02-01,26.567033767700195,26.668596890033907,25.001281206762684,25.289039889077564,4007800
2021-02-08,27.557270050048828,27.667293676188546,26.40622881826214,26.567034814715594,6425800
2021-02-15,27.007131576538086,27.760385438468873,26.84632401002465,27.760385438468873,3798200
2021-02-22,26.70246124267578,27.472643057064523,26.668607930743434,27.08332109123801,5274700
2021-03-01,27.30449867248535,27.703787656631636,26.692824102820925,27.083615783898974,6720900
2021-03-08,28.451387405395508,28.459881466461137,27.312992017106218,27.448919679553995,5511200
2021-03-15,28.41740608215332,29.479342010180194,28.357937929445516,28.544836449053786,9051900
2021-03-22,29.054576873779297,29.054576873779297,27.47441519210771,28.38343237616226,6155000
2021-03-29,29.360410690307617,29.360410690307617,28.434402274196525,29.165014835264042,4470900
2021-04-05,29.762950897216797,29.822630000309886,29.183208250940634,29.583913587937534,4650400
2021-04-12,30.317129135131836,30.589948924123053,29.677707144883342,29.839692878262994,4515100
2021-04-19,30.92243194580078,31.48512287792817,30.10397299948217,30.317113553352648,5051300
2021-04-26,31.12706184387207,31.323154121185258,30.760462885584015,31.084434360561225,4323700
2021-05-03,31.07744598388672,31.479491628300327,29.742988071148616,31.419612420341448,5489800
2021-05-10,30.50431251525879,31.787444006248094,29.452145084228217,31.14587826075344,5761700
2021-05-17,30.393112182617188,30.598414692841537,29.75154632502855,30.427329811516696,3623500
2021-05-24,30.547077178955078,30.914908398387684,30.435874820091463,30.606956376242106,4591300
2021-05-31,31.594032287597656,31.842936863123786,30.624152121905592,30.658484916514542,2788600
2021-06-07,33.181884765625,33.29346470557931,31.679859453440972,31.80002095455084,5084900
2021-06-14,32.64116287231445,34.0401934285647,32.60683334498022,33.14756023475128,7345200
2021-06-21,32.744144439697266,33.65394029228133,32.040338741822836,32.623979696269764,6536200
2021-06-28,32.392250061035156,32.78706735593176,31.963099973324415,32.778482520650556,3845900
2021-07-05,33.61564636230469,33.64147700606739,32.29822769101926,32.51349181482807,4867900
2021-07-12,34.493927001953125,34.75224331321285,33.58120586518731,33.693144137778894,4068600
2021-07-19,34.5886344909668,34.778067952687735,33.53814790197594,34.2269923745936,4481300
2021-07-26,35.5788459777832,36.09547844282006,34.10644049622596,34.5283562429166,3915300
2021-08-02,35.83968734741211,35.98649894318639,35.26107228962082,35.831052727707316,3572100
2021-08-09,36.219661712646484,36.306024354279586,35.243788570176854,35.75331662541943,3382100
2021-08-16,36.236915588378906,36.5305418299944,35.425126941275465,36.21964306894314,3859300
2021-08-23,35.951942443847656,36.444197925364485,35.17469521282234,36.28011056859379,4226300
2021-08-30,37.368255615234375,37.4200731939421,35.969213934100885,35.995121076255984,4326900
2021-09-06,36.04806900024414,37.719688076576446,36.03940921663614,37.477174487554095,2138600
2021-09-13,36.2213020324707,36.437833012245875,35.56304930771442,36.238624907332785,5997200
2021-09-20,34.7488899230957,36.30791228140799,34.61897332056996,35.666982446013165,5385000
2021-09-27,34.497718811035156,35.23392285326484,33.86544541457822,34.69692692476789,4136100
2021-10-04,35.26335525512695,35.87149458721858,34.4640855664684,34.61177810947723,3294600
2021-10-11,37.1312255859375,37.834927057417694,35.06355237385425,35.24599325060141,3299200
2021-10-18,38.165061950683594,38.22587557852189,36.81846926925904,36.983534357092395,3352400
2021-10-25,37.81755065917969,38.99907819009584,37.478730946598084,38.1650599261882,3252900
2021-11-01,36.903358459472656,38.35823428967252,36.58973165640349,38.07074526906148,8536500
2021-11-08,37.20827102661133,37.49576336639985,36.71169636997979,37.14728840725682,5286500
2021-11-15,37.26054382324219,37.63515324675229,36.70298653893977,37.18213712243069,4697700
2021-11-22,37.27796936035156,38.18400164439617,36.833663597291526,37.443493147064,4705100
2021-11-29,37.85295867919922,39.151021431305544,37.182146366221,37.45221469689152,7962900
2021-12-06,38.89510726928711,39.4891927261831,37.969032096424975,38.222392756839355,6783400
2021-12-13,39.51540756225586,40.17064868477714,38.68543480718317,38.79027578635123,10331200
2021-12-20,39.70761489868164,39.899816705716866,38.816486522587425,39.32320461915342,4445600
2021-12-27,41.900482177734375,42.1713163575636,39.85612987245779,39.88234178194351,4102100
2022-01-03,39.221309661865234,42.18174003622409,39.116206593646275,42.06787642997321,5022300
2022-01-10,38.17903518676758,39.2913864598678,37.60096321362233,39.06365921341152,5549700
2022-01-17,37.005367279052734,38.31041010409579,36.75136513963615,37.960062095164886,4499000
2022-01-24,36.53239822387695,36.81267529267194,34.76314713887974,36.47984836170678,6063900
2022-01-31,36.81036376953125,37.7855280736617,36.353528320521036,36.59951535024887,5390700
2022-02-07,35.46621322631836,36.82793244595406,35.07966168985491,36.696155112563396,5145700
2022-02-14,34.22749328613281,35.9054837504567,34.16599651660177,35.51893214892981,5545000
2022-02-21,34.807315826416016,34.93909650855807,32.70763218625603,34.04299658342917,4537600
2022-02-28,35.28732681274414,35.44596141438993,33.46303225571739,34.811423007806795,7442200
2022-03-07,34.829036712646484,35.40188068743531,34.21212497203669,35.39306915141023,4116200
2022-03-14,36.25674057006836,36.371310698177595,34.30906520170228,34.99647924656133,4844500
2022-03-21,35.68390655517578,36.477076051208606,35.27850522673328,36.16862180751236,4088700
2022-03-28,37.20855712890625,37.38481477123496,35.61339991539881,35.798472456983376,4388300
2022-04-04,36.37063217163086,37.47545084790593,36.14082799884779,37.47545084790593,4565500
2022-04-11,35.274654388427734,36.52973029410008,34.92111102500582,36.264571085713946,3996000
2022-04-18,36.034767150878906,37.55499876214596,34.99181802756394,35.2569738414354,4732800
2022-04-25,32.985469818115234,36.21154206228652,32.92360023505568,36.096639963044744,6633000
2022-05-02,30.96819305419922,33.672257307369456,30.516036040891123,33.08711552346367,9148700
2022-05-09,30.55150032043457,31.73951587988994,29.691521305700295,30.711084752453143,10246100
2022-05-16,28.680818557739258,30.89726522779729,28.077946483935744,30.59582834538823,7785600
2022-05-23,29.505348205566406,29.76245692871607,27.91837266586817,28.946805867451562,7453900
2022-05-30,29.42862319946289,30.078241634978497,29.126060862885822,29.57990606507966,4610400
2022-06-06,28.556528091430664,30.816846170321877,28.520931729245937,29.722283493061003,7223100
2022-06-13,26.999217987060547,28.325151685767477,26.803443122578386,27.91580377894269,7237100
2022-06-20,28.645511627197266,28.85018558937365,26.87463528744466,27.150500266783595,5675300
2022-06-27,27.97810173034668,29.117159898844104,27.3551789496799,28.66331475228651,6597600
2022-07-04,27.299962997436523,28.264752214375743,27.25529750838198,27.90742319030181,4852600
2022-07-11,26.638906478881836,27.371431475752487,26.29051085936515,27.237433291621407,6059800
2022-07-18,27.898487091064453,28.220084034000212,26.290505784143704,26.942631403870973,6196800
2022-07-25,29.283143997192383,29.309946020161785,27.675162337139035,27.90742665761419,6216300
2022-08-01,29.351655960083008,29.907659491974815,29.04675013531337,29.2081710673061,7564800
2022-08-08,31.127277374267578,31.127277374267578,29.387522924481882,29.557910135956806,4712800
2022-08-15,30.221529006958008,31.584636926391997,30.095980178488258,31.06450215593275,6554700
2022-08-22,28.670095443725586,30.015269005599627,28.53557860068052,30.015269005599627,4359900
2022-08-29,27.127634048461914,28.87635824982532,27.046923595446707,28.472805984749282,5544000
2022-09-05,28.71711540222168,28.852148518432784,27.123720166628683,27.258754999879017,3073500
2022-09-12,27.870906829833984,29.30226172074624,27.168733898696196,28.88815991182286,10348800
2022-09-19,26.62859535217285,28.19498311206078,26.43954935287697,27.654848987296898,7717700
2022-09-26,25.593334197998047,26.484554554177784,24.945172690202813,26.430541667541082,8254700
2022-10-03,24.74323272705078,27.03946161483931,24.535305097524297,25.99983036438915,7388200
2022-10-10,25.041561126708984,26.424722025636232,24.01096865822523,24.924036592265626,8241600
2022-10-17,25.63822364807129,27.0937069320042,24.96924342158554,25.701505305073265,7715400
2022-10-24,28.63054847717285,28.775192726514096,25.42125182400775,25.78286244736086,10156800
2022-10-31,28.745119094848633,29.525692668567658,27.75578584179963,28.38206141739844,8425200
2022-11-07,29.8978271484375,30.7328624073905,28.1460736298988,28.88126564667793,8810200
2022-11-14,29.73445701599121,29.98860004169498,28.908501704031607,29.77076365714773,5706600
2022-11-21,29.716299057006836,29.870597046271907,29.425849469324426,29.56199760535084,2887200
2022-11-28,30.006744384765625,30.46056687627054,28.155147788451774,29.598303449933034,5107300
2022-12-05,30.196752548217773,30.415439072939996,29.05776819757043,29.859614153679388,3708400
2022-12-12,29.61359405517578,31.681990118599675,29.23089696966613,30.32431920021056,6538000
2022-12-19,29.97807502746582,30.050968231878738,29.057773555929373,29.568039890439927,4008400
2022-12-26,29.440475463867188,30.342549328886623,29.139781858257255,29.968962515674548,3031700
2023-01-02,30.66814613342285,31.052300105376805,29.259589129319632,29.918135057199407,4214600
2023-01-09,32.003517150878906,32.47913077438486,30.091903760764403,30.72300927161534,4360300
2023-01-16,31.555343627929688,32.277916102012135,30.85106452536749,32.058399132873014,4956100
2023-01-23,32.7443962097168,32.94561987705886,31.335837516532468,31.54620961735648,4615500
2023-01-30,33.20170974731445,33.97916236084198,31.948643415452675,32.387673878679344,5355100
2023-02-06,32.031253814697266,33.61904900134193,31.7650907050807,33.04083343589659,4579400
2023-02-13,32.54522705078125,33.077553383801636,31.810986851040575,32.12303937357204,5168300
2023-02-20,31.306188583374023,32.47179612134794,30.9574232685857,32.29741171338753,3721900
2023-02-27,31.397977828979492,31.664141014006997,30.03045601828478,31.4805800760179,5387400
2023-03-06,28.895610809326172,31.622134059778773,28.56400617912072,31.612920867937984,5529200
2023-03-13,29.393020629882812,30.36941180449367,28.674544403510986,28.683755839901863,7673600
2023-03-20,30.129911422729492,30.4246702955578,29.144310782871784,29.577239414627147,7106300
2023-03-27,31.15236473083496,31.21684302899843,30.047016954912568,30.387834832409418,6076500
2023-04-03,30.620513916015625,31.46183830882619,30.426362946938898,31.08278014342388,4022700
2023-04-10,29.917869567871094,30.60202158119578,29.72371860680419,30.47258760715118,5901800
2023-04-17,31.526546478271484,31.86862593015355,29.964088336415834,29.973332106580823,5602200
2023-04-24,31.313915252685547,31.840898503369367,30.50032917990344,31.655994822071758,6792600
2023-05-01,32.618228912353516,33.31420816192066,30.873639935590493,31.411862047823654,52769000
2023-05-08,32.21920394897461,33.01726080631819,32.02432704804302,32.44191535013372,7518000
2023-05-15,31.94080352783203,32.46975097339659,31.61601465242096,32.22847620314844,5693500
2023-05-22,31.80161476135254,32.30272070990784,31.01283609271539,32.08000577501644,5093900
2023-05-29,33.332763671875,33.49052080532071,31.783051613536312,31.866569263023237,5949800
2023-06-05,33.583221435546875,34.10475558134281,32.89404674657878,33.35039267683514,7679300
2023-06-12,34.076812744140625,34.53315861382619,33.08961765926673,33.54596352895229,9232700
2023-06-19,31.92548370361328,33.89987447221786,31.599524806888034,33.89987447221786,29843100
2023-06-26,33.41558074951172,33.59252930759669,31.990666487956506,32.037235076696604,6260300
2023-07-03,33.53282165527344,34.5515167398015,33.15898722300375,33.458053342759754,4055900
2023-07-10,35.33656692504883,35.373947516928105,33.252448300215164,33.50478244728542,7773600
2023-07-17,35.57955551147461,35.73843639044909,34.439363719931855,35.36460196416151,6330600
2023-07-24,33.95338821411133,36.28984475848509,33.80385157272764,35.58890779517296,5303200
2023-07-31,33.691131591796875,34.413151812445825,32.9784866776776,34.08495885197121,5279900
2023-08-07,33.541099548339844,34.31000340748805,33.10976393506076,33.747392049036705,5302200
2023-08-14,32.90347671508789,33.65362650574751,32.40650314946271,33.52235073950662,4463000
2023-08-21,34.11308670043945,34.49753859519749,32.40649501375789,32.800322213609576,5169500
2023-08-28,34.581939697265625,34.79760754080297,34.17873350982734,34.234992509100145,4777200
2023-09-04,34.41534423828125,35.017471034468066,33.82262410311537,34.50001495434614,4783200
2023-09-11,34.49061965942383,34.7070088238028,33.89789932893187,34.481212995303,5685600
2023-09-18,32.67481994628906,34.72581673273725,32.61836920932807,34.43415997521073,4543700
2023-09-25,32.46783447265625,33.07937150469493,31.771626726508757,32.4772447224186,5302400
2023-10-02,32.340152740478516,32.69896420279652,31.14097000224334,32.48178988670417,3533200
2023-10-09,32.472347259521484,33.54877810317684,32.10409498163754,32.10409498163754,4354900
2023-10-16,30.763275146484375,33.49212233495148,30.725504762772918,32.72728827371365,6965200
2023-10-23,30.442235946655273,31.018218124485447,29.92290394487633,30.52721751420108,7155800
2023-10-30,33.38825607299805,34.20974211993266,30.16840465475601,30.508330909206773,8745900
2023-11-06,32.776798248291016,33.468731344018536,32.31234812376827,33.42133574388896,3743600
2023-11-13,33.895259857177734,34.21753038470478,32.217561339867075,32.51139378664598,4604800
2023-11-20,34.075355529785156,34.217531474950576,33.55403649929242,33.81943448955568,3254300
2023-11-27,34.501888275146484,34.58719528281586,33.544553676214996,33.95213119999356,8175600
2023-12-04,34.44944381713867,35.06766741951176,34.0404633959553,34.49699892067171,5959800
2023-12-11,36.77016067504883,37.236209317557396,34.354324095966085,34.439924718948426,9703700
2023-12-18,36.95087814331055,37.26474836017796,36.3992324066946,36.83674516818688,6473000
2023-12-25,37.34083938598633,37.66421920340297,36.93186255017507,36.95088169100351,3760000
2024-01-01,36.74237060546875,37.791882252422745,36.30348570345565,37.35299735040965,5271300
2024-01-08,36.799617767333984,37.314832375647384,36.322568012881014,36.809160800599486,5434000
2024-01-15,36.27487564086914,36.72330372153165,35.11087269426535,36.484778766217886,4452800
2024-01-22,36.2367057800293,37.07631452609948,35.69286924803877,36.43706584137286,4693800
2024-01-29,35.883689880371094,36.51339552943482,34.93912958697477,36.32257486374247,4944800
2024-02-05,35.9231071472168,36.17197698207181,35.08078802512749,35.51151781765128,5007900
2024-02-12,37.42588806152344,37.569467103356835,34.65005701413366,35.9422537851674,9696700
2024-02-19,36.669715881347656,37.58861153292832,36.57399530220379,37.09087547548044,4226700
2024-02-26,35.91354751586914,36.62186169811563,35.09993884807503,36.55485910388603,6506600
2024-03-04,36.311222076416016,36.34963370185647,35.29323890083049,35.95588614909403,5433400
2024-03-11,35.73501205444336,36.82022040661132,35.40848934952045,36.272815234164746,7377300
2024-03-18,36.70497512817383,36.92585757735342,35.32205382759325,35.71580143934541,4914400
2024-03-25,36.91624069213867,37.06029617162264,36.061520794690765,36.762583223647844,4270300
2024-04-01,36.14143371582031,37.10494838745581,35.50551417956155,37.10494838745581,3791000
2024-04-08,35.736759185791016,36.989327519180556,35.52478478264993,36.295595782003744,3962600
2024-04-15,33.65557098388672,35.987274947363254,32.865489171839535,35.987274947363254,6470400
2024-04-22,33.22198486328125,34.4263781820292,32.88475620423851,33.73264645426503,6251100
2024-04-29,33.934993743896484,34.67690060963639,32.84622094866598,33.40505764299839,6639500
2024-05-06,34.2498664855957,34.5786344255508,33.543983138654674,34.30788565923788,5324800
2024-05-13,35.178157806396484,35.40055912455587,34.06614752692398,34.36590774983911,4555000
2024-05-20,33.95011520385742,35.38122184262419,33.87275629375745,35.100801326525584,3458000
2024-05-27,33.90176773071289,34.24987176014885,33.002490688482645,34.12416906424525,3663800
2024-06-03,34.10990524291992,34.25546448880768,33.42091148583419,34.10990524291992,4435800
2024-06-10,33.92552947998047,34.99298259939225,33.53736773804711,33.9061208376108,4863000
2024-06-17,34.41072463989258,34.74066406263065,33.66350877952051,33.731437157570795,5223300
2024-06-24,34.992977142333984,35.21617094204871,33.83818716325501,34.45924881495154,6875600
2024-07-01,35.10619354248047,35.43729233343281,34.50242647009446,34.99907279910961,3294300
2024-07-08,36.61560821533203,36.936970402741615,34.28818042709738,35.15487910490933,6674400
2024-07-15,38.115299224853516,38.611949309954944,36.713000313349006,36.839597903743275,8087400
2024-07-22,39.37152862548828,39.61498353723885,38.20294430612012,38.47561261853607,6307500
2024-07-29,39.254661560058594,40.54010287770733,38.94303964758776,39.38125540805684,5375900
2024-08-05,38.748268127441406,39.0901381339535,37.15614376299222,37.6738280522617,4875400
2024-08-12,38.42593765258789,39.021764936026976,37.98639262988176,38.58221991332085,3607400
2024-08-19,39.5101432800293,39.705497016761306,38.36732634208772,38.396631824538225,4050600
2024-08-26,39.637123107910156,39.80317135942719,38.924081421800096,39.80317135942719,3388400
2024-09-02,38.33843994140625,39.6807251531655,38.191472797678934,39.37699480030958,3470100
2024-09-09,39.23002624511719,39.23982230923273,37.66239062205579,38.348230973549576,4796500
2024-09-16,38.299251556396484,39.58275301301072,38.18168007364351,39.28881869983323,6107400
2024-09-23,38.44620895385742,38.99487822578459,38.13267885021877,38.47560088270235,4567400
2024-09-30,36.9079704284668,38.55398594737275,36.87857849554943,38.142483936411075,4410700
2024-10-07,36.59157180786133,36.99454089306834,35.97237412839815,36.80780040211749,3754000
2024-10-14,37.879112243652344,38.5376212016606,36.424491915443234,36.6112324223525,5741200
2024-10-21,36.41465377807617,37.69236020463854,36.385169427621236,37.613734020331506,4810000
2024-10-28,36.23773956298828,37.63339086629403,36.23773956298828,36.6407085926005,5434700
2024-11-04,36.85894012451172,37.667509380530944,35.93204090796135,36.44479278569682,6166300
2024-11-11,35.70524215698242,37.39140434817386,35.261514274689546,36.78991073164517,5582300
2024-11-18,35.97147750854492,36.07008579056718,35.22207337278249,35.50802798684367,5372200
2024-11-25,36.27716064453125,37.164612689536966,35.97148058638923,36.15883069597982,4012700
2024-12-02,35.407737731933594,36.34759179728243,35.041686883206516,36.34759179728243,5661300
2024-12-09,35.546241760253906,36.39705693837454,35.0713689623629,35.46709440696198,4855700
2024-12-16,33.577491760253906,35.8232467617391,32.82561084064167,35.41762604708911,8622400
2024-12-23,33.49835205078125,34.1216242655384,33.26091375860351,33.39941785655985,2534700
2024-12-30,33.02347946166992,33.58739116367301,32.44967245320158,33.359848176369454,5389900
2025-01-06,32.161224365234375,33.58112438140449,32.04207300232426,33.06479675845595,4061300
2025-01-13,33.710208892822266,34.65349971601389,32.09172066699371,32.27044961403018,6919500
2025-01-20,34.166961669921875,34.71307625679966,32.87614434064148,33.869081330511634,6519600
2025-01-27,33.93858337402344,34.71307294004006,33.42225573409447,34.34568734946213,5898300
2025-02-03,34.53944396972656,34.82843619180166,33.224035553680615,33.413373319128695,5659800
2025-02-10,34.938053131103516,35.605720863774685,34.35010515988129,34.53944291957266,7188100
2025-02-17,35.07756423950195,35.30676377197313,34.68892138872784,34.87825914126615,3699700
2025-02-24,35.85485076904297,35.90467609439539,35.077565049544965,35.16725215575078,7258300
2025-03-03,36.779998779296875,37.209999084472656,35.810001373291016,36.06999969482422,7497400
2025-03-10,35.45000076293945,37.5,34.880001068115234,36.959999084472656,8971200
2025-03-17,34.02000045776367,36.02000045776367,34.0,35.290000915527344,9137000
2025-03-24,35.59000015258789,35.93000030517578,33.97999954223633,34.2400016784668,7560900
2025-03-31,35.90999984741211,36.18000030517578,35.4900016784668,35.4900016784668,710675
